doi,split,year,journal_rank,primary_theme,has_local_fulltext
https://doi.org/10.1002/2015ef000334,train,2016,7,dynamics-weather-systems,false
https://doi.org/10.1002/2015ef000338,train,2016,7,dynamics-weather-systems,false
https://doi.org/10.1002/2015ef000347,development,2016,7,dynamics-weather-systems,false
https://doi.org/10.1002/2015gl067492,train,2016,4,dynamics-weather-systems,true
https://doi.org/10.1002/2015jd023257,train,2016,5,cloud-precipitation-microphysics,false
https://doi.org/10.1002/2015jd023718,train,2016,5,atmospheric-radiation,false
https://doi.org/10.1002/2015jd023744,train,2016,5,cloud-precipitation-microphysics,false
https://doi.org/10.1002/2015jd023929,blind_test,2016,5,climate-variability-change,false
https://doi.org/10.1002/2015jd023977,train,2016,5,dynamics-weather-systems,false
https://doi.org/10.1002/2015jd024020,train,2016,5,atmospheric-chemistry,true
https://doi.org/10.1002/2015jd024027,blind_test,2016,5,cloud-precipitation-microphysics,false
https://doi.org/10.1002/2015jd024131,train,2016,5,remote-sensing-retrieval,false
https://doi.org/10.1002/2015jd024181,development,2016,5,dynamics-weather-systems,false
https://doi.org/10.1002/2015jd024229,train,2016,5,atmospheric-chemistry,true
https://doi.org/10.1002/2015jd024290,train,2016,5,dynamics-weather-systems,false
https://doi.org/10.1002/2015jd024297,train,2016,5,cloud-precipitation-microphysics,false
https://doi.org/10.1002/2015jd024473,train,2016,5,dynamics-weather-systems,false
https://doi.org/10.1002/2015jd024556,train,2016,5,forecasting-predictability,false
https://doi.org/10.1002/2015jd024631,train,2016,5,dynamics-weather-systems,false
https://doi.org/10.1002/2015jd024666,train,2016,5,cloud-precipitation-microphysics,false
https://doi.org/10.1002/2015jd024728,train,2016,5,observations-instruments,false
https://doi.org/10.1002/2016ef000362,train,2016,7,dynamics-weather-systems,false
https://doi.org/10.1002/2016ef000376,train,2016,7,dynamics-weather-systems,false
https://doi.org/10.1002/2016ef000379,train,2016,7,ocean-atmosphere,true
https://doi.org/10.1002/2016ef000417,blind_test,2016,7,dynamics-weather-systems,false
https://doi.org/10.1002/2016ef000445,train,2016,7,atmospheric-radiation,false
https://doi.org/10.1002/2016ef000469,blind_test,2017,7,climate-variability-change,false
https://doi.org/10.1002/2016ef000477,train,2017,7,unclassified,false
https://doi.org/10.1002/2016ef000480,train,2017,7,dynamics-weather-systems,false
https://doi.org/10.1002/2016ef000485,blind_test,2016,7,extremes,false
https://doi.org/10.1002/2016ef000494,train,2017,7,dynamics-weather-systems,false
https://doi.org/10.1002/2016ef000505,train,2017,7,dynamics-weather-systems,false
https://doi.org/10.1002/2016ef000514,train,2017,7,observations-instruments,false
https://doi.org/10.1002/2016ef000518,train,2017,7,unclassified,false
https://doi.org/10.1002/2016ef000525,development,2017,7,climate-variability-change,false
https://doi.org/10.1002/2016ef000531,development,2017,7,dynamics-weather-systems,false
https://doi.org/10.1002/2016gl067745,development,2016,4,cloud-precipitation-microphysics,false
https://doi.org/10.1002/2016gl068070,train,2016,4,extremes,false
https://doi.org/10.1002/2016gl068189,blind_test,2016,4,cloud-precipitation-microphysics,false
https://doi.org/10.1002/2016gl068507,blind_test,2016,4,dynamics-weather-systems,true
https://doi.org/10.1002/2016gl068949,train,2016,4,atmospheric-chemistry,true
https://doi.org/10.1002/2016gl069239,train,2016,4,atmospheric-chemistry,false
https://doi.org/10.1002/2016gl069315,blind_test,2016,4,dynamics-weather-systems,false
https://doi.org/10.1002/2016gl069563,train,2016,4,dynamics-weather-systems,false
https://doi.org/10.1002/2016gl069690,development,2016,4,observations-instruments,false
https://doi.org/10.1002/2016gl069716,train,2016,4,climate-variability-change,false
https://doi.org/10.1002/2016gl069790,train,2016,4,unclassified,false
https://doi.org/10.1002/2016gl070023,train,2016,4,ocean-atmosphere,true
https://doi.org/10.1002/2016gl070319,blind_test,2016,4,dynamics-weather-systems,false
https://doi.org/10.1002/2016gl070709,train,2016,4,statistics-causal-ml,false
https://doi.org/10.1002/2016gl070815,train,2016,4,atmospheric-chemistry,false
https://doi.org/10.1002/2016gl071039,train,2016,4,dynamics-weather-systems,false
https://doi.org/10.1002/2016gl071092,train,2016,4,hydrometeorology,true
https://doi.org/10.1002/2016gl071235,train,2017,4,dynamics-weather-systems,false
https://doi.org/10.1002/2016gl071766,train,2017,4,climate-variability-change,false
https://doi.org/10.1002/2016gl071930,train,2016,4,dynamics-weather-systems,false
https://doi.org/10.1002/2016gl072012,train,2017,4,dynamics-weather-systems,false
https://doi.org/10.1002/2016gl072235,train,2017,4,dynamics-weather-systems,true
https://doi.org/10.1002/2016gl072305,train,2017,4,dynamics-weather-systems,false
https://doi.org/10.1002/2016gl072308,train,2017,4,dynamics-weather-systems,false
https://doi.org/10.1002/2016jd024751,development,2016,5,climate-variability-change,false
https://doi.org/10.1002/2016jd024917,train,2016,5,dynamics-weather-systems,false
https://doi.org/10.1002/2016jd025034,train,2016,5,atmospheric-chemistry,true
https://doi.org/10.1002/2016jd025136,blind_test,2016,5,cloud-precipitation-microphysics,false
https://doi.org/10.1002/2016jd025251,train,2016,5,cloud-precipitation-microphysics,false
https://doi.org/10.1002/2016jd025304,train,2017,5,air-quality-exposure,false
https://doi.org/10.1002/2016jd025311,train,2016,5,cloud-precipitation-microphysics,false
https://doi.org/10.1002/2016jd025320,train,2016,5,dynamics-weather-systems,false
https://doi.org/10.1002/2016jd025357,train,2016,5,dynamics-weather-systems,false
https://doi.org/10.1002/2016jd025418,development,2017,5,cloud-precipitation-microphysics,false
https://doi.org/10.1002/2016jd025428,development,2016,5,cloud-precipitation-microphysics,false
https://doi.org/10.1002/2016jd025482,train,2016,5,dynamics-weather-systems,false
https://doi.org/10.1002/2016jd025606,train,2016,5,dynamics-weather-systems,false
https://doi.org/10.1002/2016jd025740,train,2017,5,dynamics-weather-systems,false
https://doi.org/10.1002/2016jd025753,train,2017,5,dynamics-weather-systems,false
https://doi.org/10.1002/2016jd025855,blind_test,2017,5,dynamics-weather-systems,false
https://doi.org/10.1002/2016jd025951,train,2017,5,dynamics-weather-systems,false
https://doi.org/10.1002/2016jd026315,train,2017,5,atmospheric-chemistry,false
https://doi.org/10.1002/2016jd026424,train,2017,5,dynamics-weather-systems,false
https://doi.org/10.1002/2017ef000536,train,2018,7,air-quality-exposure,false
https://doi.org/10.1002/2017ef000592,blind_test,2017,7,dynamics-weather-systems,false
https://doi.org/10.1002/2017ef000606,train,2017,7,climate-variability-change,false
https://doi.org/10.1002/2017ef000632,train,2017,7,unclassified,false
https://doi.org/10.1002/2017ef000649,train,2018,7,unclassified,false
https://doi.org/10.1002/2017ef000659,development,2017,7,atmospheric-chemistry,false
https://doi.org/10.1002/2017ef000663,train,2017,7,dynamics-weather-systems,true
https://doi.org/10.1002/2017ef000672,train,2017,7,air-quality-exposure,false
https://doi.org/10.1002/2017ef000686,blind_test,2018,7,dynamics-weather-systems,false
https://doi.org/10.1002/2017ef000704,train,2018,7,unclassified,false
https://doi.org/10.1002/2017ef000710,blind_test,2018,7,air-quality-exposure,false
https://doi.org/10.1002/2017ef000715,train,2018,7,cloud-precipitation-microphysics,false
https://doi.org/10.1002/2017ef000735,development,2018,7,climate-variability-change,false
https://doi.org/10.1002/2017ef000766,train,2018,7,cloud-precipitation-microphysics,false
https://doi.org/10.1002/2017gl072630,train,2017,4,dynamics-weather-systems,false
https://doi.org/10.1002/2017gl072874,train,2017,4,observations-instruments,false
https://doi.org/10.1002/2017gl072955,development,2017,4,dynamics-weather-systems,false
https://doi.org/10.1002/2017gl073023,train,2017,4,atmospheric-chemistry,false
https://doi.org/10.1002/2017gl073160,blind_test,2017,4,observations-instruments,true
https://doi.org/10.1002/2017gl073210,train,2017,4,cloud-precipitation-microphysics,false
https://doi.org/10.1002/2017gl073426,development,2017,4,climate-variability-change,true
https://doi.org/10.1002/2017gl073524,train,2017,4,dynamics-weather-systems,true
https://doi.org/10.1002/2017gl073551,train,2017,4,observations-instruments,true
https://doi.org/10.1002/2017gl073773,blind_test,2017,4,observations-instruments,true
https://doi.org/10.1002/2017gl074084,train,2017,4,air-quality-exposure,false
https://doi.org/10.1002/2017gl074117,development,2017,4,climate-variability-change,false
https://doi.org/10.1002/2017gl074677,train,2017,4,statistics-causal-ml,false
https://doi.org/10.1002/2017gl074702,development,2017,4,dynamics-weather-systems,false
https://doi.org/10.1002/2017gl074954,train,2017,4,atmospheric-chemistry,false
https://doi.org/10.1002/2017gl075571,train,2018,4,dynamics-weather-systems,true
https://doi.org/10.1002/2017gl075619,blind_test,2017,4,forecasting-predictability,true
https://doi.org/10.1002/2017gl075710,development,2017,4,forecasting-predictability,false
https://doi.org/10.1002/2017gl075722,train,2017,4,dynamics-weather-systems,true
https://doi.org/10.1002/2017gl075860,development,2018,4,atmospheric-chemistry,false
https://doi.org/10.1002/2017gl075888,development,2017,4,dynamics-weather-systems,false
https://doi.org/10.1002/2017gl076101,train,2017,4,observations-instruments,true
https://doi.org/10.1002/2017gl076164,train,2018,4,dynamics-weather-systems,true
https://doi.org/10.1002/2017gl076350,train,2018,4,climate-variability-change,true
https://doi.org/10.1002/2017gl076521,train,2018,4,dynamics-weather-systems,false
https://doi.org/10.1002/2017gl076644,train,2018,4,atmospheric-chemistry,false
https://doi.org/10.1002/2017gl076803,blind_test,2018,4,dynamics-weather-systems,false
https://doi.org/10.1002/2017jd026577,train,2017,5,dynamics-weather-systems,false
https://doi.org/10.1002/2017jd026720,train,2017,5,atmospheric-chemistry,false
https://doi.org/10.1002/2017jd026781,train,2017,5,atmospheric-chemistry,false
https://doi.org/10.1002/2017jd026844,development,2017,5,cloud-precipitation-microphysics,true
https://doi.org/10.1002/2017jd026868,blind_test,2017,5,aerosols,false
https://doi.org/10.1002/2017jd026874,development,2017,5,atmospheric-chemistry,true
https://doi.org/10.1002/2017jd026930,train,2017,5,forecasting-predictability,false
https://doi.org/10.1002/2017jd027006,train,2017,5,dynamics-weather-systems,false
https://doi.org/10.1002/2017jd027176,train,2017,5,dynamics-weather-systems,false
https://doi.org/10.1002/2017jd027180,train,2017,5,dynamics-weather-systems,false
https://doi.org/10.1002/2017jd027418,train,2018,5,cloud-precipitation-microphysics,false
https://doi.org/10.1002/2017jd027460,blind_test,2018,5,dynamics-weather-systems,false
https://doi.org/10.1002/2017jd027661,train,2018,5,dynamics-weather-systems,false
https://doi.org/10.1002/2017jd027889,train,2018,5,remote-sensing-retrieval,false
https://doi.org/10.1002/2018ef000813,train,2018,7,climate-variability-change,false
https://doi.org/10.1002/2018gl077259,train,2018,4,dynamics-weather-systems,false
https://doi.org/10.1002/2018gl077312,train,2018,4,unclassified,true
https://doi.org/10.1002/2018jd028336,train,2018,5,atmospheric-chemistry,false
https://doi.org/10.1002/asl.1002,train,2020,24,dynamics-weather-systems,false
https://doi.org/10.1002/asl.1005,development,2020,24,forecasting-predictability,false
https://doi.org/10.1002/asl.1009,train,2020,24,forecasting-predictability,false
https://doi.org/10.1002/asl.1013,train,2020,24,air-quality-exposure,false
https://doi.org/10.1002/asl.1015,blind_test,2020,24,climate-variability-change,false
https://doi.org/10.1002/asl.1017,train,2020,24,dynamics-weather-systems,false
https://doi.org/10.1002/asl.1019,train,2020,24,dynamics-weather-systems,false
https://doi.org/10.1002/asl.1020,train,2021,24,atmospheric-chemistry,true
https://doi.org/10.1002/asl.1032,train,2021,24,remote-sensing-retrieval,false
https://doi.org/10.1002/asl.1041,train,2021,24,dynamics-weather-systems,false
https://doi.org/10.1002/asl.1043,blind_test,2021,24,unclassified,false
https://doi.org/10.1002/asl.1072,train,2021,24,climate-variability-change,false
https://doi.org/10.1002/asl.1087,train,2022,24,climate-variability-change,true
https://doi.org/10.1002/asl.1088,development,2022,24,cloud-precipitation-microphysics,false
https://doi.org/10.1002/asl.1094,train,2022,24,dynamics-weather-systems,false
https://doi.org/10.1002/asl.1120,train,2022,24,dynamics-weather-systems,false
https://doi.org/10.1002/asl.1130,development,2022,24,dynamics-weather-systems,true
https://doi.org/10.1002/asl.1151,train,2023,24,dynamics-weather-systems,false
https://doi.org/10.1002/asl.1159,train,2023,24,dynamics-weather-systems,true
https://doi.org/10.1002/asl.1180,train,2023,24,climate-variability-change,false
https://doi.org/10.1002/asl.1195,train,2023,24,observations-instruments,true
https://doi.org/10.1002/asl.1254,train,2024,24,air-quality-exposure,false
https://doi.org/10.1002/asl.645,train,2016,24,dynamics-weather-systems,false
https://doi.org/10.1002/asl.653,train,2016,24,climate-variability-change,false
https://doi.org/10.1002/asl.654,development,2016,24,cloud-precipitation-microphysics,false
https://doi.org/10.1002/asl.657,train,2016,24,dynamics-weather-systems,false
https://doi.org/10.1002/asl.658,development,2016,24,forecasting-predictability,false
https://doi.org/10.1002/asl.660,train,2016,24,dynamics-weather-systems,false
https://doi.org/10.1002/asl.669,train,2016,24,dynamics-weather-systems,false
https://doi.org/10.1002/asl.671,train,2016,24,cloud-precipitation-microphysics,false
https://doi.org/10.1002/asl.677,development,2016,24,climate-variability-change,false
https://doi.org/10.1002/asl.679,blind_test,2016,24,dynamics-weather-systems,false
https://doi.org/10.1002/asl.680,train,2016,24,cloud-precipitation-microphysics,false
https://doi.org/10.1002/asl.685,train,2016,24,dynamics-weather-systems,false
https://doi.org/10.1002/asl.690,train,2016,24,remote-sensing-retrieval,false
https://doi.org/10.1002/asl.694,train,2016,24,dynamics-weather-systems,true
https://doi.org/10.1002/asl.715,blind_test,2016,24,dynamics-weather-systems,false
https://doi.org/10.1002/asl.721,train,2017,24,dynamics-weather-systems,false
https://doi.org/10.1002/asl.726,train,2017,24,dynamics-weather-systems,false
https://doi.org/10.1002/asl.732,train,2017,24,observations-instruments,false
https://doi.org/10.1002/asl.734,development,2017,24,dynamics-weather-systems,false
https://doi.org/10.1002/asl.735,train,2017,24,climate-variability-change,false
https://doi.org/10.1002/asl.736,train,2017,24,unclassified,false
https://doi.org/10.1002/asl.740,blind_test,2017,24,dynamics-weather-systems,false
https://doi.org/10.1002/asl.745,train,2017,24,dynamics-weather-systems,false
https://doi.org/10.1002/asl.747,train,2017,24,forecasting-predictability,false
https://doi.org/10.1002/asl.753,train,2017,24,dynamics-weather-systems,false
https://doi.org/10.1002/asl.757,train,2017,24,dynamics-weather-systems,false
https://doi.org/10.1002/asl.764,train,2017,24,cloud-precipitation-microphysics,false
https://doi.org/10.1002/asl.765,train,2017,24,cloud-precipitation-microphysics,false
https://doi.org/10.1002/asl.766,train,2017,24,dynamics-weather-systems,false
https://doi.org/10.1002/asl.781,train,2017,24,climate-variability-change,false
https://doi.org/10.1002/asl.784,train,2017,24,climate-variability-change,false
https://doi.org/10.1002/asl.785,train,2017,24,dynamics-weather-systems,false
https://doi.org/10.1002/asl.793,development,2017,24,observations-instruments,false
https://doi.org/10.1002/asl.794,train,2017,24,dynamics-weather-systems,false
https://doi.org/10.1002/asl.796,blind_test,2017,24,forecasting-predictability,false
https://doi.org/10.1002/asl.803,train,2018,24,cloud-precipitation-microphysics,false
https://doi.org/10.1002/asl.804,train,2018,24,dynamics-weather-systems,false
https://doi.org/10.1002/asl.808,train,2018,24,dynamics-weather-systems,false
https://doi.org/10.1002/asl.809,train,2018,24,dynamics-weather-systems,false
https://doi.org/10.1002/asl.810,train,2018,24,dynamics-weather-systems,false
https://doi.org/10.1002/asl.816,development,2018,24,atmospheric-chemistry,false
https://doi.org/10.1002/asl.817,train,2018,24,cloud-precipitation-microphysics,false
https://doi.org/10.1002/asl.823,train,2018,24,dynamics-weather-systems,false
https://doi.org/10.1002/asl.844,blind_test,2018,24,dynamics-weather-systems,true
https://doi.org/10.1002/asl.853,train,2018,24,climate-variability-change,false
https://doi.org/10.1002/asl.855,train,2018,24,climate-variability-change,false
https://doi.org/10.1002/asl.856,blind_test,2018,24,dynamics-weather-systems,false
https://doi.org/10.1002/asl.858,development,2018,24,dynamics-weather-systems,false
https://doi.org/10.1002/asl.860,train,2018,24,dynamics-weather-systems,false
https://doi.org/10.1002/asl.865,blind_test,2018,24,dynamics-weather-systems,false
https://doi.org/10.1002/asl.872,train,2018,24,dynamics-weather-systems,false
https://doi.org/10.1002/asl.878,development,2018,24,atmospheric-chemistry,false
https://doi.org/10.1002/asl.891,train,2019,24,dynamics-weather-systems,false
https://doi.org/10.1002/asl.893,train,2019,24,dynamics-weather-systems,false
https://doi.org/10.1002/asl.896,blind_test,2019,24,remote-sensing-retrieval,false
https://doi.org/10.1002/asl.906,blind_test,2019,24,cloud-precipitation-microphysics,false
https://doi.org/10.1002/asl.921,train,2019,24,forecasting-predictability,false
https://doi.org/10.1002/asl.922,train,2019,24,dynamics-weather-systems,false
https://doi.org/10.1002/asl.925,train,2019,24,unclassified,false
https://doi.org/10.1002/asl.926,train,2019,24,climate-variability-change,false
https://doi.org/10.1002/asl.927,train,2019,24,dynamics-weather-systems,false
https://doi.org/10.1002/asl.928,development,2019,24,cloud-precipitation-microphysics,false
https://doi.org/10.1002/asl.932,train,2019,24,cloud-precipitation-microphysics,false
https://doi.org/10.1002/asl.933,train,2019,24,dynamics-weather-systems,false
https://doi.org/10.1002/asl.939,train,2019,24,dynamics-weather-systems,false
https://doi.org/10.1002/asl.941,train,2019,24,dynamics-weather-systems,false
https://doi.org/10.1002/asl.944,train,2020,24,cloud-precipitation-microphysics,false
https://doi.org/10.1002/asl.947,blind_test,2019,24,air-quality-exposure,false
https://doi.org/10.1002/asl.948,train,2020,24,dynamics-weather-systems,false
https://doi.org/10.1002/asl.952,development,2020,24,dynamics-weather-systems,true
https://doi.org/10.1002/asl.957,development,2020,24,cloud-precipitation-microphysics,false
https://doi.org/10.1002/asl.958,blind_test,2020,24,climate-variability-change,false
https://doi.org/10.1002/asl.960,train,2020,24,dynamics-weather-systems,false
https://doi.org/10.1002/asl.964,blind_test,2020,24,dynamics-weather-systems,false
https://doi.org/10.1002/asl.975,train,2020,24,cloud-precipitation-microphysics,false
https://doi.org/10.1002/asl.978,train,2020,24,observations-instruments,true
https://doi.org/10.1002/asl.981,train,2020,24,dynamics-weather-systems,false
https://doi.org/10.1002/asl.984,train,2020,24,dynamics-weather-systems,true
https://doi.org/10.1002/joc.4596,train,2016,28,cloud-precipitation-microphysics,false
https://doi.org/10.1002/joc.4608,train,2016,28,climate-variability-change,false
https://doi.org/10.1002/joc.4630,development,2016,28,climate-variability-change,false
https://doi.org/10.1002/joc.4639,development,2016,28,dynamics-weather-systems,false
https://doi.org/10.1002/joc.4651,blind_test,2016,28,forecasting-predictability,false
https://doi.org/10.1002/joc.4659,train,2016,28,dynamics-weather-systems,false
https://doi.org/10.1002/joc.4671,train,2016,28,dynamics-weather-systems,false
https://doi.org/10.1002/joc.4673,train,2016,28,dynamics-weather-systems,true
https://doi.org/10.1002/joc.4680,train,2016,28,climate-variability-change,false
https://doi.org/10.1002/joc.4688,blind_test,2016,28,dynamics-weather-systems,false
https://doi.org/10.1002/joc.4693,development,2016,28,dynamics-weather-systems,false
https://doi.org/10.1002/joc.4706,train,2016,28,cloud-precipitation-microphysics,false
https://doi.org/10.1002/joc.4717,train,2016,28,air-quality-exposure,false
https://doi.org/10.1002/joc.4719,blind_test,2016,28,cloud-precipitation-microphysics,false
https://doi.org/10.1002/joc.4747,blind_test,2016,28,remote-sensing-retrieval,true
https://doi.org/10.1002/joc.4751,development,2016,28,climate-variability-change,false
https://doi.org/10.1002/joc.4761,train,2016,28,cloud-precipitation-microphysics,false
https://doi.org/10.1002/joc.4762,train,2016,28,forecasting-predictability,false
https://doi.org/10.1002/joc.4766,train,2016,28,remote-sensing-retrieval,false
https://doi.org/10.1002/joc.4775,train,2016,28,climate-variability-change,true
https://doi.org/10.1002/joc.4819,train,2016,28,numerical-weather-prediction,false
https://doi.org/10.1002/joc.4829,train,2016,28,cloud-precipitation-microphysics,false
https://doi.org/10.1002/joc.4831,train,2016,28,dynamics-weather-systems,false
https://doi.org/10.1002/joc.4840,development,2016,28,cloud-precipitation-microphysics,false
https://doi.org/10.1002/joc.4866,blind_test,2016,28,cloud-precipitation-microphysics,false
https://doi.org/10.1002/joc.4940,development,2016,28,land-atmosphere,false
https://doi.org/10.1002/joc.4986,train,2017,28,cloud-precipitation-microphysics,false
https://doi.org/10.1002/joc.4988,train,2017,28,dynamics-weather-systems,false
https://doi.org/10.1002/joc.5023,train,2017,28,air-quality-exposure,false
https://doi.org/10.1002/joc.5038,train,2017,28,observations-instruments,false
https://doi.org/10.1002/joc.5060,blind_test,2017,28,climate-variability-change,false
https://doi.org/10.1002/joc.5064,train,2017,28,forecasting-predictability,false
https://doi.org/10.1002/joc.5079,train,2017,28,dynamics-weather-systems,false
https://doi.org/10.1002/joc.5086,development,2017,28,remote-sensing-retrieval,false
https://doi.org/10.1002/joc.5107,train,2017,28,dynamics-weather-systems,false
https://doi.org/10.1002/joc.5131,blind_test,2017,28,cloud-precipitation-microphysics,false
https://doi.org/10.1002/joc.5138,blind_test,2017,28,climate-variability-change,false
https://doi.org/10.1002/joc.5185,development,2017,28,dynamics-weather-systems,false
https://doi.org/10.1002/joc.5204,train,2017,28,dynamics-weather-systems,false
https://doi.org/10.1002/joc.5224,train,2017,28,dynamics-weather-systems,false
https://doi.org/10.1002/joc.5225,train,2017,28,climate-variability-change,false
https://doi.org/10.1002/joc.5246,train,2017,28,cloud-precipitation-microphysics,false
https://doi.org/10.1002/joc.5249,train,2017,28,observations-instruments,false
https://doi.org/10.1002/joc.5252,train,2017,28,cloud-precipitation-microphysics,false
https://doi.org/10.1002/joc.5282,train,2017,28,atmospheric-radiation,false
https://doi.org/10.1002/joc.5286,development,2017,28,dynamics-weather-systems,false
https://doi.org/10.1002/joc.5291,train,2017,28,climate-variability-change,false
https://doi.org/10.1002/joc.5294,train,2017,28,dynamics-weather-systems,false
https://doi.org/10.1002/joc.5314,train,2017,28,remote-sensing-retrieval,false
https://doi.org/10.1002/joc.5320,development,2017,28,aerosols,false
https://doi.org/10.1002/joc.5331,blind_test,2017,28,observations-instruments,false
https://doi.org/10.1002/joc.5362,train,2017,28,dynamics-weather-systems,false
https://doi.org/10.1002/joc.5371,blind_test,2017,28,land-atmosphere,false
https://doi.org/10.1002/joc.5388,train,2018,28,dynamics-weather-systems,false
https://doi.org/10.1002/joc.5411,train,2018,28,dynamics-weather-systems,false
https://doi.org/10.1002/joc.5447,blind_test,2018,28,remote-sensing-retrieval,false
https://doi.org/10.1002/joc.5462,train,2018,28,forecasting-predictability,true
https://doi.org/10.1002/joc.5510,train,2018,28,cloud-precipitation-microphysics,false
https://doi.org/10.1002/joc.5668,train,2018,28,dynamics-weather-systems,false
https://doi.org/10.1002/joc.5669,train,2018,28,cloud-precipitation-microphysics,false
https://doi.org/10.1002/joc.5688,train,2018,28,climate-variability-change,false
https://doi.org/10.1002/joc.5705,train,2018,28,forecasting-predictability,false
https://doi.org/10.1002/joc.5777,development,2018,28,cloud-precipitation-microphysics,false
https://doi.org/10.1002/joc.5818,blind_test,2018,28,aerosols,false
https://doi.org/10.1002/joc.5833,development,2018,28,land-atmosphere,false
https://doi.org/10.1002/joc.5863,train,2018,28,climate-variability-change,false
https://doi.org/10.1002/joc.5893,blind_test,2018,28,atmospheric-chemistry,true
https://doi.org/10.1002/joc.5902,development,2018,28,dynamics-weather-systems,false
https://doi.org/10.1002/joc.5922,train,2018,28,climate-variability-change,false
https://doi.org/10.1002/joc.5958,train,2018,28,climate-variability-change,false
https://doi.org/10.1002/joc.5972,train,2018,28,dynamics-weather-systems,false
https://doi.org/10.1002/joc.5975,train,2018,28,cloud-precipitation-microphysics,false
https://doi.org/10.1002/joc.6096,train,2019,28,dynamics-weather-systems,false
https://doi.org/10.1002/joc.6219,train,2019,28,dynamics-weather-systems,false
https://doi.org/10.1002/joc.6237,train,2019,28,dynamics-weather-systems,false
https://doi.org/10.1002/joc.6251,train,2019,28,dynamics-weather-systems,false
https://doi.org/10.1002/joc.6378,train,2019,28,dynamics-weather-systems,true
https://doi.org/10.1002/joc.6509,train,2020,28,cloud-precipitation-microphysics,false
https://doi.org/10.1002/joc.6549,train,2020,28,remote-sensing-retrieval,false
https://doi.org/10.1002/joc.6571,blind_test,2020,28,observations-instruments,false
https://doi.org/10.1002/joc.6590,train,2020,28,dynamics-weather-systems,false
https://doi.org/10.1002/joc.6686,train,2020,28,observations-instruments,false
https://doi.org/10.1002/joc.6719,train,2020,28,climate-variability-change,true
https://doi.org/10.1002/joc.6727,train,2020,28,dynamics-weather-systems,false
https://doi.org/10.1002/joc.6771,train,2020,28,observations-instruments,true
https://doi.org/10.1002/joc.6814,train,2020,28,dynamics-weather-systems,false
https://doi.org/10.1002/joc.6836,blind_test,2020,28,atmospheric-chemistry,false
https://doi.org/10.1002/joc.6850,train,2020,28,dynamics-weather-systems,false
https://doi.org/10.1002/joc.6906,train,2020,28,dynamics-weather-systems,false
https://doi.org/10.1002/joc.7055,train,2021,28,cloud-precipitation-microphysics,false
https://doi.org/10.1002/joc.7091,train,2021,28,climate-variability-change,false
https://doi.org/10.1002/joc.7103,train,2021,28,observations-instruments,false
https://doi.org/10.1002/joc.7119,train,2021,28,cloud-precipitation-microphysics,false
https://doi.org/10.1002/joc.7149,train,2021,28,climate-variability-change,false
https://doi.org/10.1002/joc.7207,train,2021,28,cloud-precipitation-microphysics,false
https://doi.org/10.1002/joc.7221,train,2021,28,dynamics-weather-systems,false
https://doi.org/10.1002/joc.7269,development,2021,28,cloud-precipitation-microphysics,false
https://doi.org/10.1002/joc.7566,train,2022,28,dynamics-weather-systems,true
https://doi.org/10.1002/joc.7731,train,2022,28,cloud-precipitation-microphysics,false
https://doi.org/10.1002/joc.8160,train,2023,28,air-quality-exposure,true
https://doi.org/10.1002/met.1538,train,2016,30,dynamics-weather-systems,false
https://doi.org/10.1002/met.1555,train,2016,30,climate-variability-change,false
https://doi.org/10.1002/met.1557,train,2016,30,remote-sensing-retrieval,false
https://doi.org/10.1002/met.1563,train,2016,30,forecasting-predictability,false
https://doi.org/10.1002/met.1565,train,2016,30,unclassified,false
https://doi.org/10.1002/met.1575,train,2016,30,cloud-precipitation-microphysics,false
https://doi.org/10.1002/met.1584,blind_test,2016,30,dynamics-weather-systems,false
https://doi.org/10.1002/met.1588,train,2016,30,climate-variability-change,false
https://doi.org/10.1002/met.1589,train,2016,30,dynamics-weather-systems,false
https://doi.org/10.1002/met.1594,train,2016,30,dynamics-weather-systems,false
https://doi.org/10.1002/met.1596,development,2016,30,dynamics-weather-systems,false
https://doi.org/10.1002/met.1599,train,2016,30,dynamics-weather-systems,false
https://doi.org/10.1002/met.1600,train,2016,30,cloud-precipitation-microphysics,true
https://doi.org/10.1002/met.1605,train,2016,30,extremes,false
https://doi.org/10.1002/met.1616,train,2017,30,cloud-precipitation-microphysics,false
https://doi.org/10.1002/met.1622,development,2017,30,cloud-precipitation-microphysics,false
https://doi.org/10.1002/met.1623,train,2017,30,cloud-precipitation-microphysics,false
https://doi.org/10.1002/met.1631,train,2017,30,air-quality-exposure,false
https://doi.org/10.1002/met.1635,train,2017,30,forecasting-predictability,false
https://doi.org/10.1002/met.1648,blind_test,2017,30,climate-variability-change,false
https://doi.org/10.1002/met.1654,train,2017,30,dynamics-weather-systems,true
https://doi.org/10.1002/met.1655,train,2017,30,observations-instruments,false
https://doi.org/10.1002/met.1661,train,2017,30,dynamics-weather-systems,false
https://doi.org/10.1002/met.1663,train,2017,30,dynamics-weather-systems,false
https://doi.org/10.1002/met.1668,train,2017,30,atmospheric-radiation,false
https://doi.org/10.1002/met.1671,train,2017,30,forecasting-predictability,false
https://doi.org/10.1002/met.1676,development,2017,30,dynamics-weather-systems,false
https://doi.org/10.1002/met.1681,blind_test,2017,30,dynamics-weather-systems,false
https://doi.org/10.1002/met.1683,train,2017,30,atmospheric-radiation,false
https://doi.org/10.1002/met.1686,train,2017,30,unclassified,false
https://doi.org/10.1002/met.1694,train,2017,30,dynamics-weather-systems,false
https://doi.org/10.1002/met.1699,train,2017,30,cloud-precipitation-microphysics,false
https://doi.org/10.1002/met.1709,train,2017,30,dynamics-weather-systems,false
https://doi.org/10.1002/met.1712,blind_test,2018,30,dynamics-weather-systems,false
https://doi.org/10.1002/met.1714,train,2018,30,unclassified,false
https://doi.org/10.1002/met.1719,development,2018,30,dynamics-weather-systems,false
https://doi.org/10.1002/met.1720,blind_test,2018,30,dynamics-weather-systems,false
https://doi.org/10.1002/met.1724,train,2018,30,cloud-precipitation-microphysics,false
https://doi.org/10.1002/met.1735,train,2018,30,dynamics-weather-systems,false
https://doi.org/10.1002/met.1739,train,2018,30,dynamics-weather-systems,false
https://doi.org/10.1002/met.1747,train,2018,30,dynamics-weather-systems,false
https://doi.org/10.1002/met.1749,train,2018,30,cloud-precipitation-microphysics,false
https://doi.org/10.1002/met.1752,train,2018,30,air-quality-exposure,false
https://doi.org/10.1002/met.1759,train,2018,30,forecasting-predictability,true
https://doi.org/10.1002/met.1763,development,2018,30,forecasting-predictability,false
https://doi.org/10.1002/met.1772,train,2018,30,forecasting-predictability,false
https://doi.org/10.1002/met.1784,train,2019,30,forecasting-predictability,false
https://doi.org/10.1002/met.1785,blind_test,2019,30,climate-variability-change,false
https://doi.org/10.1002/met.1786,train,2019,30,dynamics-weather-systems,false
https://doi.org/10.1002/met.1791,train,2019,30,climate-variability-change,false
https://doi.org/10.1002/met.1792,train,2019,30,dynamics-weather-systems,false
https://doi.org/10.1002/met.1800,train,2019,30,dynamics-weather-systems,false
https://doi.org/10.1002/met.1802,development,2019,30,climate-variability-change,false
https://doi.org/10.1002/met.1805,train,2019,30,forecasting-predictability,false
https://doi.org/10.1002/met.1817,blind_test,2019,30,forecasting-predictability,false
https://doi.org/10.1002/met.1819,blind_test,2019,30,forecasting-predictability,false
https://doi.org/10.1002/met.1822,development,2019,30,dynamics-weather-systems,false
https://doi.org/10.1002/met.1841,train,2019,30,dynamics-weather-systems,false
https://doi.org/10.1002/met.1851,train,2019,30,remote-sensing-retrieval,false
https://doi.org/10.1002/met.1855,train,2019,30,dynamics-weather-systems,false
https://doi.org/10.1002/met.1856,train,2019,30,climate-variability-change,false
https://doi.org/10.1002/met.1858,train,2019,30,dynamics-weather-systems,false
https://doi.org/10.1002/met.1862,train,2019,30,dynamics-weather-systems,false
https://doi.org/10.1002/met.1863,blind_test,2019,30,climate-variability-change,false
https://doi.org/10.1002/met.1873,train,2020,30,climate-variability-change,false
https://doi.org/10.1002/met.1877,development,2020,30,observations-instruments,false
https://doi.org/10.1002/met.1887,development,2020,30,dynamics-weather-systems,false
https://doi.org/10.1002/met.1896,development,2020,30,forecasting-predictability,false
https://doi.org/10.1002/met.1899,train,2020,30,dynamics-weather-systems,false
https://doi.org/10.1002/met.1905,blind_test,2020,30,dynamics-weather-systems,false
https://doi.org/10.1002/met.1910,development,2020,30,observations-instruments,false
https://doi.org/10.1002/met.1913,train,2020,30,observations-instruments,false
https://doi.org/10.1002/met.1918,train,2020,30,dynamics-weather-systems,false
https://doi.org/10.1002/met.1931,train,2020,30,forecasting-predictability,false
https://doi.org/10.1002/met.1941,train,2020,30,dynamics-weather-systems,false
https://doi.org/10.1002/met.1949,train,2020,30,dynamics-weather-systems,false
https://doi.org/10.1002/met.1950,train,2020,30,dynamics-weather-systems,false
https://doi.org/10.1002/met.1953,development,2020,30,climate-variability-change,false
https://doi.org/10.1002/met.1955,blind_test,2020,30,air-quality-exposure,false
https://doi.org/10.1002/met.1961,train,2020,30,cloud-precipitation-microphysics,false
https://doi.org/10.1002/met.1973,train,2021,30,dynamics-weather-systems,false
https://doi.org/10.1002/met.1990,train,2021,30,forecasting-predictability,false
https://doi.org/10.1002/met.2002,train,2021,30,cloud-precipitation-microphysics,false
https://doi.org/10.1002/met.2024,train,2021,30,air-quality-exposure,false
https://doi.org/10.1002/met.2049,train,2022,30,climate-variability-change,false
https://doi.org/10.1002/met.2065,train,2022,30,forecasting-predictability,true
https://doi.org/10.1002/met.2075,train,2022,30,dynamics-weather-systems,true
https://doi.org/10.1002/met.2076,train,2022,30,cloud-precipitation-microphysics,false
https://doi.org/10.1002/met.2089,train,2022,30,dynamics-weather-systems,false
https://doi.org/10.1002/met.2093,blind_test,2022,30,forecasting-predictability,true
https://doi.org/10.1002/met.2098,blind_test,2022,30,forecasting-predictability,true
https://doi.org/10.1002/met.2119,train,2023,30,cloud-precipitation-microphysics,false
https://doi.org/10.1002/met.2122,train,2023,30,air-quality-exposure,true
https://doi.org/10.1002/met.2134,train,2023,30,dynamics-weather-systems,false
https://doi.org/10.1002/met.2141,train,2023,30,dynamics-weather-systems,false
https://doi.org/10.1002/met.2145,train,2023,30,unclassified,true
https://doi.org/10.1002/met.2147,train,2023,30,climate-variability-change,false
https://doi.org/10.1002/met.2161,blind_test,2023,30,forecasting-predictability,false
https://doi.org/10.1002/met.2204,development,2024,30,climate-variability-change,false
https://doi.org/10.1002/met.70043,train,2025,30,atmospheric-chemistry,true
https://doi.org/10.1002/qj.2743,train,2016,11,dynamics-weather-systems,false
https://doi.org/10.1002/qj.2748,train,2016,11,dynamics-weather-systems,false
https://doi.org/10.1002/qj.2765,train,2016,11,cloud-precipitation-microphysics,false
https://doi.org/10.1002/qj.2771,blind_test,2016,11,dynamics-weather-systems,false
https://doi.org/10.1002/qj.2774,blind_test,2016,11,cloud-precipitation-microphysics,false
https://doi.org/10.1002/qj.2781,train,2016,11,dynamics-weather-systems,false
https://doi.org/10.1002/qj.2782,train,2016,11,dynamics-weather-systems,false
https://doi.org/10.1002/qj.2784,train,2016,11,forecasting-predictability,false
https://doi.org/10.1002/qj.2802,train,2016,11,dynamics-weather-systems,false
https://doi.org/10.1002/qj.2822,train,2016,11,forecasting-predictability,false
https://doi.org/10.1002/qj.2836,train,2016,11,air-quality-exposure,false
https://doi.org/10.1002/qj.2891,train,2016,11,dynamics-weather-systems,false
https://doi.org/10.1002/qj.2910,development,2016,11,dynamics-weather-systems,false
https://doi.org/10.1002/qj.2931,development,2016,11,dynamics-weather-systems,false
https://doi.org/10.1002/qj.2947,train,2016,11,cloud-precipitation-microphysics,false
https://doi.org/10.1002/qj.2949,train,2016,11,observations-instruments,false
https://doi.org/10.1002/qj.2953,train,2016,11,dynamics-weather-systems,false
https://doi.org/10.1002/qj.2968,train,2016,11,dynamics-weather-systems,false
https://doi.org/10.1002/qj.2976,train,2016,11,dynamics-weather-systems,false
https://doi.org/10.1002/qj.2982,train,2016,11,forecasting-predictability,true
https://doi.org/10.1002/qj.2998,blind_test,2017,11,dynamics-weather-systems,false
https://doi.org/10.1002/qj.3017,train,2017,11,forecasting-predictability,false
https://doi.org/10.1002/qj.3028,train,2017,11,land-atmosphere,false
https://doi.org/10.1002/qj.3048,blind_test,2017,11,observations-instruments,false
https://doi.org/10.1002/qj.3079,train,2017,11,forecasting-predictability,false
https://doi.org/10.1002/qj.3094,train,2017,11,dynamics-weather-systems,false
https://doi.org/10.1002/qj.3129,train,2017,11,cloud-precipitation-microphysics,false
https://doi.org/10.1002/qj.3130,train,2017,11,dynamics-weather-systems,false
https://doi.org/10.1002/qj.3135,train,2017,11,dynamics-weather-systems,false
https://doi.org/10.1002/qj.3138,train,2017,11,dynamics-weather-systems,false
https://doi.org/10.1002/qj.3155,development,2017,11,dynamics-weather-systems,false
https://doi.org/10.1002/qj.3171,train,2017,11,dynamics-weather-systems,false
https://doi.org/10.1002/qj.3172,train,2017,11,cloud-precipitation-microphysics,false
https://doi.org/10.1002/qj.3179,train,2017,11,forecasting-predictability,false
https://doi.org/10.1002/qj.3184,development,2017,11,dynamics-weather-systems,true
https://doi.org/10.1002/qj.3197,development,2017,11,dynamics-weather-systems,false
https://doi.org/10.1002/qj.3198,blind_test,2017,11,dynamics-weather-systems,false
https://doi.org/10.1002/qj.3200,train,2017,11,cloud-precipitation-microphysics,false
https://doi.org/10.1002/qj.3202,train,2017,11,forecasting-predictability,false
https://doi.org/10.1002/qj.3224,train,2017,11,dynamics-weather-systems,false
https://doi.org/10.1002/qj.3228,train,2018,11,dynamics-weather-systems,false
https://doi.org/10.1002/qj.3240,train,2018,11,cloud-precipitation-microphysics,false
https://doi.org/10.1002/qj.3244,train,2018,11,cloud-precipitation-microphysics,false
https://doi.org/10.1002/qj.3265,train,2018,11,forecasting-predictability,false
https://doi.org/10.1002/qj.3266,train,2018,11,climate-variability-change,false
https://doi.org/10.1002/qj.3267,development,2018,11,dynamics-weather-systems,false
https://doi.org/10.1002/qj.3280,train,2018,11,atmospheric-chemistry,true
https://doi.org/10.1002/qj.3284,train,2018,11,observations-instruments,false
https://doi.org/10.1002/qj.3290,train,2018,11,dynamics-weather-systems,false
https://doi.org/10.1002/qj.3299,development,2018,11,cloud-precipitation-microphysics,true
https://doi.org/10.1002/qj.3313,development,2018,11,cloud-precipitation-microphysics,false
https://doi.org/10.1002/qj.3341,train,2018,11,climate-variability-change,false
https://doi.org/10.1002/qj.3345,blind_test,2018,11,cloud-precipitation-microphysics,false
https://doi.org/10.1002/qj.3353,train,2018,11,dynamics-weather-systems,false
https://doi.org/10.1002/qj.3383,blind_test,2018,11,forecasting-predictability,true
https://doi.org/10.1002/qj.3387,train,2018,11,dynamics-weather-systems,false
https://doi.org/10.1002/qj.3410,development,2018,11,forecasting-predictability,false
https://doi.org/10.1002/qj.3463,train,2018,11,cloud-precipitation-microphysics,false
https://doi.org/10.1002/qj.3481,train,2019,11,dynamics-weather-systems,false
https://doi.org/10.1002/qj.3482,train,2019,11,forecasting-predictability,false
https://doi.org/10.1002/qj.3497,train,2019,11,forecasting-predictability,false
https://doi.org/10.1002/qj.3501,blind_test,2019,11,dynamics-weather-systems,false
https://doi.org/10.1002/qj.3503,blind_test,2019,11,dynamics-weather-systems,false
https://doi.org/10.1002/qj.3533,train,2019,11,dynamics-weather-systems,false
https://doi.org/10.1002/qj.3551,development,2019,11,climate-variability-change,true
https://doi.org/10.1002/qj.3577,train,2019,11,forecasting-predictability,false
https://doi.org/10.1002/qj.3598,blind_test,2019,11,dynamics-weather-systems,true
https://doi.org/10.1002/qj.3599,train,2019,11,dynamics-weather-systems,false
https://doi.org/10.1002/qj.3616,blind_test,2019,11,climate-variability-change,false
https://doi.org/10.1002/qj.3628,train,2019,11,dynamics-weather-systems,false
https://doi.org/10.1002/qj.3652,train,2019,11,forecasting-predictability,false
https://doi.org/10.1002/qj.3654,train,2019,11,dynamics-weather-systems,false
https://doi.org/10.1002/qj.3662,development,2019,11,cloud-precipitation-microphysics,false
https://doi.org/10.1002/qj.3698,development,2019,11,dynamics-weather-systems,false
https://doi.org/10.1002/qj.3724,train,2019,11,dynamics-weather-systems,false
https://doi.org/10.1002/qj.3732,train,2019,11,dynamics-weather-systems,false
https://doi.org/10.1002/qj.3746,train,2020,11,dynamics-weather-systems,false
https://doi.org/10.1002/qj.3748,train,2020,11,unclassified,false
https://doi.org/10.1002/qj.3749,train,2020,11,dynamics-weather-systems,false
https://doi.org/10.1002/qj.3757,blind_test,2020,11,climate-variability-change,false
https://doi.org/10.1002/qj.3765,development,2020,11,atmospheric-chemistry,false
https://doi.org/10.1002/qj.3784,blind_test,2020,11,dynamics-weather-systems,false
https://doi.org/10.1002/qj.3790,train,2020,11,climate-variability-change,false
https://doi.org/10.1002/qj.3803,development,2020,11,atmospheric-chemistry,false
https://doi.org/10.1002/qj.3819,blind_test,2020,11,dynamics-weather-systems,false
https://doi.org/10.1002/qj.3822,train,2020,11,dynamics-weather-systems,false
https://doi.org/10.1002/qj.3826,train,2020,11,cloud-precipitation-microphysics,false
https://doi.org/10.1002/qj.3858,train,2020,11,dynamics-weather-systems,true
https://doi.org/10.1002/qj.3921,train,2020,11,dynamics-weather-systems,false
https://doi.org/10.1002/qj.3941,train,2020,11,dynamics-weather-systems,false
https://doi.org/10.1002/qj.4005,train,2021,11,dynamics-weather-systems,false
https://doi.org/10.1002/qj.4116,train,2021,11,forecasting-predictability,true
https://doi.org/10.1002/qj.4142,development,2021,11,dynamics-weather-systems,true
https://doi.org/10.1002/qj.4174,train,2021,11,dynamics-weather-systems,false
https://doi.org/10.1002/qj.4199,train,2021,11,climate-variability-change,false
https://doi.org/10.1002/qj.4228,train,2021,11,forecasting-predictability,false
https://doi.org/10.1002/qj.4330,train,2022,11,observations-instruments,false
https://doi.org/10.1002/qj.4351,train,2022,11,cloud-precipitation-microphysics,false
https://doi.org/10.1002/qj.4589,train,2023,11,climate-variability-change,false
https://doi.org/10.1002/qj.4803,train,2024,11,dynamics-weather-systems,false
https://doi.org/10.1007/s00382-015-2907-4,train,2016,3,dynamics-weather-systems,true
https://doi.org/10.1007/s00382-016-2985-y,development,2016,3,dynamics-weather-systems,false
https://doi.org/10.1007/s00382-016-3001-2,blind_test,2016,3,dynamics-weather-systems,true
https://doi.org/10.1007/s00382-016-3019-5,development,2016,3,dynamics-weather-systems,true
https://doi.org/10.1007/s00382-016-3043-5,train,2016,3,forecasting-predictability,false
https://doi.org/10.1007/s00382-016-3066-y,train,2016,3,climate-variability-change,false
https://doi.org/10.1007/s00382-016-3071-1,development,2016,3,dynamics-weather-systems,true
https://doi.org/10.1007/s00382-016-3083-x,development,2016,3,dynamics-weather-systems,true
https://doi.org/10.1007/s00382-016-3085-8,train,2016,3,dynamics-weather-systems,false
https://doi.org/10.1007/s00382-016-3110-y,development,2016,3,dynamics-weather-systems,false
https://doi.org/10.1007/s00382-016-3158-8,blind_test,2016,3,dynamics-weather-systems,true
https://doi.org/10.1007/s00382-016-3171-y,blind_test,2016,3,dynamics-weather-systems,false
https://doi.org/10.1007/s00382-016-3218-0,blind_test,2016,3,dynamics-weather-systems,false
https://doi.org/10.1007/s00382-016-3248-7,blind_test,2016,3,dynamics-weather-systems,false
https://doi.org/10.1007/s00382-016-3315-0,train,2016,3,dynamics-weather-systems,false
https://doi.org/10.1007/s00382-016-3316-z,train,2016,3,dynamics-weather-systems,true
https://doi.org/10.1007/s00382-016-3327-9,blind_test,2016,3,dynamics-weather-systems,false
https://doi.org/10.1007/s00382-016-3355-5,train,2016,3,dynamics-weather-systems,false
https://doi.org/10.1007/s00382-016-3366-2,development,2016,3,climate-variability-change,false
https://doi.org/10.1007/s00382-016-3392-0,train,2016,3,forecasting-predictability,false
https://doi.org/10.1007/s00382-016-3400-4,blind_test,2016,3,observations-instruments,false
https://doi.org/10.1007/s00382-016-3471-2,train,2016,3,dynamics-weather-systems,false
https://doi.org/10.1007/s00382-016-3502-z,train,2016,3,dynamics-weather-systems,true
https://doi.org/10.1007/s00382-017-3539-7,development,2017,3,dynamics-weather-systems,false
https://doi.org/10.1007/s00382-017-3558-4,train,2017,3,dynamics-weather-systems,true
https://doi.org/10.1007/s00382-017-3580-6,train,2017,3,climate-variability-change,true
https://doi.org/10.1007/s00382-017-3602-4,blind_test,2017,3,dynamics-weather-systems,false
https://doi.org/10.1007/s00382-017-3603-3,train,2017,3,forecasting-predictability,true
https://doi.org/10.1007/s00382-017-3620-2,development,2017,3,dynamics-weather-systems,false
https://doi.org/10.1007/s00382-017-3623-z,train,2017,3,climate-variability-change,false
https://doi.org/10.1007/s00382-017-3664-3,train,2017,3,paleoclimate,false
https://doi.org/10.1007/s00382-017-3671-4,train,2017,3,dynamics-weather-systems,false
https://doi.org/10.1007/s00382-017-3702-1,train,2017,3,dynamics-weather-systems,true
https://doi.org/10.1007/s00382-017-3787-6,train,2017,3,dynamics-weather-systems,false
https://doi.org/10.1007/s00382-017-3799-2,train,2017,3,atmospheric-chemistry,false
https://doi.org/10.1007/s00382-017-3834-3,train,2017,3,forecasting-predictability,false
https://doi.org/10.1007/s00382-017-3901-9,train,2017,3,cloud-precipitation-microphysics,true
https://doi.org/10.1007/s00382-017-3987-0,train,2017,3,climate-variability-change,false
https://doi.org/10.1007/s00382-017-3993-2,development,2017,3,dynamics-weather-systems,true
https://doi.org/10.1007/s00382-017-3997-y,train,2017,3,climate-variability-change,true
https://doi.org/10.1007/s00382-017-4000-7,train,2017,3,dynamics-weather-systems,false
https://doi.org/10.1007/s00382-017-4028-8,development,2017,3,dynamics-weather-systems,false
https://doi.org/10.1007/s00382-018-4074-x,train,2018,3,observations-instruments,true
https://doi.org/10.1007/s00382-018-4094-6,blind_test,2018,3,dynamics-weather-systems,false
https://doi.org/10.1007/s00382-018-4114-6,train,2018,3,dynamics-weather-systems,false
https://doi.org/10.1007/s00382-018-4124-4,train,2018,3,dynamics-weather-systems,false
https://doi.org/10.1007/s00382-018-4132-4,blind_test,2018,3,forecasting-predictability,false
https://doi.org/10.1007/s00382-018-4136-0,train,2018,3,dynamics-weather-systems,true
https://doi.org/10.1007/s00382-018-4157-8,train,2018,3,atmospheric-chemistry,true
https://doi.org/10.1007/s00382-018-4175-6,train,2018,3,dynamics-weather-systems,false
https://doi.org/10.1007/s00382-018-4193-4,train,2018,3,cloud-precipitation-microphysics,true
https://doi.org/10.1007/s00382-018-4239-7,train,2018,3,dynamics-weather-systems,true
https://doi.org/10.1007/s00382-018-4242-z,train,2018,3,dynamics-weather-systems,true
https://doi.org/10.1007/s00382-018-4252-x,train,2018,3,forecasting-predictability,false
https://doi.org/10.1007/s00382-018-4287-z,development,2018,3,observations-instruments,true
https://doi.org/10.1007/s00382-018-4289-x,train,2018,3,remote-sensing-retrieval,true
https://doi.org/10.1007/s00382-018-4296-y,train,2018,3,dynamics-weather-systems,false
https://doi.org/10.1007/s00382-018-4322-0,train,2018,3,dynamics-weather-systems,false
https://doi.org/10.1007/s00382-018-4329-6,train,2018,3,climate-variability-change,false
https://doi.org/10.1007/s00382-018-4330-0,blind_test,2018,3,climate-variability-change,true
https://doi.org/10.1007/s00382-018-4430-x,train,2018,3,dynamics-weather-systems,true
https://doi.org/10.1007/s00382-018-4457-z,train,2018,3,dynamics-weather-systems,false
https://doi.org/10.1007/s00382-018-4462-2,train,2018,3,dynamics-weather-systems,false
https://doi.org/10.1007/s00382-018-4521-8,train,2018,3,dynamics-weather-systems,true
https://doi.org/10.1007/s00382-019-04661-z,train,2019,3,dynamics-weather-systems,true
https://doi.org/10.1007/s00382-019-04698-0,train,2019,3,dynamics-weather-systems,true
https://doi.org/10.1007/s00382-019-04700-9,train,2019,3,dynamics-weather-systems,false
https://doi.org/10.1007/s00382-019-04707-2,train,2019,3,dynamics-weather-systems,false
https://doi.org/10.1007/s00382-019-04900-3,train,2019,3,forecasting-predictability,true
https://doi.org/10.1007/s00382-019-04913-y,blind_test,2019,3,dynamics-weather-systems,true
https://doi.org/10.1007/s00382-019-04919-6,development,2019,3,dynamics-weather-systems,true
https://doi.org/10.1007/s00382-019-04930-x,train,2019,3,climate-variability-change,true
https://doi.org/10.1007/s00382-019-04954-3,train,2019,3,cloud-precipitation-microphysics,false
https://doi.org/10.1007/s00382-019-05044-0,train,2019,3,dynamics-weather-systems,true
https://doi.org/10.1007/s00382-019-05105-4,train,2020,3,forecasting-predictability,true
https://doi.org/10.1007/s00382-020-05123-7,train,2020,3,climate-variability-change,true
https://doi.org/10.1007/s00382-020-05153-1,train,2020,3,dynamics-weather-systems,false
https://doi.org/10.1007/s00382-020-05155-z,train,2020,3,observations-instruments,false
https://doi.org/10.1007/s00382-020-05167-9,blind_test,2020,3,dynamics-weather-systems,false
https://doi.org/10.1007/s00382-020-05181-x,train,2020,3,cloud-precipitation-microphysics,true
https://doi.org/10.1007/s00382-020-05223-4,train,2020,3,dynamics-weather-systems,false
https://doi.org/10.1007/s00382-020-05231-4,train,2020,3,cloud-precipitation-microphysics,true
https://doi.org/10.1007/s00382-020-05282-7,train,2020,3,dynamics-weather-systems,true
https://doi.org/10.1007/s00382-020-05322-2,development,2020,3,cloud-precipitation-microphysics,true
https://doi.org/10.1007/s00382-020-05333-z,train,2020,3,dynamics-weather-systems,false
https://doi.org/10.1007/s00382-020-05377-1,train,2020,3,forecasting-predictability,true
https://doi.org/10.1007/s00382-020-05409-w,train,2020,3,climate-variability-change,true
https://doi.org/10.1007/s00382-020-05413-0,train,2020,3,cloud-precipitation-microphysics,true
https://doi.org/10.1007/s00382-020-05447-4,train,2020,3,cloud-precipitation-microphysics,true
https://doi.org/10.1007/s00382-021-05640-z,development,2021,3,dynamics-weather-systems,false
https://doi.org/10.1007/s00382-021-05653-8,blind_test,2021,3,observations-instruments,false
https://doi.org/10.1007/s00382-021-05657-4,blind_test,2021,3,forecasting-predictability,true
https://doi.org/10.1007/s00382-021-05673-4,blind_test,2021,3,climate-variability-change,true
https://doi.org/10.1007/s00382-021-05691-2,development,2021,3,dynamics-weather-systems,false
https://doi.org/10.1007/s00382-021-05708-w,train,2021,3,dynamics-weather-systems,true
https://doi.org/10.1007/s00382-021-05773-1,train,2021,3,dynamics-weather-systems,false
https://doi.org/10.1007/s00382-021-05859-w,development,2021,3,cloud-precipitation-microphysics,true
https://doi.org/10.1007/s00382-021-05880-z,train,2021,3,dynamics-weather-systems,false
https://doi.org/10.1007/s00382-022-06303-3,train,2022,3,observations-instruments,true
https://doi.org/10.1007/s00382-024-07319-7,train,2024,3,forecasting-predictability,false
https://doi.org/10.1007/s00704-015-1718-1,blind_test,2016,29,dynamics-weather-systems,false
https://doi.org/10.1007/s00704-015-1721-6,train,2016,29,climate-variability-change,false
https://doi.org/10.1007/s00704-016-1735-8,development,2016,29,forecasting-predictability,false
https://doi.org/10.1007/s00704-016-1747-4,train,2016,29,climate-variability-change,false
https://doi.org/10.1007/s00704-016-1801-2,train,2016,29,dynamics-weather-systems,false
https://doi.org/10.1007/s00704-016-1804-z,train,2016,29,cloud-precipitation-microphysics,false
https://doi.org/10.1007/s00704-016-1810-1,blind_test,2016,29,forecasting-predictability,false
https://doi.org/10.1007/s00704-016-1840-8,train,2016,29,climate-variability-change,false
https://doi.org/10.1007/s00704-016-1858-y,train,2016,29,unclassified,false
https://doi.org/10.1007/s00704-016-1860-4,train,2016,29,cloud-precipitation-microphysics,false
https://doi.org/10.1007/s00704-016-1864-0,train,2016,29,dynamics-weather-systems,false
https://doi.org/10.1007/s00704-016-1865-z,train,2016,29,cloud-precipitation-microphysics,true
https://doi.org/10.1007/s00704-016-1870-2,train,2016,29,climate-variability-change,false
https://doi.org/10.1007/s00704-016-1881-z,train,2016,29,cloud-precipitation-microphysics,false
https://doi.org/10.1007/s00704-016-1914-7,blind_test,2016,29,forecasting-predictability,false
https://doi.org/10.1007/s00704-016-1919-2,development,2016,29,extremes,false
https://doi.org/10.1007/s00704-016-1931-6,train,2016,29,climate-variability-change,true
https://doi.org/10.1007/s00704-016-1960-1,train,2016,29,cloud-precipitation-microphysics,false
https://doi.org/10.1007/s00704-016-1971-y,blind_test,2016,29,land-atmosphere,false
https://doi.org/10.1007/s00704-016-1973-9,train,2016,29,cloud-precipitation-microphysics,false
https://doi.org/10.1007/s00704-016-1989-1,train,2016,29,observations-instruments,true
https://doi.org/10.1007/s00704-016-2022-4,train,2017,29,hydrometeorology,false
https://doi.org/10.1007/s00704-016-2027-z,train,2017,29,cloud-precipitation-microphysics,false
https://doi.org/10.1007/s00704-016-2031-3,train,2017,29,dynamics-weather-systems,false
https://doi.org/10.1007/s00704-017-2050-8,train,2017,29,numerical-weather-prediction,true
https://doi.org/10.1007/s00704-017-2058-0,train,2017,29,dynamics-weather-systems,false
https://doi.org/10.1007/s00704-017-2061-5,train,2017,29,dynamics-weather-systems,false
https://doi.org/10.1007/s00704-017-2067-z,train,2017,29,atmospheric-chemistry,false
https://doi.org/10.1007/s00704-017-2076-y,train,2017,29,dynamics-weather-systems,false
https://doi.org/10.1007/s00704-017-2087-8,train,2017,29,dynamics-weather-systems,false
https://doi.org/10.1007/s00704-017-2093-x,development,2017,29,cloud-precipitation-microphysics,true
https://doi.org/10.1007/s00704-017-2095-8,train,2017,29,cloud-precipitation-microphysics,false
https://doi.org/10.1007/s00704-017-2156-z,train,2017,29,aerosols,false
https://doi.org/10.1007/s00704-017-2158-x,train,2017,29,air-quality-exposure,false
https://doi.org/10.1007/s00704-017-2160-3,development,2017,29,air-quality-exposure,false
https://doi.org/10.1007/s00704-017-2179-5,development,2017,29,extremes,false
https://doi.org/10.1007/s00704-017-2186-6,train,2017,29,forecasting-predictability,false
https://doi.org/10.1007/s00704-017-2197-3,train,2017,29,remote-sensing-retrieval,false
https://doi.org/10.1007/s00704-017-2241-3,blind_test,2017,29,dynamics-weather-systems,false
https://doi.org/10.1007/s00704-017-2244-0,train,2017,29,forecasting-predictability,false
https://doi.org/10.1007/s00704-017-2269-4,development,2017,29,climate-variability-change,false
https://doi.org/10.1007/s00704-017-2333-0,train,2017,29,cloud-precipitation-microphysics,false
https://doi.org/10.1007/s00704-017-2337-9,train,2018,29,observations-instruments,true
https://doi.org/10.1007/s00704-017-2340-1,train,2017,29,cloud-precipitation-microphysics,true
https://doi.org/10.1007/s00704-017-2359-3,development,2018,29,forecasting-predictability,false
https://doi.org/10.1007/s00704-018-2377-9,train,2018,29,cloud-precipitation-microphysics,false
https://doi.org/10.1007/s00704-018-2383-y,blind_test,2018,29,climate-variability-change,false
https://doi.org/10.1007/s00704-018-2390-z,train,2018,29,dynamics-weather-systems,false
https://doi.org/10.1007/s00704-018-2392-x,development,2018,29,cloud-precipitation-microphysics,false
https://doi.org/10.1007/s00704-018-2395-7,blind_test,2018,29,climate-variability-change,false
https://doi.org/10.1007/s00704-018-2408-6,train,2018,29,cloud-precipitation-microphysics,true
https://doi.org/10.1007/s00704-018-2412-x,train,2018,29,cloud-precipitation-microphysics,false
https://doi.org/10.1007/s00704-018-2418-4,train,2018,29,dynamics-weather-systems,false
https://doi.org/10.1007/s00704-018-2419-3,train,2018,29,land-atmosphere,false
https://doi.org/10.1007/s00704-018-2451-3,train,2018,29,cloud-precipitation-microphysics,false
https://doi.org/10.1007/s00704-018-2456-y,train,2018,29,dynamics-weather-systems,false
https://doi.org/10.1007/s00704-018-2498-1,development,2018,29,dynamics-weather-systems,false
https://doi.org/10.1007/s00704-018-2507-4,train,2018,29,climate-variability-change,false
https://doi.org/10.1007/s00704-018-2520-7,train,2018,29,dynamics-weather-systems,false
https://doi.org/10.1007/s00704-018-2554-x,train,2018,29,air-quality-exposure,true
https://doi.org/10.1007/s00704-018-2567-5,development,2018,29,land-atmosphere,false
https://doi.org/10.1007/s00704-018-2576-4,train,2018,29,forecasting-predictability,false
https://doi.org/10.1007/s00704-018-2599-x,train,2018,29,dynamics-weather-systems,false
https://doi.org/10.1007/s00704-018-2613-3,train,2018,29,cloud-precipitation-microphysics,false
https://doi.org/10.1007/s00704-018-2625-z,train,2018,29,forecasting-predictability,false
https://doi.org/10.1007/s00704-018-2628-9,blind_test,2018,29,forecasting-predictability,false
https://doi.org/10.1007/s00704-018-2666-3,train,2018,29,atmospheric-radiation,false
https://doi.org/10.1007/s00704-018-2686-z,train,2018,29,forecasting-predictability,false
https://doi.org/10.1007/s00704-018-2693-0,train,2018,29,climate-variability-change,false
https://doi.org/10.1007/s00704-018-2705-0,blind_test,2018,29,dynamics-weather-systems,true
https://doi.org/10.1007/s00704-018-2712-1,blind_test,2018,29,cloud-precipitation-microphysics,false
https://doi.org/10.1007/s00704-019-02818-8,blind_test,2019,29,climate-variability-change,false
https://doi.org/10.1007/s00704-019-02879-9,blind_test,2019,29,dynamics-weather-systems,false
https://doi.org/10.1007/s00704-019-02905-w,train,2019,29,forecasting-predictability,false
https://doi.org/10.1007/s00704-019-02965-y,development,2019,29,climate-variability-change,true
https://doi.org/10.1007/s00704-019-02979-6,train,2019,29,climate-variability-change,false
https://doi.org/10.1007/s00704-019-02988-5,train,2019,29,cloud-precipitation-microphysics,false
https://doi.org/10.1007/s00704-019-02989-4,train,2019,29,dynamics-weather-systems,false
https://doi.org/10.1007/s00704-019-03014-4,train,2019,29,cloud-precipitation-microphysics,true
https://doi.org/10.1007/s00704-019-03048-8,train,2019,29,remote-sensing-retrieval,false
https://doi.org/10.1007/s00704-019-03065-7,train,2019,29,air-quality-exposure,false
https://doi.org/10.1007/s00704-019-03071-9,train,2019,29,climate-variability-change,false
https://doi.org/10.1007/s00704-019-03080-8,development,2020,29,cloud-precipitation-microphysics,false
https://doi.org/10.1007/s00704-019-03085-3,train,2020,29,cloud-precipitation-microphysics,false
https://doi.org/10.1007/s00704-020-03104-8,train,2020,29,observations-instruments,false
https://doi.org/10.1007/s00704-020-03142-2,blind_test,2020,29,climate-variability-change,true
https://doi.org/10.1007/s00704-020-03406-x,train,2020,29,cloud-precipitation-microphysics,false
https://doi.org/10.1007/s00704-020-03439-2,development,2020,29,land-atmosphere,false
https://doi.org/10.1007/s00704-020-03448-1,train,2020,29,cloud-precipitation-microphysics,false
https://doi.org/10.1007/s00704-021-03524-0,train,2021,29,air-quality-exposure,false
https://doi.org/10.1007/s00704-021-03566-4,train,2021,29,dynamics-weather-systems,false
https://doi.org/10.1007/s00704-021-03625-w,train,2021,29,dynamics-weather-systems,false
https://doi.org/10.1007/s00704-021-03635-8,development,2021,29,climate-variability-change,false
https://doi.org/10.1007/s00704-021-03691-0,blind_test,2021,29,cloud-precipitation-microphysics,false
https://doi.org/10.1007/s00704-021-03746-2,development,2021,29,climate-variability-change,false
https://doi.org/10.1007/s00704-021-03807-6,blind_test,2021,29,air-quality-exposure,true
https://doi.org/10.1007/s00704-021-03874-9,blind_test,2021,29,land-atmosphere,false
https://doi.org/10.1007/s00704-022-03992-y,train,2022,29,dynamics-weather-systems,false
https://doi.org/10.1007/s00704-022-04166-6,blind_test,2022,29,atmospheric-radiation,true
https://doi.org/10.1007/s00704-022-04179-1,train,2022,29,climate-variability-change,false
https://doi.org/10.1007/s10546-015-0124-7,train,2016,18,boundary-layer-turbulence,true
https://doi.org/10.1007/s10546-016-0127-z,train,2016,18,dynamics-weather-systems,false
https://doi.org/10.1007/s10546-016-0129-x,development,2016,18,dynamics-weather-systems,false
https://doi.org/10.1007/s10546-016-0132-2,train,2016,18,dynamics-weather-systems,false
https://doi.org/10.1007/s10546-016-0134-0,train,2016,18,dynamics-weather-systems,false
https://doi.org/10.1007/s10546-016-0147-8,development,2016,18,dynamics-weather-systems,false
https://doi.org/10.1007/s10546-016-0157-6,train,2016,18,dynamics-weather-systems,true
https://doi.org/10.1007/s10546-016-0160-y,development,2016,18,land-atmosphere,true
https://doi.org/10.1007/s10546-016-0165-6,train,2016,18,unclassified,false
https://doi.org/10.1007/s10546-016-0169-2,train,2016,18,cloud-precipitation-microphysics,true
https://doi.org/10.1007/s10546-016-0172-7,train,2016,18,cloud-precipitation-microphysics,false
https://doi.org/10.1007/s10546-016-0183-4,train,2016,18,dynamics-weather-systems,false
https://doi.org/10.1007/s10546-016-0185-2,train,2016,18,forecasting-predictability,true
https://doi.org/10.1007/s10546-016-0192-3,train,2016,18,dynamics-weather-systems,false
https://doi.org/10.1007/s10546-016-0193-2,train,2016,18,dynamics-weather-systems,false
https://doi.org/10.1007/s10546-016-0195-0,train,2016,18,boundary-layer-turbulence,false
https://doi.org/10.1007/s10546-016-0200-7,train,2016,18,observations-instruments,true
https://doi.org/10.1007/s10546-016-0201-6,blind_test,2016,18,dynamics-weather-systems,false
https://doi.org/10.1007/s10546-016-0205-2,train,2016,18,cloud-precipitation-microphysics,false
https://doi.org/10.1007/s10546-016-0207-0,train,2016,18,dynamics-weather-systems,true
https://doi.org/10.1007/s10546-016-0210-5,train,2016,18,air-quality-exposure,false
https://doi.org/10.1007/s10546-016-0216-z,train,2016,18,dynamics-weather-systems,false
https://doi.org/10.1007/s10546-016-0217-y,train,2016,18,boundary-layer-turbulence,true
https://doi.org/10.1007/s10546-016-0220-3,train,2016,18,dynamics-weather-systems,false
https://doi.org/10.1007/s10546-016-0221-2,train,2016,18,dynamics-weather-systems,false
https://doi.org/10.1007/s10546-016-0223-0,train,2016,18,air-quality-exposure,false
https://doi.org/10.1007/s10546-016-0225-y,train,2017,18,dynamics-weather-systems,true
https://doi.org/10.1007/s10546-017-0233-6,train,2017,18,dynamics-weather-systems,false
https://doi.org/10.1007/s10546-017-0242-5,train,2017,18,observations-instruments,false
https://doi.org/10.1007/s10546-017-0246-1,blind_test,2017,18,land-atmosphere,false
https://doi.org/10.1007/s10546-017-0248-z,train,2017,18,land-atmosphere,true
https://doi.org/10.1007/s10546-017-0249-y,train,2017,18,dynamics-weather-systems,false
https://doi.org/10.1007/s10546-017-0257-y,blind_test,2017,18,dynamics-weather-systems,true
https://doi.org/10.1007/s10546-017-0258-x,blind_test,2017,18,dynamics-weather-systems,true
https://doi.org/10.1007/s10546-017-0259-9,development,2017,18,dynamics-weather-systems,false
https://doi.org/10.1007/s10546-017-0269-7,development,2017,18,dynamics-weather-systems,true
https://doi.org/10.1007/s10546-017-0276-8,blind_test,2017,18,forecasting-predictability,false
https://doi.org/10.1007/s10546-017-0283-9,train,2017,18,dynamics-weather-systems,false
https://doi.org/10.1007/s10546-017-0288-4,train,2017,18,dynamics-weather-systems,false
https://doi.org/10.1007/s10546-017-0300-z,train,2017,18,boundary-layer-turbulence,true
https://doi.org/10.1007/s10546-017-0304-8,train,2017,18,dynamics-weather-systems,true
https://doi.org/10.1007/s10546-017-0305-7,development,2017,18,dynamics-weather-systems,false
https://doi.org/10.1007/s10546-017-0307-5,train,2017,18,dynamics-weather-systems,true
https://doi.org/10.1007/s10546-017-0308-4,blind_test,2017,18,dynamics-weather-systems,true
https://doi.org/10.1007/s10546-017-0309-3,train,2017,18,dynamics-weather-systems,false
https://doi.org/10.1007/s10546-017-0311-9,blind_test,2017,18,land-atmosphere,false
https://doi.org/10.1007/s10546-017-0324-4,train,2017,18,dynamics-weather-systems,false
https://doi.org/10.1007/s10546-017-0325-3,train,2017,18,dynamics-weather-systems,false
https://doi.org/10.1007/s10546-017-0326-2,blind_test,2017,18,climate-variability-change,true
https://doi.org/10.1007/s10546-017-0328-0,development,2017,18,cloud-precipitation-microphysics,false
https://doi.org/10.1007/s10546-018-0334-x,train,2018,18,dynamics-weather-systems,false
https://doi.org/10.1007/s10546-018-0335-9,development,2018,18,dynamics-weather-systems,true
https://doi.org/10.1007/s10546-018-0341-y,train,2018,18,boundary-layer-turbulence,true
https://doi.org/10.1007/s10546-018-0344-8,train,2018,18,boundary-layer-turbulence,false
https://doi.org/10.1007/s10546-018-0351-9,train,2018,18,forecasting-predictability,false
https://doi.org/10.1007/s10546-018-0362-6,train,2018,18,air-quality-exposure,false
https://doi.org/10.1007/s10546-018-0365-3,development,2018,18,dynamics-weather-systems,true
https://doi.org/10.1007/s10546-018-0366-2,train,2018,18,dynamics-weather-systems,false
https://doi.org/10.1007/s10546-018-0368-0,train,2018,18,unclassified,true
https://doi.org/10.1007/s10546-018-0382-2,train,2018,18,dynamics-weather-systems,false
https://doi.org/10.1007/s10546-018-0383-1,train,2018,18,dynamics-weather-systems,false
https://doi.org/10.1007/s10546-018-0388-9,train,2018,18,dynamics-weather-systems,false
https://doi.org/10.1007/s10546-018-0403-1,train,2018,18,boundary-layer-turbulence,false
https://doi.org/10.1007/s10546-018-0404-0,development,2018,18,dynamics-weather-systems,true
https://doi.org/10.1007/s10546-018-0419-6,blind_test,2019,18,cloud-precipitation-microphysics,false
https://doi.org/10.1007/s10546-019-00426-7,train,2019,18,dynamics-weather-systems,false
https://doi.org/10.1007/s10546-019-00444-5,train,2019,18,cloud-precipitation-microphysics,false
https://doi.org/10.1007/s10546-019-00449-0,blind_test,2019,18,land-atmosphere,false
https://doi.org/10.1007/s10546-019-00450-7,blind_test,2019,18,dynamics-weather-systems,true
https://doi.org/10.1007/s10546-019-00452-5,train,2019,18,forecasting-predictability,true
https://doi.org/10.1007/s10546-019-00473-0,development,2019,18,dynamics-weather-systems,true
https://doi.org/10.1007/s10546-019-00485-w,train,2019,18,dynamics-weather-systems,true
https://doi.org/10.1007/s10546-020-00504-1,train,2020,18,dynamics-weather-systems,true
https://doi.org/10.1007/s10546-020-00509-w,train,2020,18,boundary-layer-turbulence,false
https://doi.org/10.1007/s10546-020-00515-y,train,2020,18,boundary-layer-turbulence,false
https://doi.org/10.1007/s10546-020-00522-z,development,2020,18,unclassified,true
https://doi.org/10.1007/s10546-020-00529-6,development,2020,18,dynamics-weather-systems,true
https://doi.org/10.1007/s10546-020-00530-z,train,2020,18,dynamics-weather-systems,false
https://doi.org/10.1007/s10546-020-00533-w,train,2020,18,dynamics-weather-systems,false
https://doi.org/10.1007/s10546-020-00538-5,train,2020,18,dynamics-weather-systems,false
https://doi.org/10.1007/s10546-020-00539-4,train,2020,18,dynamics-weather-systems,true
https://doi.org/10.1007/s10546-020-00541-w,train,2020,18,dynamics-weather-systems,true
https://doi.org/10.1007/s10546-020-00546-5,blind_test,2020,18,dynamics-weather-systems,true
https://doi.org/10.1007/s10546-020-00547-4,blind_test,2020,18,dynamics-weather-systems,true
https://doi.org/10.1007/s10546-020-00550-9,train,2020,18,dynamics-weather-systems,false
https://doi.org/10.1007/s10546-020-00551-8,development,2020,18,cloud-precipitation-microphysics,false
https://doi.org/10.1007/s10546-020-00556-3,train,2020,18,dynamics-weather-systems,true
https://doi.org/10.1007/s10546-020-00560-7,train,2020,18,dynamics-weather-systems,false
https://doi.org/10.1007/s10546-020-00564-3,development,2020,18,dynamics-weather-systems,false
https://doi.org/10.1007/s10546-020-00567-0,blind_test,2020,18,dynamics-weather-systems,true
https://doi.org/10.1007/s10546-020-00570-5,train,2020,18,dynamics-weather-systems,true
https://doi.org/10.1007/s10546-021-00636-y,train,2021,18,dynamics-weather-systems,false
https://doi.org/10.1007/s10546-021-00652-y,train,2021,18,unclassified,true
https://doi.org/10.1007/s10546-021-00653-x,blind_test,2021,18,dynamics-weather-systems,true
https://doi.org/10.1007/s10546-021-00658-6,blind_test,2021,18,dynamics-weather-systems,true
https://doi.org/10.1007/s10546-021-00659-5,train,2021,18,dynamics-weather-systems,true
https://doi.org/10.1007/s10546-021-00668-4,development,2021,18,dynamics-weather-systems,true
https://doi.org/10.1007/s10546-021-00676-4,train,2021,18,dynamics-weather-systems,false
https://doi.org/10.1007/s10546-022-00725-6,train,2022,18,dynamics-weather-systems,false
https://doi.org/10.1007/s10546-023-00798-x,train,2023,18,dynamics-weather-systems,false
https://doi.org/10.1016/j.apr.2015.10.007,blind_test,2016,25,atmospheric-chemistry,false
https://doi.org/10.1016/j.apr.2015.12.005,development,2016,25,air-quality-exposure,false
https://doi.org/10.1016/j.apr.2016.01.004,development,2016,25,dynamics-weather-systems,true
https://doi.org/10.1016/j.apr.2016.02.004,blind_test,2016,25,forecasting-predictability,false
https://doi.org/10.1016/j.apr.2016.03.002,blind_test,2016,25,atmospheric-chemistry,false
https://doi.org/10.1016/j.apr.2016.03.006,blind_test,2016,25,atmospheric-chemistry,false
https://doi.org/10.1016/j.apr.2016.03.007,train,2016,25,forecasting-predictability,false
https://doi.org/10.1016/j.apr.2016.04.009,blind_test,2016,25,dynamics-weather-systems,false
https://doi.org/10.1016/j.apr.2016.06.003,development,2016,25,air-quality-exposure,false
https://doi.org/10.1016/j.apr.2016.06.005,train,2016,25,dynamics-weather-systems,false
https://doi.org/10.1016/j.apr.2016.07.002,train,2016,25,air-quality-exposure,false
https://doi.org/10.1016/j.apr.2016.08.002,train,2016,25,dynamics-weather-systems,true
https://doi.org/10.1016/j.apr.2016.09.002,train,2016,25,dynamics-weather-systems,false
https://doi.org/10.1016/j.apr.2016.10.009,train,2016,25,cloud-precipitation-microphysics,false
https://doi.org/10.1016/j.apr.2016.11.005,train,2016,25,dynamics-weather-systems,false
https://doi.org/10.1016/j.apr.2016.12.003,train,2016,25,air-quality-exposure,false
https://doi.org/10.1016/j.apr.2016.12.014,train,2017,25,forecasting-predictability,false
https://doi.org/10.1016/j.apr.2016.12.015,train,2017,25,aerosols,false
https://doi.org/10.1016/j.apr.2016.12.019,train,2016,25,atmospheric-chemistry,false
https://doi.org/10.1016/j.apr.2016.12.020,train,2016,25,atmospheric-chemistry,false
https://doi.org/10.1016/j.apr.2017.01.003,train,2017,25,forecasting-predictability,false
https://doi.org/10.1016/j.apr.2017.01.010,train,2017,25,atmospheric-chemistry,false
https://doi.org/10.1016/j.apr.2017.01.011,train,2017,25,aerosols,false
https://doi.org/10.1016/j.apr.2017.03.007,blind_test,2017,25,atmospheric-chemistry,false
https://doi.org/10.1016/j.apr.2017.04.009,train,2017,25,atmospheric-chemistry,false
https://doi.org/10.1016/j.apr.2017.05.004,development,2017,25,air-quality-exposure,false
https://doi.org/10.1016/j.apr.2017.05.005,train,2017,25,forecasting-predictability,false
https://doi.org/10.1016/j.apr.2017.06.002,train,2017,25,air-quality-exposure,false
https://doi.org/10.1016/j.apr.2017.06.003,train,2017,25,unclassified,true
https://doi.org/10.1016/j.apr.2017.06.004,blind_test,2017,25,air-quality-exposure,true
https://doi.org/10.1016/j.apr.2017.06.006,train,2017,25,atmospheric-chemistry,false
https://doi.org/10.1016/j.apr.2017.08.004,blind_test,2017,25,cloud-precipitation-microphysics,false
https://doi.org/10.1016/j.apr.2017.09.004,train,2017,25,forecasting-predictability,false
https://doi.org/10.1016/j.apr.2017.09.005,development,2017,25,forecasting-predictability,false
https://doi.org/10.1016/j.apr.2017.11.004,development,2017,25,forecasting-predictability,false
https://doi.org/10.1016/j.apr.2017.11.008,development,2017,25,forecasting-predictability,true
https://doi.org/10.1016/j.apr.2017.11.012,development,2017,25,atmospheric-chemistry,false
https://doi.org/10.1016/j.apr.2017.12.005,train,2017,25,cloud-precipitation-microphysics,false
https://doi.org/10.1016/j.apr.2018.01.012,development,2018,25,air-quality-exposure,true
https://doi.org/10.1016/j.apr.2018.01.014,train,2018,25,aerosols,false
https://doi.org/10.1016/j.apr.2018.01.020,train,2018,25,atmospheric-chemistry,false
https://doi.org/10.1016/j.apr.2018.02.003,train,2018,25,unclassified,false
https://doi.org/10.1016/j.apr.2018.02.006,blind_test,2018,25,forecasting-predictability,false
https://doi.org/10.1016/j.apr.2018.02.007,train,2018,25,unclassified,false
https://doi.org/10.1016/j.apr.2018.03.004,train,2018,25,aerosols,false
https://doi.org/10.1016/j.apr.2018.03.006,blind_test,2018,25,aerosols,false
https://doi.org/10.1016/j.apr.2018.03.008,blind_test,2018,25,forecasting-predictability,false
https://doi.org/10.1016/j.apr.2018.04.006,train,2018,25,aerosols,false
https://doi.org/10.1016/j.apr.2018.05.001,train,2018,25,forecasting-predictability,false
https://doi.org/10.1016/j.apr.2018.07.001,development,2018,25,forecasting-predictability,false
https://doi.org/10.1016/j.apr.2018.07.005,train,2018,25,forecasting-predictability,true
https://doi.org/10.1016/j.apr.2018.08.014,train,2018,25,atmospheric-chemistry,false
https://doi.org/10.1016/j.apr.2018.09.006,train,2018,25,air-quality-exposure,false
https://doi.org/10.1016/j.apr.2018.10.003,train,2018,25,dynamics-weather-systems,false
https://doi.org/10.1016/j.apr.2018.10.008,development,2018,25,cloud-precipitation-microphysics,false
https://doi.org/10.1016/j.apr.2018.12.007,train,2018,25,unclassified,false
https://doi.org/10.1016/j.apr.2018.12.012,train,2018,25,air-quality-exposure,false
https://doi.org/10.1016/j.apr.2018.12.015,train,2018,25,cloud-precipitation-microphysics,false
https://doi.org/10.1016/j.apr.2019.01.002,train,2019,25,atmospheric-chemistry,false
https://doi.org/10.1016/j.apr.2019.03.004,train,2019,25,forecasting-predictability,false
https://doi.org/10.1016/j.apr.2019.03.006,development,2019,25,climate-variability-change,false
https://doi.org/10.1016/j.apr.2019.04.005,train,2019,25,forecasting-predictability,false
https://doi.org/10.1016/j.apr.2019.05.007,train,2019,25,forecasting-predictability,false
https://doi.org/10.1016/j.apr.2019.06.003,train,2019,25,forecasting-predictability,false
https://doi.org/10.1016/j.apr.2019.09.002,development,2019,25,air-quality-exposure,false
https://doi.org/10.1016/j.apr.2019.09.007,train,2019,25,dynamics-weather-systems,false
https://doi.org/10.1016/j.apr.2019.09.009,train,2019,25,forecasting-predictability,true
https://doi.org/10.1016/j.apr.2019.09.021,train,2019,25,unclassified,false
https://doi.org/10.1016/j.apr.2019.10.009,blind_test,2019,25,climate-variability-change,false
https://doi.org/10.1016/j.apr.2019.11.006,train,2019,25,air-quality-exposure,false
https://doi.org/10.1016/j.apr.2019.11.018,blind_test,2019,25,air-quality-exposure,false
https://doi.org/10.1016/j.apr.2019.12.011,train,2019,25,aerosols,false
https://doi.org/10.1016/j.apr.2020.02.010,blind_test,2020,25,cloud-precipitation-microphysics,false
https://doi.org/10.1016/j.apr.2020.02.023,train,2020,25,dynamics-weather-systems,false
https://doi.org/10.1016/j.apr.2020.02.024,train,2020,25,dynamics-weather-systems,false
https://doi.org/10.1016/j.apr.2020.05.009,development,2020,25,dynamics-weather-systems,false
https://doi.org/10.1016/j.apr.2020.05.015,train,2020,25,forecasting-predictability,true
https://doi.org/10.1016/j.apr.2020.06.030,train,2020,25,atmospheric-chemistry,false
https://doi.org/10.1016/j.apr.2020.07.016,train,2020,25,air-quality-exposure,false
https://doi.org/10.1016/j.apr.2020.08.029,train,2020,25,dynamics-weather-systems,false
https://doi.org/10.1016/j.apr.2020.09.003,train,2020,25,forecasting-predictability,false
https://doi.org/10.1016/j.apr.2020.09.017,train,2020,25,atmospheric-chemistry,false
https://doi.org/10.1016/j.apr.2020.10.002,train,2020,25,air-quality-exposure,true
https://doi.org/10.1016/j.apr.2020.11.006,train,2020,25,atmospheric-chemistry,false
https://doi.org/10.1016/j.apr.2020.12.016,train,2021,25,air-quality-exposure,false
https://doi.org/10.1016/j.apr.2021.01.013,train,2021,25,forecasting-predictability,false
https://doi.org/10.1016/j.apr.2021.02.002,train,2021,25,air-quality-exposure,false
https://doi.org/10.1016/j.apr.2021.101115,train,2021,25,unclassified,false
https://doi.org/10.1016/j.apr.2021.101136,train,2021,25,air-quality-exposure,false
https://doi.org/10.1016/j.apr.2021.101150,train,2021,25,forecasting-predictability,false
https://doi.org/10.1016/j.apr.2021.101258,train,2021,25,ocean-atmosphere,false
https://doi.org/10.1016/j.apr.2021.101272,train,2021,25,dynamics-weather-systems,false
https://doi.org/10.1016/j.apr.2022.101446,train,2022,25,aerosols,false
https://doi.org/10.1016/j.apr.2022.101533,train,2022,25,atmospheric-chemistry,false
https://doi.org/10.1016/j.apr.2022.101547,development,2022,25,forecasting-predictability,false
https://doi.org/10.1016/j.apr.2023.101651,train,2023,25,land-atmosphere,false
https://doi.org/10.1016/j.apr.2023.101761,train,2023,25,forecasting-predictability,false
https://doi.org/10.1016/j.apr.2023.101833,train,2023,25,forecasting-predictability,false
https://doi.org/10.1016/j.apr.2023.101846,train,2023,25,land-atmosphere,false
https://doi.org/10.1016/j.apr.2023.101912,train,2023,25,air-quality-exposure,false
https://doi.org/10.1016/j.atmosenv.2016.02.014,train,2016,19,air-quality-exposure,false
https://doi.org/10.1016/j.atmosenv.2016.03.010,blind_test,2016,19,forecasting-predictability,false
https://doi.org/10.1016/j.atmosenv.2016.03.017,train,2016,19,air-quality-exposure,true
https://doi.org/10.1016/j.atmosenv.2016.03.045,development,2016,19,dynamics-weather-systems,false
https://doi.org/10.1016/j.atmosenv.2016.03.056,train,2016,19,forecasting-predictability,false
https://doi.org/10.1016/j.atmosenv.2016.04.002,train,2016,19,dynamics-weather-systems,false
https://doi.org/10.1016/j.atmosenv.2016.04.023,train,2016,19,dynamics-weather-systems,false
https://doi.org/10.1016/j.atmosenv.2016.05.014,train,2016,19,dynamics-weather-systems,false
https://doi.org/10.1016/j.atmosenv.2016.05.031,blind_test,2016,19,atmospheric-chemistry,true
https://doi.org/10.1016/j.atmosenv.2016.05.038,train,2016,19,atmospheric-chemistry,false
https://doi.org/10.1016/j.atmosenv.2016.05.062,development,2016,19,air-quality-exposure,false
https://doi.org/10.1016/j.atmosenv.2016.06.030,train,2016,19,atmospheric-chemistry,false
https://doi.org/10.1016/j.atmosenv.2016.06.060,train,2016,19,atmospheric-chemistry,false
https://doi.org/10.1016/j.atmosenv.2016.06.069,blind_test,2016,19,dynamics-weather-systems,false
https://doi.org/10.1016/j.atmosenv.2016.07.002,train,2016,19,unclassified,false
https://doi.org/10.1016/j.atmosenv.2016.07.018,train,2016,19,dynamics-weather-systems,true
https://doi.org/10.1016/j.atmosenv.2016.07.021,development,2016,19,cloud-precipitation-microphysics,false
https://doi.org/10.1016/j.atmosenv.2016.08.025,train,2016,19,atmospheric-chemistry,false
https://doi.org/10.1016/j.atmosenv.2016.08.034,train,2016,19,dynamics-weather-systems,false
https://doi.org/10.1016/j.atmosenv.2016.08.071,blind_test,2016,19,atmospheric-chemistry,false
https://doi.org/10.1016/j.atmosenv.2016.08.086,train,2016,19,atmospheric-chemistry,false
https://doi.org/10.1016/j.atmosenv.2016.09.002,train,2016,19,atmospheric-chemistry,false
https://doi.org/10.1016/j.atmosenv.2016.09.033,train,2016,19,air-quality-exposure,false
https://doi.org/10.1016/j.atmosenv.2016.09.035,train,2016,19,cloud-precipitation-microphysics,true
https://doi.org/10.1016/j.atmosenv.2016.09.039,train,2016,19,climate-variability-change,false
https://doi.org/10.1016/j.atmosenv.2016.09.050,train,2016,19,forecasting-predictability,true
https://doi.org/10.1016/j.atmosenv.2016.10.019,train,2016,19,dynamics-weather-systems,false
https://doi.org/10.1016/j.atmosenv.2016.10.024,train,2016,19,forecasting-predictability,false
https://doi.org/10.1016/j.atmosenv.2016.10.046,development,2016,19,forecasting-predictability,false
https://doi.org/10.1016/j.atmosenv.2016.11.040,train,2016,19,air-quality-exposure,false
https://doi.org/10.1016/j.atmosenv.2016.11.066,train,2016,19,forecasting-predictability,false
https://doi.org/10.1016/j.atmosenv.2017.01.004,train,2017,19,forecasting-predictability,true
https://doi.org/10.1016/j.atmosenv.2017.01.014,development,2017,19,dynamics-weather-systems,false
https://doi.org/10.1016/j.atmosenv.2017.01.018,train,2017,19,dynamics-weather-systems,false
https://doi.org/10.1016/j.atmosenv.2017.02.010,train,2017,19,dynamics-weather-systems,false
https://doi.org/10.1016/j.atmosenv.2017.02.023,train,2017,19,forecasting-predictability,false
https://doi.org/10.1016/j.atmosenv.2017.02.027,blind_test,2017,19,forecasting-predictability,false
https://doi.org/10.1016/j.atmosenv.2017.03.024,blind_test,2017,19,observations-instruments,false
https://doi.org/10.1016/j.atmosenv.2017.03.051,blind_test,2017,19,atmospheric-chemistry,false
https://doi.org/10.1016/j.atmosenv.2017.03.054,train,2017,19,forecasting-predictability,false
https://doi.org/10.1016/j.atmosenv.2017.05.014,development,2017,19,air-quality-exposure,true
https://doi.org/10.1016/j.atmosenv.2017.05.021,development,2017,19,forecasting-predictability,false
https://doi.org/10.1016/j.atmosenv.2017.05.024,train,2017,19,atmospheric-chemistry,false
https://doi.org/10.1016/j.atmosenv.2017.06.010,train,2017,19,forecasting-predictability,false
https://doi.org/10.1016/j.atmosenv.2017.06.020,development,2017,19,aerosols,false
https://doi.org/10.1016/j.atmosenv.2017.08.042,development,2017,19,atmospheric-chemistry,false
https://doi.org/10.1016/j.atmosenv.2017.09.024,train,2017,19,atmospheric-chemistry,false
https://doi.org/10.1016/j.atmosenv.2017.09.032,blind_test,2017,19,ocean-atmosphere,false
https://doi.org/10.1016/j.atmosenv.2017.09.039,train,2017,19,atmospheric-chemistry,false
https://doi.org/10.1016/j.atmosenv.2017.10.024,train,2017,19,atmospheric-chemistry,false
https://doi.org/10.1016/j.atmosenv.2017.10.028,development,2017,19,atmospheric-chemistry,false
https://doi.org/10.1016/j.atmosenv.2017.11.014,train,2017,19,forecasting-predictability,false
https://doi.org/10.1016/j.atmosenv.2017.11.054,blind_test,2017,19,dynamics-weather-systems,false
https://doi.org/10.1016/j.atmosenv.2017.12.001,train,2017,19,hydrometeorology,false
https://doi.org/10.1016/j.atmosenv.2017.12.031,development,2017,19,forecasting-predictability,false
https://doi.org/10.1016/j.atmosenv.2018.01.002,train,2018,19,atmospheric-chemistry,false
https://doi.org/10.1016/j.atmosenv.2018.01.026,train,2018,19,dynamics-weather-systems,false
https://doi.org/10.1016/j.atmosenv.2018.02.027,development,2018,19,forecasting-predictability,false
https://doi.org/10.1016/j.atmosenv.2018.02.038,train,2018,19,dynamics-weather-systems,false
https://doi.org/10.1016/j.atmosenv.2018.03.033,train,2018,19,atmospheric-chemistry,false
https://doi.org/10.1016/j.atmosenv.2018.03.041,train,2018,19,air-quality-exposure,false
https://doi.org/10.1016/j.atmosenv.2018.03.053,train,2018,19,air-quality-exposure,false
https://doi.org/10.1016/j.atmosenv.2018.04.040,blind_test,2018,19,air-quality-exposure,false
https://doi.org/10.1016/j.atmosenv.2018.05.056,train,2018,19,air-quality-exposure,false
https://doi.org/10.1016/j.atmosenv.2018.06.038,train,2018,19,cloud-precipitation-microphysics,false
https://doi.org/10.1016/j.atmosenv.2018.07.022,train,2018,19,dynamics-weather-systems,false
https://doi.org/10.1016/j.atmosenv.2018.07.058,train,2018,19,forecasting-predictability,false
https://doi.org/10.1016/j.atmosenv.2018.08.012,train,2018,19,cloud-precipitation-microphysics,false
https://doi.org/10.1016/j.atmosenv.2018.08.042,train,2018,19,atmospheric-chemistry,false
https://doi.org/10.1016/j.atmosenv.2018.09.030,train,2018,19,forecasting-predictability,false
https://doi.org/10.1016/j.atmosenv.2018.10.038,development,2018,19,forecasting-predictability,false
https://doi.org/10.1016/j.atmosenv.2018.11.007,blind_test,2018,19,aerosols,false
https://doi.org/10.1016/j.atmosenv.2018.11.058,blind_test,2018,19,forecasting-predictability,false
https://doi.org/10.1016/j.atmosenv.2018.11.060,train,2018,19,dynamics-weather-systems,false
https://doi.org/10.1016/j.atmosenv.2018.12.003,blind_test,2018,19,dynamics-weather-systems,false
https://doi.org/10.1016/j.atmosenv.2018.12.004,train,2018,19,cloud-precipitation-microphysics,false
https://doi.org/10.1016/j.atmosenv.2018.12.027,train,2018,19,air-quality-exposure,false
https://doi.org/10.1016/j.atmosenv.2018.12.031,train,2018,19,air-quality-exposure,false
https://doi.org/10.1016/j.atmosenv.2018.12.036,train,2019,19,atmospheric-chemistry,false
https://doi.org/10.1016/j.atmosenv.2018.12.040,train,2019,19,air-quality-exposure,false
https://doi.org/10.1016/j.atmosenv.2018.12.042,train,2019,19,air-quality-exposure,false
https://doi.org/10.1016/j.atmosenv.2019.01.027,train,2019,19,forecasting-predictability,false
https://doi.org/10.1016/j.atmosenv.2019.02.003,development,2019,19,dynamics-weather-systems,false
https://doi.org/10.1016/j.atmosenv.2019.02.008,train,2019,19,atmospheric-chemistry,false
https://doi.org/10.1016/j.atmosenv.2019.116885,development,2019,19,forecasting-predictability,false
https://doi.org/10.1016/j.atmosenv.2019.116946,blind_test,2019,19,forecasting-predictability,false
https://doi.org/10.1016/j.atmosenv.2019.117066,train,2019,19,forecasting-predictability,false
https://doi.org/10.1016/j.atmosenv.2019.117067,blind_test,2019,19,forecasting-predictability,false
https://doi.org/10.1016/j.atmosenv.2019.117125,train,2019,19,cloud-precipitation-microphysics,false
https://doi.org/10.1016/j.atmosenv.2019.117216,train,2019,19,cloud-precipitation-microphysics,false
https://doi.org/10.1016/j.atmosenv.2019.117252,train,2019,19,dynamics-weather-systems,false
https://doi.org/10.1016/j.atmosenv.2020.117834,train,2020,19,atmospheric-chemistry,true
https://doi.org/10.1016/j.atmosenv.2020.117886,development,2020,19,air-quality-exposure,false
https://doi.org/10.1016/j.atmosenv.2020.117921,train,2020,19,forecasting-predictability,false
https://doi.org/10.1016/j.atmosenv.2020.118038,development,2020,19,unclassified,true
https://doi.org/10.1016/j.atmosenv.2021.118389,train,2021,19,unclassified,false
https://doi.org/10.1016/j.atmosenv.2021.118512,train,2021,19,atmospheric-chemistry,false
https://doi.org/10.1016/j.atmosenv.2021.118592,train,2021,19,atmospheric-chemistry,true
https://doi.org/10.1016/j.atmosenv.2022.119347,train,2022,19,forecasting-predictability,false
https://doi.org/10.1016/j.atmosenv.2024.120797,train,2024,19,forecasting-predictability,false
https://doi.org/10.1016/j.atmosres.2015.12.017,train,2016,20,dynamics-weather-systems,false
https://doi.org/10.1016/j.atmosres.2015.12.023,train,2016,20,dynamics-weather-systems,false
https://doi.org/10.1016/j.atmosres.2016.02.003,train,2016,20,forecasting-predictability,false
https://doi.org/10.1016/j.atmosres.2016.02.008,train,2016,20,cloud-precipitation-microphysics,false
https://doi.org/10.1016/j.atmosres.2016.02.012,train,2016,20,dynamics-weather-systems,false
https://doi.org/10.1016/j.atmosres.2016.02.015,train,2016,20,atmospheric-chemistry,false
https://doi.org/10.1016/j.atmosres.2016.02.018,train,2016,20,atmospheric-chemistry,false
https://doi.org/10.1016/j.atmosres.2016.02.020,blind_test,2016,20,cloud-precipitation-microphysics,false
https://doi.org/10.1016/j.atmosres.2016.02.024,train,2016,20,cloud-precipitation-microphysics,false
https://doi.org/10.1016/j.atmosres.2016.03.006,train,2016,20,dynamics-weather-systems,false
https://doi.org/10.1016/j.atmosres.2016.03.015,development,2016,20,atmospheric-chemistry,false
https://doi.org/10.1016/j.atmosres.2016.03.017,blind_test,2016,20,dynamics-weather-systems,false
https://doi.org/10.1016/j.atmosres.2016.03.027,blind_test,2016,20,observations-instruments,false
https://doi.org/10.1016/j.atmosres.2016.04.018,train,2016,20,forecasting-predictability,false
https://doi.org/10.1016/j.atmosres.2016.05.008,train,2016,20,cloud-precipitation-microphysics,true
https://doi.org/10.1016/j.atmosres.2016.05.013,train,2016,20,air-quality-exposure,false
https://doi.org/10.1016/j.atmosres.2016.06.009,development,2016,20,dynamics-weather-systems,false
https://doi.org/10.1016/j.atmosres.2016.07.005,blind_test,2016,20,forecasting-predictability,false
https://doi.org/10.1016/j.atmosres.2016.07.016,development,2016,20,atmospheric-chemistry,false
https://doi.org/10.1016/j.atmosres.2016.07.018,train,2016,20,atmospheric-chemistry,true
https://doi.org/10.1016/j.atmosres.2016.07.029,development,2016,20,observations-instruments,false
https://doi.org/10.1016/j.atmosres.2016.09.014,train,2016,20,cloud-precipitation-microphysics,false
https://doi.org/10.1016/j.atmosres.2016.10.004,train,2016,20,forecasting-predictability,false
https://doi.org/10.1016/j.atmosres.2016.10.017,train,2016,20,atmospheric-chemistry,false
https://doi.org/10.1016/j.atmosres.2016.11.006,train,2016,20,cloud-precipitation-microphysics,false
https://doi.org/10.1016/j.atmosres.2016.11.010,train,2016,20,atmospheric-chemistry,false
https://doi.org/10.1016/j.atmosres.2016.12.006,train,2016,20,atmospheric-chemistry,false
https://doi.org/10.1016/j.atmosres.2016.12.007,development,2016,20,cloud-precipitation-microphysics,false
https://doi.org/10.1016/j.atmosres.2017.01.008,train,2017,20,climate-variability-change,false
https://doi.org/10.1016/j.atmosres.2017.06.003,train,2017,20,forecasting-predictability,false
https://doi.org/10.1016/j.atmosres.2017.06.014,train,2017,20,forecasting-predictability,false
https://doi.org/10.1016/j.atmosres.2017.06.020,development,2017,20,cloud-precipitation-microphysics,true
https://doi.org/10.1016/j.atmosres.2017.06.021,blind_test,2017,20,cloud-precipitation-microphysics,false
https://doi.org/10.1016/j.atmosres.2017.07.017,train,2017,20,dynamics-weather-systems,false
https://doi.org/10.1016/j.atmosres.2017.07.021,train,2017,20,cloud-precipitation-microphysics,false
https://doi.org/10.1016/j.atmosres.2017.08.011,blind_test,2017,20,air-quality-exposure,false
https://doi.org/10.1016/j.atmosres.2017.08.023,development,2017,20,cloud-precipitation-microphysics,false
https://doi.org/10.1016/j.atmosres.2017.08.027,development,2017,20,atmospheric-chemistry,true
https://doi.org/10.1016/j.atmosres.2017.09.016,train,2017,20,climate-variability-change,false
https://doi.org/10.1016/j.atmosres.2017.11.006,train,2017,20,cloud-precipitation-microphysics,false
https://doi.org/10.1016/j.atmosres.2017.11.022,blind_test,2017,20,cloud-precipitation-microphysics,false
https://doi.org/10.1016/j.atmosres.2017.12.003,blind_test,2017,20,cloud-precipitation-microphysics,false
https://doi.org/10.1016/j.atmosres.2017.12.007,train,2017,20,cloud-precipitation-microphysics,false
https://doi.org/10.1016/j.atmosres.2017.12.013,train,2017,20,forecasting-predictability,false
https://doi.org/10.1016/j.atmosres.2018.02.010,train,2018,20,cloud-precipitation-microphysics,false
https://doi.org/10.1016/j.atmosres.2018.04.007,train,2018,20,cloud-precipitation-microphysics,false
https://doi.org/10.1016/j.atmosres.2018.05.011,train,2018,20,cloud-precipitation-microphysics,false
https://doi.org/10.1016/j.atmosres.2018.05.022,train,2018,20,forecasting-predictability,false
https://doi.org/10.1016/j.atmosres.2018.05.024,train,2018,20,dynamics-weather-systems,false
https://doi.org/10.1016/j.atmosres.2018.06.006,train,2018,20,cloud-precipitation-microphysics,false
https://doi.org/10.1016/j.atmosres.2018.06.019,train,2018,20,cloud-precipitation-microphysics,false
https://doi.org/10.1016/j.atmosres.2018.06.023,train,2018,20,cloud-precipitation-microphysics,false
https://doi.org/10.1016/j.atmosres.2018.07.008,train,2018,20,climate-variability-change,false
https://doi.org/10.1016/j.atmosres.2018.07.015,train,2018,20,boundary-layer-turbulence,false
https://doi.org/10.1016/j.atmosres.2018.08.020,train,2018,20,climate-variability-change,false
https://doi.org/10.1016/j.atmosres.2018.09.014,train,2018,20,boundary-layer-turbulence,false
https://doi.org/10.1016/j.atmosres.2018.09.015,train,2018,20,dynamics-weather-systems,false
https://doi.org/10.1016/j.atmosres.2019.01.004,train,2019,20,dynamics-weather-systems,false
https://doi.org/10.1016/j.atmosres.2019.02.009,train,2019,20,climate-variability-change,false
https://doi.org/10.1016/j.atmosres.2019.03.001,train,2019,20,cloud-precipitation-microphysics,false
https://doi.org/10.1016/j.atmosres.2019.06.013,train,2019,20,dynamics-weather-systems,false
https://doi.org/10.1016/j.atmosres.2019.104656,blind_test,2019,20,atmospheric-chemistry,false
https://doi.org/10.1016/j.atmosres.2019.104673,train,2019,20,cloud-precipitation-microphysics,true
https://doi.org/10.1016/j.atmosres.2019.104680,train,2019,20,dynamics-weather-systems,true
https://doi.org/10.1016/j.atmosres.2019.104716,train,2019,20,dynamics-weather-systems,false
https://doi.org/10.1016/j.atmosres.2019.104743,train,2019,20,dynamics-weather-systems,false
https://doi.org/10.1016/j.atmosres.2019.104785,train,2019,20,dynamics-weather-systems,false
https://doi.org/10.1016/j.atmosres.2019.104806,train,2019,20,forecasting-predictability,false
https://doi.org/10.1016/j.atmosres.2020.104845,train,2020,20,forecasting-predictability,false
https://doi.org/10.1016/j.atmosres.2020.104879,train,2020,20,cloud-precipitation-microphysics,false
https://doi.org/10.1016/j.atmosres.2020.104923,train,2020,20,atmospheric-chemistry,false
https://doi.org/10.1016/j.atmosres.2020.104953,train,2020,20,cloud-precipitation-microphysics,false
https://doi.org/10.1016/j.atmosres.2020.105032,train,2020,20,cloud-precipitation-microphysics,false
https://doi.org/10.1016/j.atmosres.2020.105096,train,2020,20,dynamics-weather-systems,false
https://doi.org/10.1016/j.atmosres.2020.105111,development,2020,20,forecasting-predictability,false
https://doi.org/10.1016/j.atmosres.2020.105125,train,2020,20,climate-variability-change,false
https://doi.org/10.1016/j.atmosres.2020.105132,blind_test,2020,20,cloud-precipitation-microphysics,false
https://doi.org/10.1016/j.atmosres.2020.105134,train,2020,20,dynamics-weather-systems,false
https://doi.org/10.1016/j.atmosres.2020.105220,train,2020,20,numerical-weather-prediction,false
https://doi.org/10.1016/j.atmosres.2020.105344,blind_test,2020,20,atmospheric-chemistry,false
https://doi.org/10.1016/j.atmosres.2020.105362,train,2020,20,forecasting-predictability,false
https://doi.org/10.1016/j.atmosres.2020.105363,development,2020,20,cloud-precipitation-microphysics,false
https://doi.org/10.1016/j.atmosres.2020.105365,train,2020,20,cloud-precipitation-microphysics,false
https://doi.org/10.1016/j.atmosres.2020.105369,train,2020,20,cloud-precipitation-microphysics,false
https://doi.org/10.1016/j.atmosres.2020.105375,train,2020,20,dynamics-weather-systems,true
https://doi.org/10.1016/j.atmosres.2021.105451,development,2021,20,cloud-precipitation-microphysics,false
https://doi.org/10.1016/j.atmosres.2021.105509,blind_test,2021,20,cloud-precipitation-microphysics,true
https://doi.org/10.1016/j.atmosres.2021.105525,development,2021,20,cloud-precipitation-microphysics,false
https://doi.org/10.1016/j.atmosres.2021.105574,development,2021,20,cloud-precipitation-microphysics,false
https://doi.org/10.1016/j.atmosres.2021.105576,train,2021,20,dynamics-weather-systems,false
https://doi.org/10.1016/j.atmosres.2021.105599,development,2021,20,atmospheric-chemistry,false
https://doi.org/10.1016/j.atmosres.2021.105740,train,2021,20,atmospheric-chemistry,false
https://doi.org/10.1016/j.atmosres.2021.105823,blind_test,2021,20,forecasting-predictability,false
https://doi.org/10.1016/j.atmosres.2021.105828,blind_test,2021,20,cloud-precipitation-microphysics,false
https://doi.org/10.1016/j.atmosres.2021.105927,blind_test,2021,20,cloud-precipitation-microphysics,true
https://doi.org/10.1016/j.atmosres.2022.106040,train,2022,20,dynamics-weather-systems,false
https://doi.org/10.1016/j.atmosres.2022.106157,train,2022,20,forecasting-predictability,true
https://doi.org/10.1016/j.atmosres.2022.106238,train,2022,20,forecasting-predictability,false
https://doi.org/10.1016/j.atmosres.2022.106247,train,2022,20,dynamics-weather-systems,false
https://doi.org/10.1016/j.atmosres.2023.106606,train,2023,20,cloud-precipitation-microphysics,false
https://doi.org/10.1029/2017jd027468,train,2018,5,observations-instruments,false
https://doi.org/10.1029/2017jd028033,blind_test,2018,5,cloud-precipitation-microphysics,false
https://doi.org/10.1029/2017jd028130,train,2018,5,dynamics-weather-systems,false
https://doi.org/10.1029/2017jd028200,train,2018,5,forecasting-predictability,true
https://doi.org/10.1029/2018ef000822,train,2018,7,atmospheric-chemistry,false
https://doi.org/10.1029/2018ef000825,train,2018,7,dynamics-weather-systems,false
https://doi.org/10.1029/2018ef000840,train,2018,7,unclassified,false
https://doi.org/10.1029/2018ef000841,train,2018,7,climate-variability-change,false
https://doi.org/10.1029/2018ef000878,train,2018,7,dynamics-weather-systems,false
https://doi.org/10.1029/2018ef000890,development,2018,7,dynamics-weather-systems,true
https://doi.org/10.1029/2018ef000891,train,2018,7,air-quality-exposure,false
https://doi.org/10.1029/2018ef000922,blind_test,2018,7,climate-variability-change,false
https://doi.org/10.1029/2018ef000926,train,2018,7,dynamics-weather-systems,false
https://doi.org/10.1029/2018ef000939,train,2018,7,atmospheric-chemistry,false
https://doi.org/10.1029/2018ef000952,train,2018,7,dynamics-weather-systems,false
https://doi.org/10.1029/2018ef000964,train,2019,7,dynamics-weather-systems,false
https://doi.org/10.1029/2018ef000989,train,2019,7,dynamics-weather-systems,false
https://doi.org/10.1029/2018ef000991,blind_test,2018,7,observations-instruments,false
https://doi.org/10.1029/2018ef001014,train,2018,7,unclassified,false
https://doi.org/10.1029/2018ef001050,train,2018,7,dynamics-weather-systems,false
https://doi.org/10.1029/2018ef001071,train,2019,7,observations-instruments,false
https://doi.org/10.1029/2018ef001091,train,2019,7,climate-variability-change,false
https://doi.org/10.1029/2018ef001097,train,2019,7,dynamics-weather-systems,false
https://doi.org/10.1029/2018ef001113,development,2019,7,atmospheric-chemistry,false
https://doi.org/10.1029/2018gl077317,development,2018,4,extremes,true
https://doi.org/10.1029/2018gl077787,train,2018,4,cloud-precipitation-microphysics,true
https://doi.org/10.1029/2018gl077870,train,2018,4,dynamics-weather-systems,false
https://doi.org/10.1029/2018gl077905,blind_test,2018,4,cloud-precipitation-microphysics,false
https://doi.org/10.1029/2018gl078202,train,2018,4,dynamics-weather-systems,false
https://doi.org/10.1029/2018gl078430,blind_test,2018,4,climate-variability-change,true
https://doi.org/10.1029/2018gl078510,train,2018,4,observations-instruments,false
https://doi.org/10.1029/2018gl079031,train,2018,4,dynamics-weather-systems,false
https://doi.org/10.1029/2018gl080704,train,2018,4,dynamics-weather-systems,true
https://doi.org/10.1029/2018gl080959,train,2018,4,dynamics-weather-systems,false
https://doi.org/10.1029/2018gl081052,train,2018,4,cloud-precipitation-microphysics,false
https://doi.org/10.1029/2018gl081095,train,2018,4,dynamics-weather-systems,true
https://doi.org/10.1029/2018gl081816,train,2019,4,remote-sensing-retrieval,false
https://doi.org/10.1029/2018jd028375,train,2018,5,forecasting-predictability,false
https://doi.org/10.1029/2018jd028447,train,2018,5,dynamics-weather-systems,false
https://doi.org/10.1029/2018jd028473,blind_test,2018,5,forecasting-predictability,false
https://doi.org/10.1029/2018jd028714,train,2018,5,observations-instruments,false
https://doi.org/10.1029/2018jd028776,train,2018,5,atmospheric-radiation,false
https://doi.org/10.1029/2018jd028969,development,2018,5,air-quality-exposure,false
https://doi.org/10.1029/2018jd029145,train,2018,5,extremes,false
https://doi.org/10.1029/2018jd029245,train,2018,5,cloud-precipitation-microphysics,false
https://doi.org/10.1029/2018jd029336,train,2019,5,atmospheric-chemistry,false
https://doi.org/10.1029/2018jd029356,train,2019,5,cloud-precipitation-microphysics,false
https://doi.org/10.1029/2018jd029501,train,2019,5,atmospheric-chemistry,false
https://doi.org/10.1029/2018jd029522,train,2019,5,climate-variability-change,false
https://doi.org/10.1029/2018jd029552,development,2019,5,dynamics-weather-systems,false
https://doi.org/10.1029/2018jd029597,train,2019,5,atmospheric-chemistry,false
https://doi.org/10.1029/2018jd029598,train,2019,5,cloud-precipitation-microphysics,false
https://doi.org/10.1029/2018jd029634,train,2019,5,cloud-precipitation-microphysics,false
https://doi.org/10.1029/2018jd029688,blind_test,2019,5,dynamics-weather-systems,false
https://doi.org/10.1029/2018jd029850,train,2019,5,dynamics-weather-systems,false
https://doi.org/10.1029/2018jd029867,train,2019,5,forecasting-predictability,false
https://doi.org/10.1029/2018jd030094,train,2019,5,climate-variability-change,false
https://doi.org/10.1029/2018jd030230,train,2019,5,dynamics-weather-systems,false
https://doi.org/10.1029/2019ef001170,train,2019,7,dynamics-weather-systems,false
https://doi.org/10.1029/2019ef001178,development,2019,7,climate-variability-change,false
https://doi.org/10.1029/2019ef001189,blind_test,2019,7,dynamics-weather-systems,false
https://doi.org/10.1029/2019ef001210,train,2019,7,dynamics-weather-systems,false
https://doi.org/10.1029/2019ef001222,train,2019,7,unclassified,false
https://doi.org/10.1029/2019ef001287,development,2020,7,climate-variability-change,false
https://doi.org/10.1029/2019ef001382,train,2020,7,dynamics-weather-systems,false
https://doi.org/10.1029/2019ef001386,train,2020,7,dynamics-weather-systems,false
https://doi.org/10.1029/2019ef001425,development,2020,7,extremes,true
https://doi.org/10.1029/2019ef001461,train,2020,7,climate-variability-change,false
https://doi.org/10.1029/2019ef001469,train,2020,7,dynamics-weather-systems,false
https://doi.org/10.1029/2019ef001470,train,2020,7,dynamics-weather-systems,true
https://doi.org/10.1029/2019ef001474,train,2020,7,dynamics-weather-systems,false
https://doi.org/10.1029/2019gl082182,blind_test,2019,4,observations-instruments,true
https://doi.org/10.1029/2019gl082187,train,2019,4,dynamics-weather-systems,false
https://doi.org/10.1029/2019gl082781,train,2019,4,dynamics-weather-systems,false
https://doi.org/10.1029/2019gl083699,development,2019,4,observations-instruments,false
https://doi.org/10.1029/2019gl083798,train,2019,4,dynamics-weather-systems,false
https://doi.org/10.1029/2019gl083826,development,2019,4,dynamics-weather-systems,false
https://doi.org/10.1029/2019gl083978,development,2019,4,dynamics-weather-systems,true
https://doi.org/10.1029/2019gl085027,blind_test,2019,4,observations-instruments,true
https://doi.org/10.1029/2019gl085291,development,2019,4,dynamics-weather-systems,false
https://doi.org/10.1029/2019gl085488,development,2020,4,dynamics-weather-systems,false
https://doi.org/10.1029/2019gl085782,train,2020,4,dynamics-weather-systems,true
https://doi.org/10.1029/2019gl085976,blind_test,2019,4,unclassified,true
https://doi.org/10.1029/2019gl086075,train,2020,4,dynamics-weather-systems,false
https://doi.org/10.1029/2019gl086729,train,2020,4,dynamics-weather-systems,false
https://doi.org/10.1029/2019gl086749,train,2020,4,dynamics-weather-systems,false
https://doi.org/10.1029/2019gl086841,train,2020,4,dynamics-weather-systems,false
https://doi.org/10.1029/2019jd030481,train,2019,5,remote-sensing-retrieval,true
https://doi.org/10.1029/2019jd030635,development,2019,5,dynamics-weather-systems,false
https://doi.org/10.1029/2019jd030758,blind_test,2019,5,cloud-precipitation-microphysics,false
https://doi.org/10.1029/2019jd030911,development,2020,5,dynamics-weather-systems,false
https://doi.org/10.1029/2019jd030923,train,2019,5,dynamics-weather-systems,false
https://doi.org/10.1029/2019jd030936,blind_test,2019,5,dynamics-weather-systems,true
https://doi.org/10.1029/2019jd030943,development,2019,5,dynamics-weather-systems,true
https://doi.org/10.1029/2019jd031093,development,2019,5,atmospheric-chemistry,false
https://doi.org/10.1029/2019jd031155,blind_test,2019,5,climate-variability-change,false
https://doi.org/10.1029/2019jd031205,development,2019,5,climate-variability-change,false
https://doi.org/10.1029/2019jd031295,blind_test,2019,5,dynamics-weather-systems,false
https://doi.org/10.1029/2019jd031496,blind_test,2020,5,forecasting-predictability,false
https://doi.org/10.1029/2019jd032263,train,2020,5,cloud-precipitation-microphysics,false
https://doi.org/10.1029/2019jd032321,blind_test,2020,5,dynamics-weather-systems,false
https://doi.org/10.1029/2019jd032344,train,2020,5,dynamics-weather-systems,false
https://doi.org/10.1029/2019jd032356,train,2020,5,dynamics-weather-systems,false
https://doi.org/10.1029/2019jd032361,development,2020,5,dynamics-weather-systems,true
https://doi.org/10.1029/2020ef001502,train,2020,7,climate-variability-change,false
https://doi.org/10.1029/2020ef001520,train,2020,7,dynamics-weather-systems,false
https://doi.org/10.1029/2020ef001665,train,2021,7,atmospheric-chemistry,false
https://doi.org/10.1029/2020ef001778,train,2020,7,air-quality-exposure,false
https://doi.org/10.1029/2020ef001783,train,2020,7,extremes,false
https://doi.org/10.1029/2020ef001801,train,2020,7,unclassified,false
https://doi.org/10.1029/2020ef001837,train,2021,7,dynamics-weather-systems,false
https://doi.org/10.1029/2020ef001866,train,2021,7,unclassified,true
https://doi.org/10.1029/2020ef001885,train,2021,7,air-quality-exposure,false
https://doi.org/10.1029/2020ef001896,train,2021,7,dynamics-weather-systems,false
https://doi.org/10.1029/2020ef001938,train,2021,7,dynamics-weather-systems,false
https://doi.org/10.1029/2020ef001965,train,2021,7,dynamics-weather-systems,false
https://doi.org/10.1029/2020gl087232,train,2020,4,dynamics-weather-systems,false
https://doi.org/10.1029/2020gl087291,train,2020,4,observations-instruments,false
https://doi.org/10.1029/2020gl087820,train,2020,4,cloud-precipitation-microphysics,false
https://doi.org/10.1029/2020gl087978,train,2020,4,forecasting-predictability,false
https://doi.org/10.1029/2020gl088070,blind_test,2020,4,forecasting-predictability,false
https://doi.org/10.1029/2020gl088229,train,2020,4,dynamics-weather-systems,false
https://doi.org/10.1029/2020gl088306,blind_test,2020,4,dynamics-weather-systems,false
https://doi.org/10.1029/2020gl089269,train,2020,4,forecasting-predictability,false
https://doi.org/10.1029/2020gl089858,development,2020,4,dynamics-weather-systems,false
https://doi.org/10.1029/2020gl090617,train,2020,4,dynamics-weather-systems,false
https://doi.org/10.1029/2020gl090814,train,2020,4,atmospheric-chemistry,false
https://doi.org/10.1029/2020gl092069,train,2021,4,atmospheric-chemistry,false
https://doi.org/10.1029/2020jd032701,train,2020,5,dynamics-weather-systems,false
https://doi.org/10.1029/2020jd033271,development,2020,5,atmospheric-chemistry,false
https://doi.org/10.1029/2020jd033455,blind_test,2020,5,extremes,false
https://doi.org/10.1029/2020jd033788,train,2021,5,dynamics-weather-systems,false
https://doi.org/10.1029/2020jd034202,development,2021,5,cloud-precipitation-microphysics,false
https://doi.org/10.1029/2020jd034213,development,2021,5,forecasting-predictability,false
https://doi.org/10.1029/2021ef001996,development,2021,7,air-quality-exposure,false
https://doi.org/10.1029/2021ef002016,train,2021,7,air-quality-exposure,false
https://doi.org/10.1029/2021ef002178,train,2021,7,land-atmosphere,false
https://doi.org/10.1029/2021ef002241,train,2021,7,dynamics-weather-systems,false
https://doi.org/10.1029/2021ef002275,blind_test,2021,7,dynamics-weather-systems,false
https://doi.org/10.1029/2021ef002289,blind_test,2022,7,forecasting-predictability,false
https://doi.org/10.1029/2021ef002334,train,2022,7,dynamics-weather-systems,false
https://doi.org/10.1029/2021ef002340,train,2021,7,dynamics-weather-systems,true
https://doi.org/10.1029/2021ef002394,blind_test,2022,7,dynamics-weather-systems,false
https://doi.org/10.1029/2021ef002396,development,2022,7,climate-variability-change,false
https://doi.org/10.1029/2021ef002566,train,2022,7,dynamics-weather-systems,false
https://doi.org/10.1029/2021ef002567,train,2022,7,climate-variability-change,true
https://doi.org/10.1029/2021ef002612,development,2022,7,dynamics-weather-systems,false
https://doi.org/10.1029/2021ef002621,train,2022,7,dynamics-weather-systems,true
https://doi.org/10.1029/2021gl092976,development,2021,4,atmospheric-chemistry,false
https://doi.org/10.1029/2021gl093047,train,2021,4,dynamics-weather-systems,false
https://doi.org/10.1029/2021gl093799,blind_test,2021,4,remote-sensing-retrieval,false
https://doi.org/10.1029/2022ef002674,train,2022,7,land-atmosphere,false
https://doi.org/10.1029/2022ef002682,train,2022,7,air-quality-exposure,true
https://doi.org/10.1029/2022ef002746,blind_test,2022,7,atmospheric-chemistry,false
https://doi.org/10.1029/2022ef002987,train,2023,7,unclassified,false
https://doi.org/10.1029/2022ef003230,development,2023,7,cloud-precipitation-microphysics,false
https://doi.org/10.1029/2022ef003452,train,2023,7,air-quality-exposure,false
https://doi.org/10.1029/2022gl098158,train,2022,4,dynamics-weather-systems,false
https://doi.org/10.1029/2023gl107652,train,2024,4,dynamics-weather-systems,false
https://doi.org/10.1029/2023jd039538,train,2024,5,ocean-atmosphere,false
https://doi.org/10.1029/2024ef004540,train,2024,7,statistics-causal-ml,false
https://doi.org/10.1038/s41612-017-0004-6,train,2017,10,cloud-precipitation-microphysics,true
https://doi.org/10.1038/s41612-017-0007-3,blind_test,2018,10,dynamics-weather-systems,true
https://doi.org/10.1038/s41612-017-0008-2,train,2017,10,dynamics-weather-systems,true
https://doi.org/10.1038/s41612-017-0010-8,train,2017,10,forecasting-predictability,true
https://doi.org/10.1038/s41612-018-0012-1,train,2018,10,observations-instruments,true
https://doi.org/10.1038/s41612-018-0013-0,train,2018,10,dynamics-weather-systems,true
https://doi.org/10.1038/s41612-018-0014-z,train,2018,10,forecasting-predictability,true
https://doi.org/10.1038/s41612-018-0023-y,blind_test,2018,10,dynamics-weather-systems,true
https://doi.org/10.1038/s41612-018-0026-8,blind_test,2018,10,dynamics-weather-systems,true
https://doi.org/10.1038/s41612-018-0030-z,development,2018,10,dynamics-weather-systems,true
https://doi.org/10.1038/s41612-018-0037-5,blind_test,2018,10,atmospheric-chemistry,true
https://doi.org/10.1038/s41612-018-0038-4,train,2018,10,dynamics-weather-systems,true
https://doi.org/10.1038/s41612-018-0039-3,train,2018,10,dynamics-weather-systems,true
https://doi.org/10.1038/s41612-018-0040-x,train,2018,10,atmospheric-chemistry,true
https://doi.org/10.1038/s41612-018-0041-9,train,2018,10,dynamics-weather-systems,true
https://doi.org/10.1038/s41612-018-0042-8,train,2018,10,land-atmosphere,true
https://doi.org/10.1038/s41612-018-0043-7,development,2018,10,dynamics-weather-systems,true
https://doi.org/10.1038/s41612-018-0046-4,development,2018,10,cloud-precipitation-microphysics,true
https://doi.org/10.1038/s41612-018-0048-2,train,2018,10,dynamics-weather-systems,true
https://doi.org/10.1038/s41612-018-0054-4,train,2018,10,atmospheric-chemistry,true
https://doi.org/10.1038/s41612-018-0056-2,train,2018,10,atmospheric-chemistry,true
https://doi.org/10.1038/s41612-019-0065-9,train,2019,10,dynamics-weather-systems,true
https://doi.org/10.1038/s41612-019-0069-5,train,2019,10,atmospheric-chemistry,true
https://doi.org/10.1038/s41612-019-0071-y,train,2019,10,forecasting-predictability,true
https://doi.org/10.1038/s41612-019-0072-x,train,2019,10,cloud-precipitation-microphysics,true
https://doi.org/10.1038/s41612-019-0073-9,train,2019,10,cloud-precipitation-microphysics,true
https://doi.org/10.1038/s41612-019-0074-8,blind_test,2019,10,dynamics-weather-systems,true
https://doi.org/10.1038/s41612-019-0077-5,train,2019,10,cloud-precipitation-microphysics,true
https://doi.org/10.1038/s41612-019-0083-7,train,2019,10,dynamics-weather-systems,true
https://doi.org/10.1038/s41612-019-0084-6,train,2019,10,climate-variability-change,true
https://doi.org/10.1038/s41612-019-0086-4,development,2019,10,dynamics-weather-systems,true
https://doi.org/10.1038/s41612-019-0091-7,train,2019,10,cloud-precipitation-microphysics,true
https://doi.org/10.1038/s41612-019-0093-5,train,2019,10,atmospheric-chemistry,true
https://doi.org/10.1038/s41612-019-0095-3,development,2019,10,dynamics-weather-systems,true
https://doi.org/10.1038/s41612-019-0098-0,train,2019,10,forecasting-predictability,true
https://doi.org/10.1038/s41612-019-0103-7,train,2019,10,observations-instruments,true
https://doi.org/10.1038/s41612-020-00131-0,train,2020,10,dynamics-weather-systems,true
https://doi.org/10.1038/s41612-020-00142-x,train,2020,10,forecasting-predictability,true
https://doi.org/10.1038/s41612-020-00145-8,train,2020,10,cloud-precipitation-microphysics,true
https://doi.org/10.1038/s41612-020-00146-7,train,2020,10,dynamics-weather-systems,true
https://doi.org/10.1038/s41612-020-00148-5,train,2020,10,observations-instruments,true
https://doi.org/10.1038/s41612-020-00149-4,train,2020,10,cloud-precipitation-microphysics,true
https://doi.org/10.1038/s41612-020-00151-w,train,2020,10,dynamics-weather-systems,true
https://doi.org/10.1038/s41612-020-00153-8,train,2020,10,cloud-precipitation-microphysics,true
https://doi.org/10.1038/s41612-020-00154-7,train,2020,10,dynamics-weather-systems,true
https://doi.org/10.1038/s41612-020-00158-3,train,2021,10,dynamics-weather-systems,true
https://doi.org/10.1038/s41612-020-00159-2,train,2021,10,cloud-precipitation-microphysics,true
https://doi.org/10.1038/s41612-020-0106-4,train,2020,10,cloud-precipitation-microphysics,true
https://doi.org/10.1038/s41612-020-0110-8,train,2020,10,dynamics-weather-systems,true
https://doi.org/10.1038/s41612-020-0113-5,train,2020,10,dynamics-weather-systems,true
https://doi.org/10.1038/s41612-020-0115-3,train,2020,10,air-quality-exposure,true
https://doi.org/10.1038/s41612-020-0116-2,train,2020,10,cloud-precipitation-microphysics,true
https://doi.org/10.1038/s41612-020-0120-6,train,2020,10,dynamics-weather-systems,true
https://doi.org/10.1038/s41612-020-0121-5,train,2020,10,observations-instruments,true
https://doi.org/10.1038/s41612-020-0124-2,train,2020,10,air-quality-exposure,true
https://doi.org/10.1038/s41612-020-0130-4,blind_test,2020,10,dynamics-weather-systems,true
https://doi.org/10.1038/s41612-021-00165-y,train,2021,10,boundary-layer-turbulence,true
https://doi.org/10.1038/s41612-021-00169-8,train,2021,10,dynamics-weather-systems,true
https://doi.org/10.1038/s41612-021-00178-7,train,2021,10,dynamics-weather-systems,true
https://doi.org/10.1038/s41612-021-00185-8,train,2021,10,dynamics-weather-systems,true
https://doi.org/10.1038/s41612-021-00190-x,train,2021,10,dynamics-weather-systems,true
https://doi.org/10.1038/s41612-021-00192-9,train,2021,10,cloud-precipitation-microphysics,true
https://doi.org/10.1038/s41612-021-00202-w,train,2021,10,dynamics-weather-systems,true
https://doi.org/10.1038/s41612-021-00211-9,train,2021,10,dynamics-weather-systems,true
https://doi.org/10.1038/s41612-021-00218-2,train,2021,10,climate-variability-change,true
https://doi.org/10.1038/s41612-021-00220-8,train,2021,10,climate-variability-change,true
https://doi.org/10.1038/s41612-021-00224-4,train,2022,10,dynamics-weather-systems,true
https://doi.org/10.1038/s41612-021-00226-2,train,2022,10,dynamics-weather-systems,true
https://doi.org/10.1038/s41612-022-00238-6,train,2022,10,atmospheric-chemistry,true
https://doi.org/10.1038/s41612-022-00239-5,train,2022,10,extremes,true
https://doi.org/10.1038/s41612-022-00248-4,train,2022,10,dynamics-weather-systems,false
https://doi.org/10.1038/s41612-022-00249-3,train,2022,10,forecasting-predictability,true
https://doi.org/10.1038/s41612-022-00255-5,development,2022,10,dynamics-weather-systems,true
https://doi.org/10.1038/s41612-022-00265-3,train,2022,10,dynamics-weather-systems,true
https://doi.org/10.1038/s41612-022-00272-4,train,2022,10,dynamics-weather-systems,true
https://doi.org/10.1038/s41612-022-00301-2,blind_test,2022,10,observations-instruments,true
https://doi.org/10.1038/s41612-022-00303-0,train,2022,10,dynamics-weather-systems,true
https://doi.org/10.1038/s41612-022-00305-y,blind_test,2022,10,climate-variability-change,true
https://doi.org/10.1038/s41612-022-00325-8,development,2022,10,dynamics-weather-systems,true
https://doi.org/10.1038/s41612-023-00365-8,train,2023,10,dynamics-weather-systems,true
https://doi.org/10.1038/s41612-023-00386-3,train,2023,10,dynamics-weather-systems,true
https://doi.org/10.1038/s41612-023-00388-1,development,2023,10,extremes,true
https://doi.org/10.1038/s41612-023-00401-7,train,2023,10,climate-variability-change,true
https://doi.org/10.1038/s41612-023-00423-1,development,2023,10,dynamics-weather-systems,true
https://doi.org/10.1038/s41612-023-00458-4,blind_test,2023,10,climate-variability-change,true
https://doi.org/10.1038/s41612-023-00468-2,train,2023,10,dynamics-weather-systems,true
https://doi.org/10.1038/s41612-023-00479-z,train,2023,10,air-quality-exposure,true
https://doi.org/10.1038/s41612-023-00486-0,blind_test,2023,10,dynamics-weather-systems,true
https://doi.org/10.1038/s41612-023-00507-y,development,2023,10,atmospheric-radiation,true
https://doi.org/10.1038/s41612-023-00512-1,blind_test,2023,10,forecasting-predictability,true
https://doi.org/10.1038/s41612-023-00529-6,train,2023,10,dynamics-weather-systems,true
https://doi.org/10.1038/s41612-023-00531-y,development,2023,10,dynamics-weather-systems,true
https://doi.org/10.1038/s41612-024-00575-8,development,2024,10,dynamics-weather-systems,true
https://doi.org/10.1038/s41612-024-00578-5,blind_test,2024,10,dynamics-weather-systems,true
https://doi.org/10.1038/s41612-024-00598-1,blind_test,2024,10,forecasting-predictability,true
https://doi.org/10.1038/s41612-024-00708-z,train,2024,10,dynamics-weather-systems,false
https://doi.org/10.1038/s41612-024-00751-w,train,2024,10,dynamics-weather-systems,true
https://doi.org/10.1038/s41612-024-00888-8,train,2025,10,dynamics-weather-systems,true
https://doi.org/10.1038/s41612-025-00914-3,development,2025,10,unclassified,false
https://doi.org/10.1038/s41612-025-01070-4,train,2025,10,air-quality-exposure,true
https://doi.org/10.1080/16000889.2017.1291158,train,2017,27,dynamics-weather-systems,false
https://doi.org/10.1080/16000889.2017.1299672,train,2017,27,dynamics-weather-systems,false
https://doi.org/10.1080/16000889.2017.1303228,train,2017,27,atmospheric-chemistry,false
https://doi.org/10.1080/16000889.2017.1304064,blind_test,2017,27,cloud-precipitation-microphysics,false
https://doi.org/10.1080/16000889.2017.1311767,development,2017,27,dynamics-weather-systems,false
https://doi.org/10.1080/16000889.2017.1325723,train,2017,27,dynamics-weather-systems,false
https://doi.org/10.1080/16000889.2017.1328945,train,2017,27,dynamics-weather-systems,true
https://doi.org/10.1080/16000889.2017.1339548,train,2017,27,cloud-precipitation-microphysics,false
https://doi.org/10.1080/16000889.2017.1347484,train,2017,27,cloud-precipitation-microphysics,false
https://doi.org/10.1080/16000889.2017.1353388,train,2017,27,dynamics-weather-systems,false
https://doi.org/10.1080/16000889.2017.1361757,blind_test,2017,27,dynamics-weather-systems,false
https://doi.org/10.1080/16000889.2017.1369341,train,2017,27,cloud-precipitation-microphysics,false
https://doi.org/10.1080/16000889.2017.1369342,train,2017,27,cloud-precipitation-microphysics,false
https://doi.org/10.1080/16000889.2017.1380497,train,2017,27,dynamics-weather-systems,false
https://doi.org/10.1080/16000889.2017.1391663,blind_test,2017,27,dynamics-weather-systems,false
https://doi.org/10.1080/16000889.2017.1399047,blind_test,2017,27,dynamics-weather-systems,false
https://doi.org/10.1080/16000889.2017.1414571,train,2018,27,cloud-precipitation-microphysics,false
https://doi.org/10.1080/16000889.2018.1443655,development,2018,27,climate-variability-change,false
https://doi.org/10.1080/16000889.2018.1450589,train,2018,27,dynamics-weather-systems,false
https://doi.org/10.1080/16000889.2018.1463806,train,2018,27,cloud-precipitation-microphysics,false
https://doi.org/10.1080/16000889.2018.1464871,train,2018,27,cloud-precipitation-microphysics,false
https://doi.org/10.1080/16000889.2018.1468705,train,2018,27,atmospheric-chemistry,false
https://doi.org/10.1080/16000889.2018.1476435,train,2018,27,cloud-precipitation-microphysics,false
https://doi.org/10.1080/16000889.2018.1478594,train,2018,27,dynamics-weather-systems,false
https://doi.org/10.1080/16000889.2018.1507390,development,2018,27,dynamics-weather-systems,false
https://doi.org/10.1080/16000889.2018.1513291,train,2018,27,cloud-precipitation-microphysics,false
https://doi.org/10.1080/16000889.2018.1528134,train,2019,27,cloud-precipitation-microphysics,false
https://doi.org/10.1080/16000889.2018.1530031,train,2018,27,forecasting-predictability,false
https://doi.org/10.1080/16000889.2018.1539618,train,2018,27,dynamics-weather-systems,false
https://doi.org/10.1080/16000889.2018.1550324,train,2019,27,atmospheric-chemistry,false
https://doi.org/10.1080/16000889.2018.1554414,train,2019,27,cloud-precipitation-microphysics,false
https://doi.org/10.1080/16000889.2018.1554415,blind_test,2019,27,dynamics-weather-systems,false
https://doi.org/10.1080/16000889.2018.1565030,train,2019,27,dynamics-weather-systems,true
https://doi.org/10.1080/16000889.2019.1581004,development,2019,27,atmospheric-chemistry,false
https://doi.org/10.1080/16000889.2019.1601987,train,2019,27,cloud-precipitation-microphysics,false
https://doi.org/10.1080/16000889.2019.1613143,train,2019,27,dynamics-weather-systems,false
https://doi.org/10.1080/16000889.2019.1620079,development,2019,27,cloud-precipitation-microphysics,false
https://doi.org/10.1080/16000889.2019.1623639,train,2019,27,cloud-precipitation-microphysics,false
https://doi.org/10.1080/16000889.2019.1627846,train,2019,27,dynamics-weather-systems,false
https://doi.org/10.1080/16000889.2019.1633848,train,2019,27,dynamics-weather-systems,false
https://doi.org/10.1080/16000889.2019.1663994,train,2019,27,cloud-precipitation-microphysics,false
https://doi.org/10.1080/16000889.2019.1695349,train,2019,27,boundary-layer-turbulence,false
https://doi.org/10.1080/16000889.2020.1721224,train,2020,27,cloud-precipitation-microphysics,false
https://doi.org/10.1080/16000889.2020.1721967,train,2020,27,cloud-precipitation-microphysics,false
https://doi.org/10.1080/16000889.2020.1723346,development,2020,27,dynamics-weather-systems,false
https://doi.org/10.1080/16000889.2020.1770509,development,2020,27,dynamics-weather-systems,false
https://doi.org/10.1080/16000889.2020.1773722,blind_test,2020,27,atmospheric-chemistry,false
https://doi.org/10.1080/16000889.2020.1776080,train,2020,27,cloud-precipitation-microphysics,false
https://doi.org/10.1080/16000889.2020.1778968,blind_test,2020,27,dynamics-weather-systems,false
https://doi.org/10.1080/16000889.2020.1792756,train,2020,27,cloud-precipitation-microphysics,false
https://doi.org/10.1080/16000889.2020.1794236,train,2020,27,climate-variability-change,false
https://doi.org/10.1080/16000889.2020.1801305,blind_test,2020,27,dynamics-weather-systems,false
https://doi.org/10.1080/16000889.2020.1803708,blind_test,2020,27,dynamics-weather-systems,false
https://doi.org/10.1080/16000889.2020.1821512,development,2020,27,atmospheric-chemistry,false
https://doi.org/10.1080/16000889.2020.1822063,train,2020,27,dynamics-weather-systems,false
https://doi.org/10.1080/16000889.2020.1823733,train,2020,27,dynamics-weather-systems,true
https://doi.org/10.1080/16000889.2020.1824486,train,2020,27,dynamics-weather-systems,false
https://doi.org/10.1080/16000889.2020.1863707,blind_test,2020,27,dynamics-weather-systems,false
https://doi.org/10.1080/16000889.2021.1875585,train,2021,27,atmospheric-chemistry,false
https://doi.org/10.1080/16000889.2021.1898906,blind_test,2021,27,cloud-precipitation-microphysics,false
https://doi.org/10.1080/16000889.2021.1915614,development,2021,27,cloud-precipitation-microphysics,true
https://doi.org/10.1080/16000889.2021.1915648,development,2021,27,dynamics-weather-systems,false
https://doi.org/10.1080/16000889.2021.1917862,blind_test,2021,27,climate-variability-change,false
https://doi.org/10.1080/16000889.2021.1933780,train,2021,27,boundary-layer-turbulence,false
https://doi.org/10.1080/16000889.2021.1933783,train,2021,27,dynamics-weather-systems,false
https://doi.org/10.1080/16000889.2021.1971924,train,2021,27,climate-variability-change,false
https://doi.org/10.1080/16000889.2021.1971925,train,2021,27,cloud-precipitation-microphysics,true
https://doi.org/10.1080/16000889.2021.1979856,blind_test,2021,27,cloud-precipitation-microphysics,false
https://doi.org/10.1175/2016bamsstateoftheclimate.1,train,2016,1,climate-variability-change,false
https://doi.org/10.1175/2018bamsstateoftheclimate.1,development,2018,1,dynamics-weather-systems,true
https://doi.org/10.1175/2019bamsstateoftheclimate.1,train,2019,1,dynamics-weather-systems,true
https://doi.org/10.1175/2020bamsstateoftheclimate.1,train,2020,1,dynamics-weather-systems,true
https://doi.org/10.1175/2021bamsstateoftheclimate.1,train,2021,1,climate-variability-change,true
https://doi.org/10.1175/bams-d-14-00173.1,train,2016,1,cloud-precipitation-microphysics,false
https://doi.org/10.1175/bams-d-14-00193.1,train,2016,1,unclassified,false
https://doi.org/10.1175/bams-d-14-00226.1,train,2016,1,dynamics-weather-systems,true
https://doi.org/10.1175/bams-d-14-00246.1,train,2016,1,dynamics-weather-systems,true
https://doi.org/10.1175/bams-d-14-00255.1,train,2016,1,cloud-precipitation-microphysics,false
https://doi.org/10.1175/bams-d-14-00283.1,development,2016,1,cloud-precipitation-microphysics,false
https://doi.org/10.1175/bams-d-15-00013.1,train,2016,1,dynamics-weather-systems,true
https://doi.org/10.1175/bams-d-15-0004.1,train,2016,1,dynamics-weather-systems,false
https://doi.org/10.1175/bams-d-15-00082.1,development,2016,1,cloud-precipitation-microphysics,true
https://doi.org/10.1175/bams-d-15-00135.1,train,2016,1,dynamics-weather-systems,true
https://doi.org/10.1175/bams-d-15-00142.1,blind_test,2016,1,cloud-precipitation-microphysics,false
https://doi.org/10.1175/bams-d-15-00212.1,development,2016,1,atmospheric-chemistry,false
https://doi.org/10.1175/bams-d-15-00213.1,train,2016,1,cloud-precipitation-microphysics,true
https://doi.org/10.1175/bams-d-15-00221.1,blind_test,2016,1,cloud-precipitation-microphysics,true
https://doi.org/10.1175/bams-d-15-00224.1,train,2017,1,dynamics-weather-systems,false
https://doi.org/10.1175/bams-d-15-00230.1,blind_test,2016,1,dynamics-weather-systems,false
https://doi.org/10.1175/bams-d-15-00235.1,train,2016,1,dynamics-weather-systems,true
https://doi.org/10.1175/bams-d-15-00243.1,development,2016,1,forecasting-predictability,false
https://doi.org/10.1175/bams-d-15-00247.1,train,2016,1,forecasting-predictability,true
https://doi.org/10.1175/bams-d-15-00257.1,development,2016,1,dynamics-weather-systems,false
https://doi.org/10.1175/bams-d-15-00267.1,train,2016,1,statistics-causal-ml,false
https://doi.org/10.1175/bams-d-15-00268.1,train,2016,1,dynamics-weather-systems,true
https://doi.org/10.1175/bams-d-15-00299.1,train,2017,1,dynamics-weather-systems,false
https://doi.org/10.1175/bams-d-15-00306.1,blind_test,2016,1,cloud-precipitation-microphysics,true
https://doi.org/10.1175/bams-d-15-00308.1,train,2017,1,dynamics-weather-systems,false
https://doi.org/10.1175/bams-d-15-00324.1,train,2017,1,dynamics-weather-systems,false
https://doi.org/10.1175/bams-d-16-0007.1,train,2017,1,dynamics-weather-systems,true
https://doi.org/10.1175/bams-d-16-0009.1,development,2016,1,climate-variability-change,false
https://doi.org/10.1175/bams-d-16-0017.1,train,2016,1,forecasting-predictability,true
https://doi.org/10.1175/bams-d-16-0019.1,train,2016,1,cloud-precipitation-microphysics,true
https://doi.org/10.1175/bams-d-16-0030.1,train,2017,1,dynamics-weather-systems,false
https://doi.org/10.1175/bams-d-16-0046.1,train,2017,1,dynamics-weather-systems,true
https://doi.org/10.1175/bams-d-16-0052.1,train,2017,1,dynamics-weather-systems,false
https://doi.org/10.1175/bams-d-16-0057.1,development,2016,1,climate-variability-change,true
https://doi.org/10.1175/bams-d-16-0065.1,train,2016,1,dynamics-weather-systems,false
https://doi.org/10.1175/bams-d-16-0099.1,blind_test,2016,1,dynamics-weather-systems,false
https://doi.org/10.1175/bams-d-16-0123.1,development,2017,1,climate-variability-change,false
https://doi.org/10.1175/bams-d-16-0134.1,blind_test,2016,1,dynamics-weather-systems,true
https://doi.org/10.1175/bams-d-16-0182.1,train,2017,1,cloud-precipitation-microphysics,false
https://doi.org/10.1175/bams-d-16-0236.1,development,2018,1,remote-sensing-retrieval,true
https://doi.org/10.1175/bams-d-16-0244.1,train,2018,1,dynamics-weather-systems,true
https://doi.org/10.1175/bams-d-16-0259.1,blind_test,2017,1,dynamics-weather-systems,true
https://doi.org/10.1175/bams-d-16-0287.1,blind_test,2018,1,dynamics-weather-systems,false
https://doi.org/10.1175/bams-d-16-0292.1,train,2017,1,dynamics-weather-systems,false
https://doi.org/10.1175/bams-d-16-0301.1,blind_test,2017,1,cloud-precipitation-microphysics,false
https://doi.org/10.1175/bams-d-16-0324.1,train,2017,1,cloud-precipitation-microphysics,true
https://doi.org/10.1175/bams-d-17-0001.1,train,2017,1,remote-sensing-retrieval,true
https://doi.org/10.1175/bams-d-17-0003.1,train,2018,1,dynamics-weather-systems,true
https://doi.org/10.1175/bams-d-17-0036.1,train,2017,1,forecasting-predictability,false
https://doi.org/10.1175/bams-d-17-0057.1,train,2018,1,dynamics-weather-systems,true
https://doi.org/10.1175/bams-d-17-0098.1,train,2018,1,dynamics-weather-systems,true
https://doi.org/10.1175/bams-d-17-0133.1,train,2017,1,cloud-precipitation-microphysics,false
https://doi.org/10.1175/bams-d-17-0138.1,train,2018,1,cloud-precipitation-microphysics,true
https://doi.org/10.1175/bams-d-17-0149.1,train,2017,1,climate-variability-change,false
https://doi.org/10.1175/bams-d-17-0157.1,train,2018,1,climate-variability-change,false
https://doi.org/10.1175/bams-d-17-0184.1,development,2018,1,dynamics-weather-systems,false
https://doi.org/10.1175/bams-d-17-0212.1,train,2018,1,dynamics-weather-systems,true
https://doi.org/10.1175/bams-d-17-0223.1,train,2018,1,cloud-precipitation-microphysics,true
https://doi.org/10.1175/bams-d-17-0227.1,train,2018,1,observations-instruments,true
https://doi.org/10.1175/bams-d-17-0267.1,blind_test,2018,1,forecasting-predictability,true
https://doi.org/10.1175/bams-d-17-0278.1,train,2019,1,cloud-precipitation-microphysics,false
https://doi.org/10.1175/bams-d-18-0013.1,train,2019,1,dynamics-weather-systems,false
https://doi.org/10.1175/bams-d-18-0023.1,blind_test,2018,1,climate-variability-change,true
https://doi.org/10.1175/bams-d-18-0040.1,train,2019,1,forecasting-predictability,true
https://doi.org/10.1175/bams-d-18-0056.1,train,2019,1,cloud-precipitation-microphysics,true
https://doi.org/10.1175/bams-d-18-0072.1,train,2018,1,dynamics-weather-systems,false
https://doi.org/10.1175/bams-d-18-0109.1,development,2019,1,dynamics-weather-systems,false
https://doi.org/10.1175/bams-d-18-0167.1,train,2019,1,climate-variability-change,true
https://doi.org/10.1175/bams-d-18-0189.1,train,2019,1,dynamics-weather-systems,true
https://doi.org/10.1175/bams-d-18-0194.1,train,2019,1,dynamics-weather-systems,true
https://doi.org/10.1175/bams-d-18-0195.1,train,2019,1,climate-variability-change,true
https://doi.org/10.1175/bams-d-18-0211.1,development,2019,1,climate-variability-change,true
https://doi.org/10.1175/bams-d-18-0268.1,train,2019,1,dynamics-weather-systems,false
https://doi.org/10.1175/bams-d-18-0270.1,train,2019,1,dynamics-weather-systems,false
https://doi.org/10.1175/bams-d-18-0280.1,train,2019,1,climate-variability-change,true
https://doi.org/10.1175/bams-d-18-0290.1,development,2019,1,dynamics-weather-systems,true
https://doi.org/10.1175/bams-d-18-0326.1,blind_test,2020,1,dynamics-weather-systems,true
https://doi.org/10.1175/bams-d-18-0341.1,train,2020,1,dynamics-weather-systems,true
https://doi.org/10.1175/bams-d-19-0001.1,train,2019,1,observations-instruments,true
https://doi.org/10.1175/bams-d-19-0017.1,train,2020,1,dynamics-weather-systems,true
https://doi.org/10.1175/bams-d-19-0037.1,train,2020,1,dynamics-weather-systems,true
https://doi.org/10.1175/bams-d-19-0040.1,train,2019,1,dynamics-weather-systems,false
https://doi.org/10.1175/bams-d-19-0113.1,train,2020,1,dynamics-weather-systems,false
https://doi.org/10.1175/bams-d-19-0165.1,blind_test,2020,1,dynamics-weather-systems,true
https://doi.org/10.1175/bams-d-19-0198.1,train,2020,1,observations-instruments,true
https://doi.org/10.1175/bams-d-19-0304.1,development,2021,1,dynamics-weather-systems,true
https://doi.org/10.1175/bams-d-19-0308.1,train,2020,1,forecasting-predictability,true
https://doi.org/10.1175/bams-d-19-0335.1,train,2020,1,dynamics-weather-systems,true
https://doi.org/10.1175/bams-d-19-0337.1,blind_test,2020,1,climate-variability-change,true
https://doi.org/10.1175/bams-d-19-0364.1,blind_test,2021,1,dynamics-weather-systems,true
https://doi.org/10.1175/bams-d-20-0132.1,train,2020,1,cloud-precipitation-microphysics,true
https://doi.org/10.1175/bams-d-20-0193.1,train,2021,1,air-quality-exposure,false
https://doi.org/10.1175/bams-d-21-0075.1,train,2023,1,forecasting-predictability,true
https://doi.org/10.1175/bams-d-21-0125.1,train,2022,1,cloud-precipitation-microphysics,true
https://doi.org/10.1175/bams-d-23-0064.1,train,2024,1,forecasting-predictability,true
https://doi.org/10.1175/jamc-d-15-0130.1,train,2016,15,dynamics-weather-systems,false
https://doi.org/10.1175/jamc-d-15-0162.1,blind_test,2016,15,dynamics-weather-systems,false
https://doi.org/10.1175/jamc-d-15-0199.1,train,2016,15,dynamics-weather-systems,false
https://doi.org/10.1175/jamc-d-15-0203.1,train,2016,15,cloud-precipitation-microphysics,false
https://doi.org/10.1175/jamc-d-15-0214.1,development,2016,15,dynamics-weather-systems,true
https://doi.org/10.1175/jamc-d-15-0217.1,train,2016,15,dynamics-weather-systems,false
https://doi.org/10.1175/jamc-d-15-0248.1,train,2016,15,cloud-precipitation-microphysics,true
https://doi.org/10.1175/jamc-d-15-0249.1,development,2016,15,dynamics-weather-systems,false
https://doi.org/10.1175/jamc-d-15-0261.1,train,2016,15,boundary-layer-turbulence,false
https://doi.org/10.1175/jamc-d-15-0265.1,blind_test,2016,15,dynamics-weather-systems,false
https://doi.org/10.1175/jamc-d-15-0276.1,train,2016,15,observations-instruments,false
https://doi.org/10.1175/jamc-d-15-0297.1,train,2016,15,dynamics-weather-systems,false
https://doi.org/10.1175/jamc-d-15-0302.1,train,2016,15,dynamics-weather-systems,false
https://doi.org/10.1175/jamc-d-15-0304.1,development,2016,15,dynamics-weather-systems,false
https://doi.org/10.1175/jamc-d-15-0338.1,train,2016,15,dynamics-weather-systems,false
https://doi.org/10.1175/jamc-d-15-0342.1,train,2016,15,dynamics-weather-systems,false
https://doi.org/10.1175/jamc-d-15-0355.1,train,2016,15,cloud-precipitation-microphysics,false
https://doi.org/10.1175/jamc-d-16-0031.1,train,2016,15,forecasting-predictability,false
https://doi.org/10.1175/jamc-d-16-0082.1,train,2016,15,cloud-precipitation-microphysics,true
https://doi.org/10.1175/jamc-d-16-0096.1,blind_test,2016,15,dynamics-weather-systems,false
https://doi.org/10.1175/jamc-d-16-0102.1,blind_test,2016,15,dynamics-weather-systems,false
https://doi.org/10.1175/jamc-d-16-0143.1,train,2016,15,cloud-precipitation-microphysics,false
https://doi.org/10.1175/jamc-d-16-0168.1,blind_test,2017,15,air-quality-exposure,false
https://doi.org/10.1175/jamc-d-16-0175.1,train,2016,15,atmospheric-radiation,false
https://doi.org/10.1175/jamc-d-16-0183.1,train,2016,15,forecasting-predictability,false
https://doi.org/10.1175/jamc-d-16-0204.1,train,2017,15,forecasting-predictability,false
https://doi.org/10.1175/jamc-d-16-0205.1,train,2016,15,forecasting-predictability,false
https://doi.org/10.1175/jamc-d-16-0216.1,development,2016,15,cloud-precipitation-microphysics,false
https://doi.org/10.1175/jamc-d-16-0249.1,train,2017,15,dynamics-weather-systems,false
https://doi.org/10.1175/jamc-d-16-0258.1,development,2017,15,cloud-precipitation-microphysics,false
https://doi.org/10.1175/jamc-d-16-0262.1,train,2017,15,dynamics-weather-systems,false
https://doi.org/10.1175/jamc-d-16-0284.1,development,2017,15,forecasting-predictability,false
https://doi.org/10.1175/jamc-d-16-0298.1,development,2017,15,atmospheric-chemistry,false
https://doi.org/10.1175/jamc-d-16-0304.1,train,2016,15,cloud-precipitation-microphysics,false
https://doi.org/10.1175/jamc-d-16-0312.1,train,2017,15,forecasting-predictability,false
https://doi.org/10.1175/jamc-d-16-0325.1,train,2016,15,land-atmosphere,false
https://doi.org/10.1175/jamc-d-16-0334.1,train,2017,15,dynamics-weather-systems,false
https://doi.org/10.1175/jamc-d-16-0338.1,train,2017,15,remote-sensing-retrieval,false
https://doi.org/10.1175/jamc-d-16-0358.1,train,2017,15,dynamics-weather-systems,true
https://doi.org/10.1175/jamc-d-16-0359.1,train,2017,15,boundary-layer-turbulence,false
https://doi.org/10.1175/jamc-d-16-0368.1,train,2017,15,cloud-precipitation-microphysics,false
https://doi.org/10.1175/jamc-d-16-0375.1,train,2017,15,dynamics-weather-systems,false
https://doi.org/10.1175/jamc-d-16-0379.1,blind_test,2017,15,cloud-precipitation-microphysics,false
https://doi.org/10.1175/jamc-d-16-0383.1,train,2017,15,remote-sensing-retrieval,false
https://doi.org/10.1175/jamc-d-16-0384.1,train,2017,15,dynamics-weather-systems,false
https://doi.org/10.1175/jamc-d-16-0408.1,blind_test,2017,15,dynamics-weather-systems,false
https://doi.org/10.1175/jamc-d-16-0411.1,blind_test,2017,15,cloud-precipitation-microphysics,false
https://doi.org/10.1175/jamc-d-16-0415.1,train,2017,15,dynamics-weather-systems,true
https://doi.org/10.1175/jamc-d-17-0012.1,blind_test,2017,15,forecasting-predictability,false
https://doi.org/10.1175/jamc-d-17-0033.1,train,2017,15,cloud-precipitation-microphysics,true
https://doi.org/10.1175/jamc-d-17-0035.1,train,2017,15,dynamics-weather-systems,false
https://doi.org/10.1175/jamc-d-17-0065.1,train,2017,15,dynamics-weather-systems,false
https://doi.org/10.1175/jamc-d-17-0087.1,train,2017,15,observations-instruments,false
https://doi.org/10.1175/jamc-d-17-0090.1,development,2017,15,cloud-precipitation-microphysics,true
https://doi.org/10.1175/jamc-d-17-0093.1,train,2017,15,dynamics-weather-systems,false
https://doi.org/10.1175/jamc-d-17-0094.1,train,2018,15,dynamics-weather-systems,false
https://doi.org/10.1175/jamc-d-17-0121.1,train,2017,15,forecasting-predictability,false
https://doi.org/10.1175/jamc-d-17-0132.1,train,2017,15,climate-variability-change,true
https://doi.org/10.1175/jamc-d-17-0137.1,train,2018,15,dynamics-weather-systems,false
https://doi.org/10.1175/jamc-d-17-0160.1,train,2017,15,cloud-precipitation-microphysics,false
https://doi.org/10.1175/jamc-d-17-0167.1,development,2017,15,climate-variability-change,true
https://doi.org/10.1175/jamc-d-17-0194.1,train,2018,15,cloud-precipitation-microphysics,false
https://doi.org/10.1175/jamc-d-17-0243.1,blind_test,2018,15,air-quality-exposure,true
https://doi.org/10.1175/jamc-d-17-0254.1,train,2017,15,boundary-layer-turbulence,false
https://doi.org/10.1175/jamc-d-17-0265.1,train,2018,15,extremes,false
https://doi.org/10.1175/jamc-d-17-0276.1,train,2018,15,dynamics-weather-systems,true
https://doi.org/10.1175/jamc-d-17-0306.1,blind_test,2018,15,dynamics-weather-systems,true
https://doi.org/10.1175/jamc-d-17-0316.1,development,2018,15,air-quality-exposure,true
https://doi.org/10.1175/jamc-d-17-0334.1,train,2018,15,dynamics-weather-systems,false
https://doi.org/10.1175/jamc-d-18-0021.1,train,2019,15,forecasting-predictability,false
https://doi.org/10.1175/jamc-d-18-0073.1,train,2018,15,dynamics-weather-systems,false
https://doi.org/10.1175/jamc-d-18-0124.1,train,2019,15,cloud-precipitation-microphysics,true
https://doi.org/10.1175/jamc-d-18-0174.1,train,2019,15,climate-variability-change,true
https://doi.org/10.1175/jamc-d-18-0246.1,train,2019,15,dynamics-weather-systems,false
https://doi.org/10.1175/jamc-d-18-0247.1,train,2019,15,dynamics-weather-systems,true
https://doi.org/10.1175/jamc-d-18-0256.1,train,2019,15,observations-instruments,true
https://doi.org/10.1175/jamc-d-18-0271.1,train,2019,15,dynamics-weather-systems,true
https://doi.org/10.1175/jamc-d-18-0284.1,train,2019,15,cloud-precipitation-microphysics,true
https://doi.org/10.1175/jamc-d-18-0341.1,development,2019,15,cloud-precipitation-microphysics,false
https://doi.org/10.1175/jamc-d-19-0042.1,blind_test,2019,15,dynamics-weather-systems,true
https://doi.org/10.1175/jamc-d-19-0048.1,train,2019,15,observations-instruments,false
https://doi.org/10.1175/jamc-d-19-0073.1,train,2019,15,dynamics-weather-systems,false
https://doi.org/10.1175/jamc-d-19-0080.1,train,2019,15,dynamics-weather-systems,true
https://doi.org/10.1175/jamc-d-19-0124.1,development,2020,15,remote-sensing-retrieval,true
https://doi.org/10.1175/jamc-d-19-0125.1,train,2020,15,dynamics-weather-systems,false
https://doi.org/10.1175/jamc-d-19-0181.1,blind_test,2020,15,cloud-precipitation-microphysics,true
https://doi.org/10.1175/jamc-d-19-0185.1,train,2019,15,cloud-precipitation-microphysics,true
https://doi.org/10.1175/jamc-d-19-0194.1,blind_test,2019,15,cloud-precipitation-microphysics,false
https://doi.org/10.1175/jamc-d-19-0235.1,development,2019,15,model-evaluation-downscaling,true
https://doi.org/10.1175/jamc-d-19-0304.1,train,2020,15,numerical-weather-prediction,false
https://doi.org/10.1175/jamc-d-20-0037.1,train,2020,15,dynamics-weather-systems,true
https://doi.org/10.1175/jamc-d-20-0053.1,train,2020,15,dynamics-weather-systems,true
https://doi.org/10.1175/jamc-d-20-0057.1,train,2020,15,observations-instruments,false
https://doi.org/10.1175/jamc-d-20-0058.1,train,2020,15,cloud-precipitation-microphysics,true
https://doi.org/10.1175/jamc-d-20-0119.1,blind_test,2021,15,dynamics-weather-systems,false
https://doi.org/10.1175/jamc-d-20-0149.1,train,2021,15,dynamics-weather-systems,true
https://doi.org/10.1175/jamc-d-20-0162.1,development,2020,15,forecasting-predictability,true
https://doi.org/10.1175/jamc-d-20-0291.1,development,2021,15,dynamics-weather-systems,false
https://doi.org/10.1175/jamc-d-21-0029.1,train,2021,15,dynamics-weather-systems,true
https://doi.org/10.1175/jamc-d-22-0021.1,train,2022,15,air-quality-exposure,true
https://doi.org/10.1175/jas-d-15-0142.1,development,2016,13,dynamics-weather-systems,true
https://doi.org/10.1175/jas-d-15-0148.1,train,2016,13,boundary-layer-turbulence,false
https://doi.org/10.1175/jas-d-15-0168.1,train,2016,13,dynamics-weather-systems,false
https://doi.org/10.1175/jas-d-15-0185.1,train,2016,13,dynamics-weather-systems,false
https://doi.org/10.1175/jas-d-15-0215.1,train,2016,13,boundary-layer-turbulence,false
https://doi.org/10.1175/jas-d-15-0232.1,development,2016,13,climate-variability-change,false
https://doi.org/10.1175/jas-d-15-0236.1,train,2016,13,cloud-precipitation-microphysics,true
https://doi.org/10.1175/jas-d-15-0249.1,train,2016,13,dynamics-weather-systems,false
https://doi.org/10.1175/jas-d-15-0276.1,train,2016,13,cloud-precipitation-microphysics,false
https://doi.org/10.1175/jas-d-15-0278.1,train,2016,13,atmospheric-chemistry,true
https://doi.org/10.1175/jas-d-15-0285.1,blind_test,2016,13,cloud-precipitation-microphysics,false
https://doi.org/10.1175/jas-d-15-0295.1,train,2016,13,dynamics-weather-systems,false
https://doi.org/10.1175/jas-d-15-0302.1,blind_test,2016,13,dynamics-weather-systems,true
https://doi.org/10.1175/jas-d-15-0307.1,blind_test,2016,13,climate-variability-change,false
https://doi.org/10.1175/jas-d-15-0324.1,development,2016,13,dynamics-weather-systems,false
https://doi.org/10.1175/jas-d-15-0327.1,train,2016,13,atmospheric-chemistry,false
https://doi.org/10.1175/jas-d-15-0332.1,train,2016,13,dynamics-weather-systems,false
https://doi.org/10.1175/jas-d-15-0339.1,train,2016,13,dynamics-weather-systems,true
https://doi.org/10.1175/jas-d-15-0353.1,train,2016,13,dynamics-weather-systems,false
https://doi.org/10.1175/jas-d-15-0355.1,train,2016,13,cloud-precipitation-microphysics,false
https://doi.org/10.1175/jas-d-15-0367.1,development,2016,13,dynamics-weather-systems,false
https://doi.org/10.1175/jas-d-15-0370.1,development,2016,13,cloud-precipitation-microphysics,false
https://doi.org/10.1175/jas-d-15-0380.1,train,2016,13,dynamics-weather-systems,false
https://doi.org/10.1175/jas-d-16-0016.1,train,2016,13,dynamics-weather-systems,false
https://doi.org/10.1175/jas-d-16-0027.1,train,2016,13,cloud-precipitation-microphysics,false
https://doi.org/10.1175/jas-d-16-0033.1,blind_test,2016,13,dynamics-weather-systems,false
https://doi.org/10.1175/jas-d-16-0036.1,train,2016,13,climate-variability-change,false
https://doi.org/10.1175/jas-d-16-0037.1,blind_test,2016,13,cloud-precipitation-microphysics,false
https://doi.org/10.1175/jas-d-16-0044.1,train,2016,13,dynamics-weather-systems,false
https://doi.org/10.1175/jas-d-16-0059.1,train,2016,13,dynamics-weather-systems,false
https://doi.org/10.1175/jas-d-16-0066.1,train,2016,13,dynamics-weather-systems,false
https://doi.org/10.1175/jas-d-16-0074.1,train,2016,13,cloud-precipitation-microphysics,false
https://doi.org/10.1175/jas-d-16-0087.1,blind_test,2016,13,cloud-precipitation-microphysics,false
https://doi.org/10.1175/jas-d-16-0100.1,blind_test,2016,13,dynamics-weather-systems,false
https://doi.org/10.1175/jas-d-16-0102.1,train,2016,13,air-quality-exposure,false
https://doi.org/10.1175/jas-d-16-0104.1,train,2016,13,dynamics-weather-systems,false
https://doi.org/10.1175/jas-d-16-0106.1,train,2016,13,cloud-precipitation-microphysics,false
https://doi.org/10.1175/jas-d-16-0115.1,train,2016,13,cloud-precipitation-microphysics,false
https://doi.org/10.1175/jas-d-16-0119.1,train,2016,13,dynamics-weather-systems,true
https://doi.org/10.1175/jas-d-16-0131.1,development,2016,13,dynamics-weather-systems,true
https://doi.org/10.1175/jas-d-16-0166.1,train,2017,13,dynamics-weather-systems,false
https://doi.org/10.1175/jas-d-16-0180.1,train,2017,13,dynamics-weather-systems,true
https://doi.org/10.1175/jas-d-16-0194.1,train,2017,13,dynamics-weather-systems,false
https://doi.org/10.1175/jas-d-16-0205.1,blind_test,2017,13,atmospheric-chemistry,false
https://doi.org/10.1175/jas-d-16-0223.1,blind_test,2017,13,cloud-precipitation-microphysics,false
https://doi.org/10.1175/jas-d-16-0224.1,blind_test,2017,13,cloud-precipitation-microphysics,false
https://doi.org/10.1175/jas-d-16-0226.1,development,2017,13,dynamics-weather-systems,false
https://doi.org/10.1175/jas-d-16-0234.1,train,2016,13,dynamics-weather-systems,false
https://doi.org/10.1175/jas-d-16-0264.1,train,2017,13,dynamics-weather-systems,false
https://doi.org/10.1175/jas-d-16-0269.1,train,2017,13,dynamics-weather-systems,false
https://doi.org/10.1175/jas-d-16-0305.1,development,2017,13,dynamics-weather-systems,false
https://doi.org/10.1175/jas-d-16-0343.1,development,2017,13,climate-variability-change,false
https://doi.org/10.1175/jas-d-16-0344.1,train,2017,13,dynamics-weather-systems,false
https://doi.org/10.1175/jas-d-16-0350.1,train,2017,13,cloud-precipitation-microphysics,false
https://doi.org/10.1175/jas-d-16-0362.1,blind_test,2017,13,cloud-precipitation-microphysics,false
https://doi.org/10.1175/jas-d-17-0033.1,train,2017,13,dynamics-weather-systems,false
https://doi.org/10.1175/jas-d-17-0043.1,train,2017,13,dynamics-weather-systems,false
https://doi.org/10.1175/jas-d-17-0067.1,train,2017,13,dynamics-weather-systems,true
https://doi.org/10.1175/jas-d-17-0081.1,development,2017,13,dynamics-weather-systems,false
https://doi.org/10.1175/jas-d-17-0102.1,train,2017,13,cloud-precipitation-microphysics,false
https://doi.org/10.1175/jas-d-17-0123.1,train,2017,13,dynamics-weather-systems,false
https://doi.org/10.1175/jas-d-17-0136.1,development,2017,13,dynamics-weather-systems,false
https://doi.org/10.1175/jas-d-17-0155.1,train,2018,13,cloud-precipitation-microphysics,false
https://doi.org/10.1175/jas-d-17-0190.1,train,2018,13,cloud-precipitation-microphysics,false
https://doi.org/10.1175/jas-d-17-0217.1,train,2018,13,cloud-precipitation-microphysics,false
https://doi.org/10.1175/jas-d-17-0242.1,train,2018,13,cloud-precipitation-microphysics,false
https://doi.org/10.1175/jas-d-17-0244.1,train,2018,13,dynamics-weather-systems,false
https://doi.org/10.1175/jas-d-17-0264.1,train,2018,13,dynamics-weather-systems,true
https://doi.org/10.1175/jas-d-17-0343.1,development,2018,13,dynamics-weather-systems,false
https://doi.org/10.1175/jas-d-17-0397.1,train,2018,13,dynamics-weather-systems,false
https://doi.org/10.1175/jas-d-18-0006.1,blind_test,2018,13,cloud-precipitation-microphysics,false
https://doi.org/10.1175/jas-d-18-0035.1,train,2018,13,cloud-precipitation-microphysics,false
https://doi.org/10.1175/jas-d-18-0052.1,development,2018,13,cloud-precipitation-microphysics,true
https://doi.org/10.1175/jas-d-18-0070.1,train,2018,13,dynamics-weather-systems,false
https://doi.org/10.1175/jas-d-18-0078.1,train,2018,13,dynamics-weather-systems,true
https://doi.org/10.1175/jas-d-18-0141.1,train,2018,13,cloud-precipitation-microphysics,false
https://doi.org/10.1175/jas-d-18-0152.1,train,2018,13,dynamics-weather-systems,true
https://doi.org/10.1175/jas-d-18-0196.1,train,2018,13,dynamics-weather-systems,false
https://doi.org/10.1175/jas-d-18-0269.1,train,2019,13,dynamics-weather-systems,false
https://doi.org/10.1175/jas-d-18-0324.1,blind_test,2019,13,dynamics-weather-systems,false
https://doi.org/10.1175/jas-d-18-0331.1,train,2019,13,dynamics-weather-systems,true
https://doi.org/10.1175/jas-d-18-0343.1,train,2019,13,dynamics-weather-systems,true
https://doi.org/10.1175/jas-d-19-0042.1,train,2019,13,dynamics-weather-systems,true
https://doi.org/10.1175/jas-d-19-0096.1,train,2019,13,dynamics-weather-systems,false
https://doi.org/10.1175/jas-d-19-0116.1,train,2019,13,dynamics-weather-systems,false
https://doi.org/10.1175/jas-d-19-0243.1,blind_test,2020,13,dynamics-weather-systems,true
https://doi.org/10.1175/jas-d-19-0352.1,train,2020,13,dynamics-weather-systems,true
https://doi.org/10.1175/jas-d-20-0007.1,train,2020,13,cloud-precipitation-microphysics,false
https://doi.org/10.1175/jas-d-20-0016.1,development,2020,13,climate-variability-change,true
https://doi.org/10.1175/jas-d-20-0054.1,development,2020,13,dynamics-weather-systems,false
https://doi.org/10.1175/jas-d-20-0081.1,train,2020,13,cloud-precipitation-microphysics,true
https://doi.org/10.1175/jas-d-20-0200.1,train,2021,13,cloud-precipitation-microphysics,true
https://doi.org/10.1175/jas-d-20-0248.1,train,2020,13,dynamics-weather-systems,true
https://doi.org/10.1175/jas-d-20-0299.1,train,2021,13,dynamics-weather-systems,true
https://doi.org/10.1175/jas-d-20-0323.1,blind_test,2021,13,unclassified,false
https://doi.org/10.1175/jas-d-20-0338.1,blind_test,2021,13,cloud-precipitation-microphysics,false
https://doi.org/10.1175/jas-d-21-0003.1,train,2021,13,dynamics-weather-systems,false
https://doi.org/10.1175/jas-d-21-0054.1,development,2021,13,dynamics-weather-systems,false
https://doi.org/10.1175/jas-d-21-0077.1,train,2021,13,cloud-precipitation-microphysics,false
https://doi.org/10.1175/jas-d-21-0252.1,train,2022,13,dynamics-weather-systems,false
https://doi.org/10.1175/jcli-d-15-0239.1,blind_test,2016,2,climate-variability-change,false
https://doi.org/10.1175/jcli-d-15-0304.1,train,2016,2,dynamics-weather-systems,false
https://doi.org/10.1175/jcli-d-15-0358.1,train,2016,2,dynamics-weather-systems,true
https://doi.org/10.1175/jcli-d-15-0452.1,train,2016,2,cloud-precipitation-microphysics,true
https://doi.org/10.1175/jcli-d-15-0502.1,train,2016,2,dynamics-weather-systems,false
https://doi.org/10.1175/jcli-d-15-0508.1,blind_test,2016,2,climate-variability-change,false
https://doi.org/10.1175/jcli-d-15-0556.1,train,2016,2,dynamics-weather-systems,false
https://doi.org/10.1175/jcli-d-15-0564.1,train,2016,2,cloud-precipitation-microphysics,true
https://doi.org/10.1175/jcli-d-15-0611.1,train,2016,2,dynamics-weather-systems,false
https://doi.org/10.1175/jcli-d-15-0612.1,train,2016,2,dynamics-weather-systems,false
https://doi.org/10.1175/jcli-d-15-0618.1,development,2016,2,cloud-precipitation-microphysics,true
https://doi.org/10.1175/jcli-d-15-0654.1,development,2016,2,dynamics-weather-systems,false
https://doi.org/10.1175/jcli-d-15-0655.1,train,2016,2,dynamics-weather-systems,false
https://doi.org/10.1175/jcli-d-15-0679.1,train,2016,2,climate-variability-change,false
https://doi.org/10.1175/jcli-d-15-0730.1,train,2016,2,forecasting-predictability,false
https://doi.org/10.1175/jcli-d-15-0773.1,train,2016,2,dynamics-weather-systems,false
https://doi.org/10.1175/jcli-d-15-0792.1,blind_test,2016,2,dynamics-weather-systems,false
https://doi.org/10.1175/jcli-d-15-0799.1,train,2016,2,cloud-precipitation-microphysics,false
https://doi.org/10.1175/jcli-d-15-0842.1,train,2016,2,cloud-precipitation-microphysics,false
https://doi.org/10.1175/jcli-d-16-0057.1,train,2016,2,dynamics-weather-systems,false
https://doi.org/10.1175/jcli-d-16-0076.1,train,2016,2,dynamics-weather-systems,true
https://doi.org/10.1175/jcli-d-16-0127.1,train,2016,2,climate-variability-change,false
https://doi.org/10.1175/jcli-d-16-0180.1,train,2017,2,dynamics-weather-systems,false
https://doi.org/10.1175/jcli-d-16-0197.1,blind_test,2017,2,dynamics-weather-systems,false
https://doi.org/10.1175/jcli-d-16-0261.1,train,2017,2,dynamics-weather-systems,false
https://doi.org/10.1175/jcli-d-16-0269.1,train,2016,2,dynamics-weather-systems,false
https://doi.org/10.1175/jcli-d-16-0298.1,development,2016,2,dynamics-weather-systems,false
https://doi.org/10.1175/jcli-d-16-0338.1,train,2016,2,climate-variability-change,false
https://doi.org/10.1175/jcli-d-16-0351.1,blind_test,2016,2,dynamics-weather-systems,true
https://doi.org/10.1175/jcli-d-16-0408.1,train,2016,2,dynamics-weather-systems,false
https://doi.org/10.1175/jcli-d-16-0412.1,train,2016,2,dynamics-weather-systems,false
https://doi.org/10.1175/jcli-d-16-0420.1,development,2017,2,dynamics-weather-systems,true
https://doi.org/10.1175/jcli-d-16-0455.1,train,2017,2,dynamics-weather-systems,true
https://doi.org/10.1175/jcli-d-16-0458.1,development,2017,2,remote-sensing-retrieval,false
https://doi.org/10.1175/jcli-d-16-0489.1,train,2017,2,dynamics-weather-systems,false
https://doi.org/10.1175/jcli-d-16-0557.1,train,2017,2,dynamics-weather-systems,true
https://doi.org/10.1175/jcli-d-16-0570.1,train,2016,2,cloud-precipitation-microphysics,false
https://doi.org/10.1175/jcli-d-16-0597.1,train,2017,2,dynamics-weather-systems,false
https://doi.org/10.1175/jcli-d-16-0609.1,train,2017,2,cloud-precipitation-microphysics,true
https://doi.org/10.1175/jcli-d-16-0613.1,train,2017,2,dynamics-weather-systems,false
https://doi.org/10.1175/jcli-d-16-0614.1,train,2017,2,dynamics-weather-systems,false
https://doi.org/10.1175/jcli-d-16-0620.1,train,2016,2,atmospheric-chemistry,false
https://doi.org/10.1175/jcli-d-16-0671.1,train,2017,2,cloud-precipitation-microphysics,false
https://doi.org/10.1175/jcli-d-16-0699.1,train,2017,2,dynamics-weather-systems,false
https://doi.org/10.1175/jcli-d-16-0720.1,train,2016,2,remote-sensing-retrieval,true
https://doi.org/10.1175/jcli-d-16-0727.1,train,2017,2,dynamics-weather-systems,false
https://doi.org/10.1175/jcli-d-16-0758.1,train,2017,2,dynamics-weather-systems,false
https://doi.org/10.1175/jcli-d-16-0795.1,train,2017,2,dynamics-weather-systems,false
https://doi.org/10.1175/jcli-d-16-0807.1,train,2017,2,dynamics-weather-systems,false
https://doi.org/10.1175/jcli-d-16-0808.1,blind_test,2017,2,dynamics-weather-systems,false
https://doi.org/10.1175/jcli-d-16-0836.1,train,2017,2,dynamics-weather-systems,true
https://doi.org/10.1175/jcli-d-16-0844.1,train,2017,2,dynamics-weather-systems,false
https://doi.org/10.1175/jcli-d-17-0087.1,train,2017,2,cloud-precipitation-microphysics,true
https://doi.org/10.1175/jcli-d-17-0208.1,train,2017,2,dynamics-weather-systems,false
https://doi.org/10.1175/jcli-d-17-0236.1,development,2018,2,dynamics-weather-systems,false
https://doi.org/10.1175/jcli-d-17-0274.1,development,2017,2,climate-variability-change,false
https://doi.org/10.1175/jcli-d-17-0340.1,development,2017,2,climate-variability-change,false
https://doi.org/10.1175/jcli-d-17-0352.1,development,2018,2,observations-instruments,false
https://doi.org/10.1175/jcli-d-17-0427.1,blind_test,2018,2,dynamics-weather-systems,false
https://doi.org/10.1175/jcli-d-17-0523.1,train,2018,2,dynamics-weather-systems,false
https://doi.org/10.1175/jcli-d-17-0657.1,development,2018,2,dynamics-weather-systems,true
https://doi.org/10.1175/jcli-d-17-0898.1,train,2018,2,dynamics-weather-systems,false
https://doi.org/10.1175/jcli-d-18-0094.1,blind_test,2018,2,dynamics-weather-systems,false
https://doi.org/10.1175/jcli-d-18-0102.1,train,2018,2,cloud-precipitation-microphysics,true
https://doi.org/10.1175/jcli-d-18-0134.1,development,2018,2,dynamics-weather-systems,false
https://doi.org/10.1175/jcli-d-18-0149.1,blind_test,2018,2,dynamics-weather-systems,false
https://doi.org/10.1175/jcli-d-18-0210.1,blind_test,2018,2,forecasting-predictability,false
https://doi.org/10.1175/jcli-d-18-0233.1,development,2018,2,dynamics-weather-systems,true
https://doi.org/10.1175/jcli-d-18-0331.1,train,2019,2,dynamics-weather-systems,false
https://doi.org/10.1175/jcli-d-18-0372.1,blind_test,2018,2,dynamics-weather-systems,false
https://doi.org/10.1175/jcli-d-18-0449.1,train,2019,2,dynamics-weather-systems,false
https://doi.org/10.1175/jcli-d-18-0472.1,development,2019,2,dynamics-weather-systems,true
https://doi.org/10.1175/jcli-d-18-0643.1,train,2019,2,dynamics-weather-systems,false
https://doi.org/10.1175/jcli-d-18-0750.1,train,2019,2,dynamics-weather-systems,false
https://doi.org/10.1175/jcli-d-18-0843.1,train,2019,2,dynamics-weather-systems,true
https://doi.org/10.1175/jcli-d-19-0084.1,train,2019,2,observations-instruments,true
https://doi.org/10.1175/jcli-d-19-0137.1,blind_test,2019,2,dynamics-weather-systems,false
https://doi.org/10.1175/jcli-d-19-0332.1,train,2019,2,cloud-precipitation-microphysics,true
https://doi.org/10.1175/jcli-d-19-0461.1,blind_test,2019,2,dynamics-weather-systems,false
https://doi.org/10.1175/jcli-d-19-0471.1,development,2020,2,climate-variability-change,true
https://doi.org/10.1175/jcli-d-19-0639.1,train,2020,2,dynamics-weather-systems,true
https://doi.org/10.1175/jcli-d-19-0862.1,train,2020,2,dynamics-weather-systems,false
https://doi.org/10.1175/jcli-d-19-0892.1,train,2020,2,cloud-precipitation-microphysics,true
https://doi.org/10.1175/jcli-d-19-0910.1,blind_test,2020,2,climate-variability-change,true
https://doi.org/10.1175/jcli-d-19-0928.1,train,2020,2,dynamics-weather-systems,false
https://doi.org/10.1175/jcli-d-19-0976.1,blind_test,2020,2,dynamics-weather-systems,true
https://doi.org/10.1175/jcli-d-19-0993.1,train,2020,2,dynamics-weather-systems,false
https://doi.org/10.1175/jcli-d-19-0998.1,train,2020,2,dynamics-weather-systems,true
https://doi.org/10.1175/jcli-d-19-1013.1,train,2020,2,dynamics-weather-systems,true
https://doi.org/10.1175/jcli-d-20-0166.1,train,2020,2,dynamics-weather-systems,true
https://doi.org/10.1175/jcli-d-20-0346.1,development,2020,2,dynamics-weather-systems,false
https://doi.org/10.1175/jcli-d-20-0366.1,development,2020,2,climate-variability-change,false
https://doi.org/10.1175/jcli-d-20-0367.1,train,2020,2,dynamics-weather-systems,false
https://doi.org/10.1175/jcli-d-20-0412.1,train,2021,2,dynamics-weather-systems,true
https://doi.org/10.1175/jcli-d-20-0505.1,train,2020,2,dynamics-weather-systems,true
https://doi.org/10.1175/jcli-d-21-0200.1,train,2021,2,dynamics-weather-systems,false
https://doi.org/10.1175/jcli-d-21-0325.1,train,2022,2,dynamics-weather-systems,false
https://doi.org/10.1175/jcli-d-21-0451.1,train,2022,2,cloud-precipitation-microphysics,false
https://doi.org/10.1175/jcli-d-21-0648.1,train,2022,2,climate-variability-change,false
https://doi.org/10.1175/jcli-d-21-0982.1,train,2023,2,dynamics-weather-systems,true
https://doi.org/10.1175/jhm-d-15-0042.1,train,2016,16,cloud-precipitation-microphysics,false
https://doi.org/10.1175/jhm-d-15-0063.1,train,2016,16,remote-sensing-retrieval,false
https://doi.org/10.1175/jhm-d-15-0075.1,train,2016,16,cloud-precipitation-microphysics,false
https://doi.org/10.1175/jhm-d-15-0094.1,development,2016,16,cloud-precipitation-microphysics,false
https://doi.org/10.1175/jhm-d-15-0107.1,development,2016,16,dynamics-weather-systems,false
https://doi.org/10.1175/jhm-d-15-0112.1,train,2016,16,climate-variability-change,false
https://doi.org/10.1175/jhm-d-15-0121.1,train,2016,16,dynamics-weather-systems,false
https://doi.org/10.1175/jhm-d-15-0122.1,train,2016,16,dynamics-weather-systems,false
https://doi.org/10.1175/jhm-d-15-0123.1,blind_test,2016,16,cloud-precipitation-microphysics,false
https://doi.org/10.1175/jhm-d-15-0138.1,train,2016,16,cloud-precipitation-microphysics,false
https://doi.org/10.1175/jhm-d-15-0157.1,train,2016,16,observations-instruments,false
https://doi.org/10.1175/jhm-d-15-0158.1,train,2016,16,dynamics-weather-systems,false
https://doi.org/10.1175/jhm-d-15-0171.1,train,2016,16,dynamics-weather-systems,true
https://doi.org/10.1175/jhm-d-15-0177.1,train,2016,16,observations-instruments,false
https://doi.org/10.1175/jhm-d-15-0181.1,blind_test,2016,16,observations-instruments,true
https://doi.org/10.1175/jhm-d-15-0190.1,development,2016,16,cloud-precipitation-microphysics,true
https://doi.org/10.1175/jhm-d-15-0191.1,blind_test,2016,16,observations-instruments,false
https://doi.org/10.1175/jhm-d-15-0196.1,train,2016,16,dynamics-weather-systems,true
https://doi.org/10.1175/jhm-d-15-0197.1,train,2016,16,cloud-precipitation-microphysics,false
https://doi.org/10.1175/jhm-d-15-0202.1,train,2016,16,dynamics-weather-systems,false
https://doi.org/10.1175/jhm-d-15-0203.1,development,2016,16,cloud-precipitation-microphysics,false
https://doi.org/10.1175/jhm-d-15-0231.1,blind_test,2016,16,climate-variability-change,false
https://doi.org/10.1175/jhm-d-15-0241.1,train,2016,16,forecasting-predictability,false
https://doi.org/10.1175/jhm-d-16-0047.1,train,2016,16,observations-instruments,false
https://doi.org/10.1175/jhm-d-16-0056.1,train,2016,16,observations-instruments,true
https://doi.org/10.1175/jhm-d-16-0079.1,train,2016,16,cloud-precipitation-microphysics,false
https://doi.org/10.1175/jhm-d-16-0082.1,train,2016,16,extremes,false
https://doi.org/10.1175/jhm-d-16-0085.1,train,2017,16,cloud-precipitation-microphysics,false
https://doi.org/10.1175/jhm-d-16-0087.1,train,2016,16,cloud-precipitation-microphysics,false
https://doi.org/10.1175/jhm-d-16-0111.1,train,2016,16,dynamics-weather-systems,true
https://doi.org/10.1175/jhm-d-16-0112.1,train,2016,16,remote-sensing-retrieval,false
https://doi.org/10.1175/jhm-d-16-0124.1,blind_test,2017,16,cloud-precipitation-microphysics,false
https://doi.org/10.1175/jhm-d-16-0155.1,train,2017,16,dynamics-weather-systems,false
https://doi.org/10.1175/jhm-d-16-0168.1,train,2017,16,cloud-precipitation-microphysics,false
https://doi.org/10.1175/jhm-d-16-0173.1,development,2016,16,cloud-precipitation-microphysics,true
https://doi.org/10.1175/jhm-d-16-0174.1,blind_test,2016,16,cloud-precipitation-microphysics,false
https://doi.org/10.1175/jhm-d-16-0182.1,blind_test,2017,16,dynamics-weather-systems,false
https://doi.org/10.1175/jhm-d-16-0187.1,development,2017,16,cloud-precipitation-microphysics,false
https://doi.org/10.1175/jhm-d-16-0188.1,train,2017,16,observations-instruments,true
https://doi.org/10.1175/jhm-d-16-0195.1,train,2017,16,cloud-precipitation-microphysics,false
https://doi.org/10.1175/jhm-d-16-0198.1,train,2016,16,cloud-precipitation-microphysics,true
https://doi.org/10.1175/jhm-d-16-0246.1,development,2017,16,observations-instruments,false
https://doi.org/10.1175/jhm-d-16-0263.1,development,2017,16,cloud-precipitation-microphysics,false
https://doi.org/10.1175/jhm-d-16-0277.1,train,2017,16,cloud-precipitation-microphysics,true
https://doi.org/10.1175/jhm-d-16-0279.1,train,2017,16,dynamics-weather-systems,false
https://doi.org/10.1175/jhm-d-16-0284.1,train,2017,16,forecasting-predictability,false
https://doi.org/10.1175/jhm-d-17-0004.1,train,2017,16,dynamics-weather-systems,true
https://doi.org/10.1175/jhm-d-17-0018.1,blind_test,2017,16,observations-instruments,false
https://doi.org/10.1175/jhm-d-17-0032.1,train,2017,16,forecasting-predictability,false
https://doi.org/10.1175/jhm-d-17-0036.1,train,2017,16,cloud-precipitation-microphysics,true
https://doi.org/10.1175/jhm-d-17-0049.1,train,2017,16,air-quality-exposure,true
https://doi.org/10.1175/jhm-d-17-0063.1,train,2017,16,cloud-precipitation-microphysics,false
https://doi.org/10.1175/jhm-d-17-0099.1,train,2018,16,climate-variability-change,false
https://doi.org/10.1175/jhm-d-17-0111.1,train,2017,16,dynamics-weather-systems,false
https://doi.org/10.1175/jhm-d-17-0114.1,train,2017,16,observations-instruments,false
https://doi.org/10.1175/jhm-d-17-0125.1,train,2018,16,remote-sensing-retrieval,false
https://doi.org/10.1175/jhm-d-17-0130.1,train,2017,16,remote-sensing-retrieval,true
https://doi.org/10.1175/jhm-d-17-0135.1,train,2018,16,forecasting-predictability,false
https://doi.org/10.1175/jhm-d-17-0139.1,blind_test,2017,16,cloud-precipitation-microphysics,false
https://doi.org/10.1175/jhm-d-17-0152.1,train,2017,16,dynamics-weather-systems,true
https://doi.org/10.1175/jhm-d-17-0158.1,train,2018,16,cloud-precipitation-microphysics,false
https://doi.org/10.1175/jhm-d-17-0161.1,development,2017,16,cloud-precipitation-microphysics,false
https://doi.org/10.1175/jhm-d-17-0180.1,train,2018,16,cloud-precipitation-microphysics,false
https://doi.org/10.1175/jhm-d-17-0200.1,development,2018,16,remote-sensing-retrieval,false
https://doi.org/10.1175/jhm-d-17-0205.1,train,2018,16,dynamics-weather-systems,false
https://doi.org/10.1175/jhm-d-17-0209.1,train,2018,16,climate-variability-change,false
https://doi.org/10.1175/jhm-d-17-0212.1,blind_test,2018,16,cloud-precipitation-microphysics,false
https://doi.org/10.1175/jhm-d-18-0006.1,train,2018,16,dynamics-weather-systems,true
https://doi.org/10.1175/jhm-d-18-0013.1,train,2018,16,dynamics-weather-systems,false
https://doi.org/10.1175/jhm-d-18-0017.1,train,2018,16,dynamics-weather-systems,true
https://doi.org/10.1175/jhm-d-18-0040.1,train,2018,16,forecasting-predictability,true
https://doi.org/10.1175/jhm-d-18-0057.1,train,2018,16,climate-variability-change,true
https://doi.org/10.1175/jhm-d-18-0082.1,development,2019,16,dynamics-weather-systems,false
https://doi.org/10.1175/jhm-d-18-0094.1,train,2019,16,cloud-precipitation-microphysics,false
https://doi.org/10.1175/jhm-d-18-0129.1,train,2018,16,climate-variability-change,false
https://doi.org/10.1175/jhm-d-18-0171.1,train,2019,16,dynamics-weather-systems,true
https://doi.org/10.1175/jhm-d-18-0175.1,train,2019,16,dynamics-weather-systems,true
https://doi.org/10.1175/jhm-d-18-0198.1,train,2019,16,climate-variability-change,false
https://doi.org/10.1175/jhm-d-18-0217.1,train,2019,16,dynamics-weather-systems,false
https://doi.org/10.1175/jhm-d-18-0237.1,train,2019,16,dynamics-weather-systems,true
https://doi.org/10.1175/jhm-d-18-0242.1,blind_test,2019,16,dynamics-weather-systems,false
https://doi.org/10.1175/jhm-d-18-0253.1,development,2019,16,dynamics-weather-systems,true
https://doi.org/10.1175/jhm-d-18-0256.1,development,2019,16,cloud-precipitation-microphysics,true
https://doi.org/10.1175/jhm-d-19-0073.1,train,2019,16,cloud-precipitation-microphysics,true
https://doi.org/10.1175/jhm-d-19-0088.1,train,2020,16,dynamics-weather-systems,true
https://doi.org/10.1175/jhm-d-19-0110.1,train,2019,16,cloud-precipitation-microphysics,true
https://doi.org/10.1175/jhm-d-19-0123.1,train,2019,16,cloud-precipitation-microphysics,true
https://doi.org/10.1175/jhm-d-19-0125.1,development,2020,16,forecasting-predictability,true
https://doi.org/10.1175/jhm-d-19-0169.1,train,2020,16,forecasting-predictability,true
https://doi.org/10.1175/jhm-d-19-0193.1,train,2020,16,dynamics-weather-systems,true
https://doi.org/10.1175/jhm-d-19-0208.1,blind_test,2019,16,dynamics-weather-systems,false
https://doi.org/10.1175/jhm-d-19-0257.1,train,2020,16,cloud-precipitation-microphysics,true
https://doi.org/10.1175/jhm-d-19-0277.1,train,2020,16,dynamics-weather-systems,true
https://doi.org/10.1175/jhm-d-19-0290.1,train,2020,16,climate-variability-change,true
https://doi.org/10.1175/jhm-d-19-0298.1,blind_test,2020,16,cloud-precipitation-microphysics,false
https://doi.org/10.1175/jhm-d-20-0082.1,blind_test,2021,16,forecasting-predictability,true
https://doi.org/10.1175/jhm-d-20-0177.1,blind_test,2020,16,cloud-precipitation-microphysics,true
https://doi.org/10.1175/jhm-d-21-0017.1,development,2021,16,atmospheric-chemistry,true
https://doi.org/10.1175/jhm-d-21-0070.1,train,2021,16,dynamics-weather-systems,false
https://doi.org/10.1175/jhm-d-22-0194.1,train,2023,16,dynamics-weather-systems,false
https://doi.org/10.1175/jtech-d-15-0019.1,train,2016,17,dynamics-weather-systems,false
https://doi.org/10.1175/jtech-d-15-0020.1,train,2016,17,cloud-precipitation-microphysics,false
https://doi.org/10.1175/jtech-d-15-0032.1,train,2016,17,cloud-precipitation-microphysics,false
https://doi.org/10.1175/jtech-d-15-0097.1,train,2016,17,cloud-precipitation-microphysics,false
https://doi.org/10.1175/jtech-d-15-0102.1,train,2016,17,observations-instruments,false
https://doi.org/10.1175/jtech-d-15-0104.1,blind_test,2016,17,cloud-precipitation-microphysics,false
https://doi.org/10.1175/jtech-d-15-0135.1,train,2016,17,cloud-precipitation-microphysics,true
https://doi.org/10.1175/jtech-d-15-0147.1,train,2016,17,dynamics-weather-systems,false
https://doi.org/10.1175/jtech-d-15-0151.1,blind_test,2016,17,cloud-precipitation-microphysics,false
https://doi.org/10.1175/jtech-d-15-0154.1,train,2016,17,dynamics-weather-systems,false
https://doi.org/10.1175/jtech-d-15-0177.1,train,2016,17,cloud-precipitation-microphysics,false
https://doi.org/10.1175/jtech-d-15-0190.1,train,2016,17,dynamics-weather-systems,false
https://doi.org/10.1175/jtech-d-15-0193.1,blind_test,2016,17,ocean-atmosphere,false
https://doi.org/10.1175/jtech-d-15-0212.1,development,2016,17,dynamics-weather-systems,false
https://doi.org/10.1175/jtech-d-15-0213.1,train,2016,17,forecasting-predictability,false
https://doi.org/10.1175/jtech-d-15-0214.1,train,2016,17,dynamics-weather-systems,false
https://doi.org/10.1175/jtech-d-15-0218.1,train,2016,17,dynamics-weather-systems,false
https://doi.org/10.1175/jtech-d-15-0219.1,train,2016,17,dynamics-weather-systems,true
https://doi.org/10.1175/jtech-d-15-0246.1,train,2016,17,dynamics-weather-systems,false
https://doi.org/10.1175/jtech-d-16-0016.1,train,2016,17,cloud-precipitation-microphysics,false
https://doi.org/10.1175/jtech-d-16-0019.1,development,2016,17,cloud-precipitation-microphysics,false
https://doi.org/10.1175/jtech-d-16-0033.1,blind_test,2016,17,dynamics-weather-systems,false
https://doi.org/10.1175/jtech-d-16-0076.1,train,2017,17,cloud-precipitation-microphysics,false
https://doi.org/10.1175/jtech-d-16-0100.1,development,2016,17,dynamics-weather-systems,false
https://doi.org/10.1175/jtech-d-16-0101.1,train,2016,17,dynamics-weather-systems,false
https://doi.org/10.1175/jtech-d-16-0105.1,train,2016,17,cloud-precipitation-microphysics,false
https://doi.org/10.1175/jtech-d-16-0110.1,train,2016,17,cloud-precipitation-microphysics,false
https://doi.org/10.1175/jtech-d-16-0112.1,train,2016,17,dynamics-weather-systems,false
https://doi.org/10.1175/jtech-d-16-0113.1,train,2016,17,cloud-precipitation-microphysics,false
https://doi.org/10.1175/jtech-d-16-0119.1,development,2016,17,dynamics-weather-systems,true
https://doi.org/10.1175/jtech-d-16-0131.1,train,2016,17,dynamics-weather-systems,false
https://doi.org/10.1175/jtech-d-16-0145.1,blind_test,2017,17,dynamics-weather-systems,false
https://doi.org/10.1175/jtech-d-16-0148.1,train,2017,17,dynamics-weather-systems,false
https://doi.org/10.1175/jtech-d-16-0150.1,train,2017,17,land-atmosphere,false
https://doi.org/10.1175/jtech-d-16-0156.1,train,2016,17,unclassified,true
https://doi.org/10.1175/jtech-d-16-0171.1,train,2017,17,dynamics-weather-systems,false
https://doi.org/10.1175/jtech-d-16-0177.1,train,2017,17,unclassified,false
https://doi.org/10.1175/jtech-d-16-0188.1,train,2017,17,dynamics-weather-systems,false
https://doi.org/10.1175/jtech-d-16-0203.1,development,2017,17,dynamics-weather-systems,false
https://doi.org/10.1175/jtech-d-16-0211.1,train,2017,17,dynamics-weather-systems,false
https://doi.org/10.1175/jtech-d-16-0235.1,blind_test,2017,17,ocean-atmosphere,false
https://doi.org/10.1175/jtech-d-16-0238.1,train,2017,17,observations-instruments,false
https://doi.org/10.1175/jtech-d-16-0239.1,train,2018,17,unclassified,false
https://doi.org/10.1175/jtech-d-16-0243.1,train,2017,17,unclassified,false
https://doi.org/10.1175/jtech-d-16-0247.1,train,2017,17,climate-variability-change,false
https://doi.org/10.1175/jtech-d-16-0256.1,train,2017,17,cloud-precipitation-microphysics,false
https://doi.org/10.1175/jtech-d-17-0010.1,train,2017,17,dynamics-weather-systems,false
https://doi.org/10.1175/jtech-d-17-0017.1,train,2017,17,atmospheric-chemistry,false
https://doi.org/10.1175/jtech-d-17-0019.1,train,2017,17,cloud-precipitation-microphysics,false
https://doi.org/10.1175/jtech-d-17-0021.1,development,2017,17,dynamics-weather-systems,false
https://doi.org/10.1175/jtech-d-17-0055.1,development,2017,17,ocean-atmosphere,true
https://doi.org/10.1175/jtech-d-17-0057.1,train,2018,17,cloud-precipitation-microphysics,false
https://doi.org/10.1175/jtech-d-17-0076.1,train,2017,17,dynamics-weather-systems,false
https://doi.org/10.1175/jtech-d-17-0079.1,blind_test,2017,17,dynamics-weather-systems,false
https://doi.org/10.1175/jtech-d-17-0091.1,train,2017,17,dynamics-weather-systems,false
https://doi.org/10.1175/jtech-d-17-0109.1,train,2017,17,dynamics-weather-systems,false
https://doi.org/10.1175/jtech-d-17-0110.1,train,2017,17,forecasting-predictability,true
https://doi.org/10.1175/jtech-d-17-0128.1,train,2017,17,cloud-precipitation-microphysics,false
https://doi.org/10.1175/jtech-d-17-0130.1,train,2017,17,unclassified,true
https://doi.org/10.1175/jtech-d-17-0141.1,blind_test,2018,17,atmospheric-chemistry,true
https://doi.org/10.1175/jtech-d-17-0154.1,train,2018,17,dynamics-weather-systems,true
https://doi.org/10.1175/jtech-d-17-0159.1,train,2017,17,dynamics-weather-systems,false
https://doi.org/10.1175/jtech-d-17-0185.1,train,2018,17,forecasting-predictability,false
https://doi.org/10.1175/jtech-d-17-0186.1,development,2018,17,observations-instruments,false
https://doi.org/10.1175/jtech-d-17-0199.1,train,2018,17,dynamics-weather-systems,false
https://doi.org/10.1175/jtech-d-17-0219.1,train,2018,17,cloud-precipitation-microphysics,true
https://doi.org/10.1175/jtech-d-17-0223.1,blind_test,2018,17,observations-instruments,true
https://doi.org/10.1175/jtech-d-17-0226.1,train,2018,17,remote-sensing-retrieval,true
https://doi.org/10.1175/jtech-d-18-0007.1,development,2018,17,cloud-precipitation-microphysics,true
https://doi.org/10.1175/jtech-d-18-0101.1,train,2018,17,boundary-layer-turbulence,true
https://doi.org/10.1175/jtech-d-18-0105.1,train,2019,17,dynamics-weather-systems,true
https://doi.org/10.1175/jtech-d-18-0119.1,train,2019,17,dynamics-weather-systems,true
https://doi.org/10.1175/jtech-d-18-0141.1,development,2019,17,dynamics-weather-systems,false
https://doi.org/10.1175/jtech-d-18-0151.1,train,2019,17,dynamics-weather-systems,true
https://doi.org/10.1175/jtech-d-18-0197.1,train,2019,17,dynamics-weather-systems,true
https://doi.org/10.1175/jtech-d-19-0025.1,blind_test,2019,17,unclassified,false
https://doi.org/10.1175/jtech-d-19-0077.1,train,2019,17,cloud-precipitation-microphysics,true
https://doi.org/10.1175/jtech-d-19-0114.1,blind_test,2019,17,cloud-precipitation-microphysics,true
https://doi.org/10.1175/jtech-d-19-0146.1,train,2020,17,forecasting-predictability,false
https://doi.org/10.1175/jtech-d-19-0168.1,development,2019,17,forecasting-predictability,false
https://doi.org/10.1175/jtech-d-19-0175.1,development,2020,17,dynamics-weather-systems,false
https://doi.org/10.1175/jtech-d-19-0177.1,train,2020,17,dynamics-weather-systems,false
https://doi.org/10.1175/jtech-d-19-0211.1,blind_test,2020,17,observations-instruments,true
https://doi.org/10.1175/jtech-d-19-0214.1,train,2020,17,dynamics-weather-systems,false
https://doi.org/10.1175/jtech-d-19-0215.1,development,2020,17,observations-instruments,true
https://doi.org/10.1175/jtech-d-19-0217.1,train,2020,17,dynamics-weather-systems,true
https://doi.org/10.1175/jtech-d-19-0220.1,train,2020,17,remote-sensing-retrieval,true
https://doi.org/10.1175/jtech-d-20-0009.1,development,2020,17,unclassified,true
https://doi.org/10.1175/jtech-d-20-0010.1,blind_test,2020,17,ocean-atmosphere,true
https://doi.org/10.1175/jtech-d-20-0066.1,blind_test,2020,17,unclassified,true
https://doi.org/10.1175/jtech-d-20-0070.1,train,2020,17,climate-variability-change,true
https://doi.org/10.1175/jtech-d-20-0074.1,blind_test,2020,17,cloud-precipitation-microphysics,false
https://doi.org/10.1175/jtech-d-20-0085.1,train,2020,17,cloud-precipitation-microphysics,true
https://doi.org/10.1175/jtech-d-20-0095.1,development,2020,17,observations-instruments,false
https://doi.org/10.1175/jtech-d-20-0164.1,train,2021,17,dynamics-weather-systems,true
https://doi.org/10.1175/jtech-d-20-0168.1,train,2021,17,dynamics-weather-systems,true
https://doi.org/10.1175/jtech-d-20-0180.1,train,2021,17,remote-sensing-retrieval,false
https://doi.org/10.1175/jtech-d-21-0007.1,train,2021,17,cloud-precipitation-microphysics,true
https://doi.org/10.1175/jtech-d-21-0029.1,development,2022,17,dynamics-weather-systems,true
https://doi.org/10.1175/jtech-d-22-0024.1,train,2022,17,cloud-precipitation-microphysics,false
https://doi.org/10.1175/mwr-d-15-0058.1,blind_test,2016,12,dynamics-weather-systems,false
https://doi.org/10.1175/mwr-d-15-0138.1,development,2016,12,dynamics-weather-systems,true
https://doi.org/10.1175/mwr-d-15-0208.1,train,2016,12,boundary-layer-turbulence,false
https://doi.org/10.1175/mwr-d-15-0260.1,train,2016,12,forecasting-predictability,false
https://doi.org/10.1175/mwr-d-15-0279.1,train,2016,12,dynamics-weather-systems,false
https://doi.org/10.1175/mwr-d-15-0283.1,development,2016,12,forecasting-predictability,false
https://doi.org/10.1175/mwr-d-15-0299.1,train,2016,12,dynamics-weather-systems,false
https://doi.org/10.1175/mwr-d-15-0301.1,train,2016,12,dynamics-weather-systems,false
https://doi.org/10.1175/mwr-d-15-0320.1,train,2016,12,dynamics-weather-systems,false
https://doi.org/10.1175/mwr-d-15-0326.1,train,2016,12,dynamics-weather-systems,false
https://doi.org/10.1175/mwr-d-15-0340.1,blind_test,2016,12,remote-sensing-retrieval,false
https://doi.org/10.1175/mwr-d-15-0419.1,train,2016,12,dynamics-weather-systems,false
https://doi.org/10.1175/mwr-d-15-0440.1,train,2016,12,forecasting-predictability,false
https://doi.org/10.1175/mwr-d-15-0445.1,blind_test,2016,12,dynamics-weather-systems,false
https://doi.org/10.1175/mwr-d-15-0451.1,train,2016,12,dynamics-weather-systems,false
https://doi.org/10.1175/mwr-d-16-0017.1,train,2016,12,dynamics-weather-systems,false
https://doi.org/10.1175/mwr-d-16-0018.1,blind_test,2016,12,dynamics-weather-systems,false
https://doi.org/10.1175/mwr-d-16-0026.1,train,2016,12,forecasting-predictability,false
https://doi.org/10.1175/mwr-d-16-0027.1,train,2016,12,forecasting-predictability,false
https://doi.org/10.1175/mwr-d-16-0034.1,train,2016,12,cloud-precipitation-microphysics,false
https://doi.org/10.1175/mwr-d-16-0041.1,train,2016,12,dynamics-weather-systems,false
https://doi.org/10.1175/mwr-d-16-0051.1,train,2016,12,cloud-precipitation-microphysics,true
https://doi.org/10.1175/mwr-d-16-0088.1,train,2016,12,forecasting-predictability,false
https://doi.org/10.1175/mwr-d-16-0104.1,train,2016,12,forecasting-predictability,false
https://doi.org/10.1175/mwr-d-16-0129.1,train,2016,12,dynamics-weather-systems,false
https://doi.org/10.1175/mwr-d-16-0155.1,train,2016,12,cloud-precipitation-microphysics,true
https://doi.org/10.1175/mwr-d-16-0160.1,train,2017,12,dynamics-weather-systems,false
https://doi.org/10.1175/mwr-d-16-0226.1,development,2016,12,dynamics-weather-systems,false
https://doi.org/10.1175/mwr-d-16-0228.1,blind_test,2016,12,forecasting-predictability,false
https://doi.org/10.1175/mwr-d-16-0231.1,development,2016,12,dynamics-weather-systems,false
https://doi.org/10.1175/mwr-d-16-0232.1,development,2016,12,atmospheric-chemistry,false
https://doi.org/10.1175/mwr-d-16-0234.1,train,2016,12,dynamics-weather-systems,true
https://doi.org/10.1175/mwr-d-16-0257.1,train,2016,12,dynamics-weather-systems,false
https://doi.org/10.1175/mwr-d-16-0340.1,train,2017,12,dynamics-weather-systems,false
https://doi.org/10.1175/mwr-d-16-0343.1,train,2017,12,dynamics-weather-systems,false
https://doi.org/10.1175/mwr-d-16-0350.1,blind_test,2017,12,dynamics-weather-systems,false
https://doi.org/10.1175/mwr-d-16-0357.1,train,2018,12,dynamics-weather-systems,true
https://doi.org/10.1175/mwr-d-16-0384.1,train,2017,12,dynamics-weather-systems,false
https://doi.org/10.1175/mwr-d-16-0385.1,train,2017,12,cloud-precipitation-microphysics,false
https://doi.org/10.1175/mwr-d-16-0400.1,train,2017,12,dynamics-weather-systems,false
https://doi.org/10.1175/mwr-d-16-0417.1,development,2017,12,cloud-precipitation-microphysics,false
https://doi.org/10.1175/mwr-d-16-0426.1,train,2017,12,cloud-precipitation-microphysics,false
https://doi.org/10.1175/mwr-d-16-0427.1,development,2017,12,forecasting-predictability,true
https://doi.org/10.1175/mwr-d-16-0441.1,train,2017,12,dynamics-weather-systems,false
https://doi.org/10.1175/mwr-d-16-0468.1,train,2017,12,dynamics-weather-systems,false
https://doi.org/10.1175/mwr-d-16-0483.1,development,2018,12,dynamics-weather-systems,false
https://doi.org/10.1175/mwr-d-16-0487.1,blind_test,2017,12,forecasting-predictability,false
https://doi.org/10.1175/mwr-d-17-0004.1,train,2017,12,dynamics-weather-systems,false
https://doi.org/10.1175/mwr-d-17-0018.1,train,2017,12,unclassified,true
https://doi.org/10.1175/mwr-d-17-0027.1,train,2017,12,dynamics-weather-systems,true
https://doi.org/10.1175/mwr-d-17-0056.1,train,2017,12,observations-instruments,false
https://doi.org/10.1175/mwr-d-17-0092.1,train,2017,12,dynamics-weather-systems,false
https://doi.org/10.1175/mwr-d-17-0157.1,train,2018,12,dynamics-weather-systems,false
https://doi.org/10.1175/mwr-d-17-0165.1,train,2017,12,dynamics-weather-systems,false
https://doi.org/10.1175/mwr-d-17-0186.1,train,2017,12,boundary-layer-turbulence,false
https://doi.org/10.1175/mwr-d-17-0187.1,train,2018,12,dynamics-weather-systems,false
https://doi.org/10.1175/mwr-d-17-0194.1,blind_test,2017,12,dynamics-weather-systems,false
https://doi.org/10.1175/mwr-d-17-0196.1,train,2018,12,dynamics-weather-systems,false
https://doi.org/10.1175/mwr-d-17-0205.1,development,2018,12,dynamics-weather-systems,false
https://doi.org/10.1175/mwr-d-17-0250.1,train,2018,12,forecasting-predictability,false
https://doi.org/10.1175/mwr-d-17-0317.1,train,2018,12,dynamics-weather-systems,false
https://doi.org/10.1175/mwr-d-17-0329.1,train,2018,12,dynamics-weather-systems,false
https://doi.org/10.1175/mwr-d-17-0356.1,train,2018,12,dynamics-weather-systems,false
https://doi.org/10.1175/mwr-d-17-0364.1,blind_test,2018,12,statistics-causal-ml,true
https://doi.org/10.1175/mwr-d-17-0367.1,train,2018,12,dynamics-weather-systems,false
https://doi.org/10.1175/mwr-d-17-0377.1,development,2018,12,dynamics-weather-systems,false
https://doi.org/10.1175/mwr-d-17-0386.1,train,2018,12,dynamics-weather-systems,false
https://doi.org/10.1175/mwr-d-17-0396.1,train,2018,12,dynamics-weather-systems,true
https://doi.org/10.1175/mwr-d-18-0058.1,train,2018,12,forecasting-predictability,true
https://doi.org/10.1175/mwr-d-18-0062.1,train,2018,12,dynamics-weather-systems,false
https://doi.org/10.1175/mwr-d-18-0067.1,train,2018,12,dynamics-weather-systems,false
https://doi.org/10.1175/mwr-d-18-0077.1,train,2018,12,dynamics-weather-systems,true
https://doi.org/10.1175/mwr-d-18-0081.1,blind_test,2018,12,dynamics-weather-systems,true
https://doi.org/10.1175/mwr-d-18-0101.1,train,2018,12,dynamics-weather-systems,true
https://doi.org/10.1175/mwr-d-18-0102.1,train,2018,12,dynamics-weather-systems,false
https://doi.org/10.1175/mwr-d-18-0108.1,train,2018,12,dynamics-weather-systems,false
https://doi.org/10.1175/mwr-d-18-0156.1,train,2018,12,forecasting-predictability,false
https://doi.org/10.1175/mwr-d-18-0187.1,train,2018,12,forecasting-predictability,true
https://doi.org/10.1175/mwr-d-18-0226.1,development,2019,12,dynamics-weather-systems,false
https://doi.org/10.1175/mwr-d-18-0292.1,development,2019,12,dynamics-weather-systems,true
https://doi.org/10.1175/mwr-d-18-0316.1,blind_test,2019,12,dynamics-weather-systems,true
https://doi.org/10.1175/mwr-d-18-0369.1,train,2019,12,forecasting-predictability,false
https://doi.org/10.1175/mwr-d-18-0391.1,train,2019,12,dynamics-weather-systems,false
https://doi.org/10.1175/mwr-d-18-0393.1,development,2019,12,remote-sensing-retrieval,true
https://doi.org/10.1175/mwr-d-19-0110.1,train,2019,12,dynamics-weather-systems,true
https://doi.org/10.1175/mwr-d-19-0204.1,blind_test,2019,12,observations-instruments,false
https://doi.org/10.1175/mwr-d-19-0212.1,train,2020,12,dynamics-weather-systems,true
https://doi.org/10.1175/mwr-d-19-0227.1,train,2019,12,forecasting-predictability,true
https://doi.org/10.1175/mwr-d-19-0240.1,train,2020,12,forecasting-predictability,true
https://doi.org/10.1175/mwr-d-19-0251.1,development,2020,12,climate-variability-change,true
https://doi.org/10.1175/mwr-d-19-0339.1,blind_test,2020,12,dynamics-weather-systems,false
https://doi.org/10.1175/mwr-d-19-0344.1,train,2020,12,forecasting-predictability,false
https://doi.org/10.1175/mwr-d-19-0372.1,train,2020,12,dynamics-weather-systems,true
https://doi.org/10.1175/mwr-d-19-0404.1,train,2020,12,dynamics-weather-systems,false
https://doi.org/10.1175/mwr-d-20-0005.1,development,2020,12,dynamics-weather-systems,true
https://doi.org/10.1175/mwr-d-20-0021.1,blind_test,2020,12,dynamics-weather-systems,true
https://doi.org/10.1175/mwr-d-20-0090.1,blind_test,2020,12,dynamics-weather-systems,true
https://doi.org/10.1175/mwr-d-20-0096.1,train,2020,12,forecasting-predictability,true
https://doi.org/10.1175/mwr-d-20-0097.1,blind_test,2020,12,atmospheric-radiation,true
https://doi.org/10.1175/mwr-d-21-0004.1,train,2021,12,cloud-precipitation-microphysics,false
https://doi.org/10.1175/waf-d-15-0107.1,train,2016,14,dynamics-weather-systems,false
https://doi.org/10.1175/waf-d-15-0113.1,blind_test,2016,14,forecasting-predictability,false
https://doi.org/10.1175/waf-d-15-0134.1,train,2016,14,dynamics-weather-systems,false
https://doi.org/10.1175/waf-d-15-0144.1,train,2016,14,forecasting-predictability,false
https://doi.org/10.1175/waf-d-15-0152.1,train,2016,14,dynamics-weather-systems,false
https://doi.org/10.1175/waf-d-15-0156.1,train,2016,14,dynamics-weather-systems,false
https://doi.org/10.1175/waf-d-15-0163.1,blind_test,2016,14,forecasting-predictability,false
https://doi.org/10.1175/waf-d-15-0175.1,development,2016,14,dynamics-weather-systems,false
https://doi.org/10.1175/waf-d-16-0035.1,development,2016,14,forecasting-predictability,false
https://doi.org/10.1175/waf-d-16-0046.1,train,2016,14,dynamics-weather-systems,false
https://doi.org/10.1175/waf-d-16-0049.1,train,2016,14,forecasting-predictability,false
https://doi.org/10.1175/waf-d-16-0062.1,train,2016,14,forecasting-predictability,true
https://doi.org/10.1175/waf-d-16-0065.1,train,2016,14,dynamics-weather-systems,false
https://doi.org/10.1175/waf-d-16-0074.1,development,2016,14,forecasting-predictability,false
https://doi.org/10.1175/waf-d-16-0086.1,train,2016,14,dynamics-weather-systems,false
https://doi.org/10.1175/waf-d-16-0093.1,blind_test,2016,14,cloud-precipitation-microphysics,false
https://doi.org/10.1175/waf-d-16-0099.1,train,2017,14,forecasting-predictability,false
https://doi.org/10.1175/waf-d-16-0101.1,train,2017,14,unclassified,false
https://doi.org/10.1175/waf-d-16-0104.1,blind_test,2016,14,dynamics-weather-systems,false
https://doi.org/10.1175/waf-d-16-0118.1,train,2016,14,forecasting-predictability,false
https://doi.org/10.1175/waf-d-16-0120.1,train,2016,14,dynamics-weather-systems,false
https://doi.org/10.1175/waf-d-16-0125.1,train,2016,14,cloud-precipitation-microphysics,false
https://doi.org/10.1175/waf-d-16-0157.1,development,2016,14,forecasting-predictability,false
https://doi.org/10.1175/waf-d-16-0178.1,train,2017,14,dynamics-weather-systems,false
https://doi.org/10.1175/waf-d-16-0196.1,blind_test,2017,14,dynamics-weather-systems,false
https://doi.org/10.1175/waf-d-16-0199.1,train,2017,14,dynamics-weather-systems,false
https://doi.org/10.1175/waf-d-16-0203.1,train,2017,14,cloud-precipitation-microphysics,false
https://doi.org/10.1175/waf-d-16-0208.1,train,2017,14,forecasting-predictability,false
https://doi.org/10.1175/waf-d-17-0010.1,train,2017,14,dynamics-weather-systems,false
https://doi.org/10.1175/waf-d-17-0015.1,train,2017,14,dynamics-weather-systems,false
https://doi.org/10.1175/waf-d-17-0023.1,train,2017,14,dynamics-weather-systems,true
https://doi.org/10.1175/waf-d-17-0038.1,train,2017,14,dynamics-weather-systems,true
https://doi.org/10.1175/waf-d-17-0046.1,development,2017,14,dynamics-weather-systems,false
https://doi.org/10.1175/waf-d-17-0054.1,train,2017,14,cloud-precipitation-microphysics,false
https://doi.org/10.1175/waf-d-17-0076.1,train,2017,14,dynamics-weather-systems,false
https://doi.org/10.1175/waf-d-17-0085.1,train,2018,14,unclassified,false
https://doi.org/10.1175/waf-d-17-0095.1,train,2018,14,dynamics-weather-systems,false
https://doi.org/10.1175/waf-d-17-0096.1,blind_test,2017,14,dynamics-weather-systems,false
https://doi.org/10.1175/waf-d-17-0099.1,train,2018,14,climate-variability-change,false
https://doi.org/10.1175/waf-d-17-0120.1,development,2018,14,dynamics-weather-systems,false
https://doi.org/10.1175/waf-d-17-0123.1,development,2017,14,dynamics-weather-systems,false
https://doi.org/10.1175/waf-d-17-0127.1,blind_test,2018,14,forecasting-predictability,false
https://doi.org/10.1175/waf-d-17-0140.1,train,2018,14,dynamics-weather-systems,false
https://doi.org/10.1175/waf-d-17-0144.1,blind_test,2018,14,dynamics-weather-systems,true
https://doi.org/10.1175/waf-d-17-0145.1,train,2018,14,dynamics-weather-systems,false
https://doi.org/10.1175/waf-d-17-0165.1,train,2018,14,dynamics-weather-systems,true
https://doi.org/10.1175/waf-d-17-0188.1,blind_test,2018,14,forecasting-predictability,true
https://doi.org/10.1175/waf-d-18-0012.1,train,2018,14,dynamics-weather-systems,true
https://doi.org/10.1175/waf-d-18-0020.1,development,2018,14,forecasting-predictability,true
https://doi.org/10.1175/waf-d-18-0038.1,train,2018,14,dynamics-weather-systems,false
https://doi.org/10.1175/waf-d-18-0040.1,train,2018,14,cloud-precipitation-microphysics,true
https://doi.org/10.1175/waf-d-18-0074.1,train,2018,14,forecasting-predictability,true
https://doi.org/10.1175/waf-d-18-0120.1,train,2018,14,dynamics-weather-systems,true
https://doi.org/10.1175/waf-d-18-0136.1,train,2019,14,dynamics-weather-systems,true
https://doi.org/10.1175/waf-d-18-0137.1,development,2018,14,climate-variability-change,false
https://doi.org/10.1175/waf-d-18-0146.1,train,2019,14,climate-variability-change,true
https://doi.org/10.1175/waf-d-18-0149.1,train,2019,14,forecasting-predictability,true
https://doi.org/10.1175/waf-d-18-0160.1,train,2018,14,dynamics-weather-systems,true
https://doi.org/10.1175/waf-d-18-0173.1,train,2019,14,dynamics-weather-systems,true
https://doi.org/10.1175/waf-d-18-0178.1,train,2019,14,cloud-precipitation-microphysics,true
https://doi.org/10.1175/waf-d-18-0183.1,blind_test,2019,14,dynamics-weather-systems,true
https://doi.org/10.1175/waf-d-18-0200.1,train,2019,14,forecasting-predictability,false
https://doi.org/10.1175/waf-d-18-0206.1,development,2019,14,forecasting-predictability,false
https://doi.org/10.1175/waf-d-18-0211.1,development,2019,14,dynamics-weather-systems,true
https://doi.org/10.1175/waf-d-19-0002.1,train,2019,14,dynamics-weather-systems,false
https://doi.org/10.1175/waf-d-19-0003.1,train,2019,14,dynamics-weather-systems,true
https://doi.org/10.1175/waf-d-19-0007.1,train,2019,14,dynamics-weather-systems,false
https://doi.org/10.1175/waf-d-19-0014.1,train,2019,14,dynamics-weather-systems,true
https://doi.org/10.1175/waf-d-19-0030.1,train,2019,14,dynamics-weather-systems,true
https://doi.org/10.1175/waf-d-19-0105.1,train,2019,14,forecasting-predictability,false
https://doi.org/10.1175/waf-d-19-0106.1,train,2019,14,dynamics-weather-systems,false
https://doi.org/10.1175/waf-d-19-0107.1,train,2020,14,dynamics-weather-systems,false
https://doi.org/10.1175/waf-d-19-0115.1,train,2019,14,dynamics-weather-systems,false
https://doi.org/10.1175/waf-d-19-0148.1,blind_test,2020,14,forecasting-predictability,true
https://doi.org/10.1175/waf-d-19-0158.1,train,2020,14,forecasting-predictability,true
https://doi.org/10.1175/waf-d-19-0159.1,train,2020,14,forecasting-predictability,true
https://doi.org/10.1175/waf-d-19-0170.1,train,2019,14,dynamics-weather-systems,false
https://doi.org/10.1175/waf-d-19-0216.1,blind_test,2020,14,forecasting-predictability,true
https://doi.org/10.1175/waf-d-19-0217.1,development,2020,14,dynamics-weather-systems,true
https://doi.org/10.1175/waf-d-19-0235.1,train,2020,14,forecasting-predictability,true
https://doi.org/10.1175/waf-d-19-0236.1,train,2020,14,cloud-precipitation-microphysics,true
https://doi.org/10.1175/waf-d-19-0242.1,train,2020,14,climate-variability-change,false
https://doi.org/10.1175/waf-d-19-0253.1,train,2020,14,dynamics-weather-systems,true
https://doi.org/10.1175/waf-d-19-0258.1,train,2020,14,dynamics-weather-systems,false
https://doi.org/10.1175/waf-d-19-0259.1,train,2020,14,dynamics-weather-systems,true
https://doi.org/10.1175/waf-d-20-0015.1,train,2020,14,dynamics-weather-systems,true
https://doi.org/10.1175/waf-d-20-0027.1,blind_test,2020,14,unclassified,true
https://doi.org/10.1175/waf-d-20-0054.1,train,2020,14,forecasting-predictability,false
https://doi.org/10.1175/waf-d-20-0059.1,development,2020,14,dynamics-weather-systems,true
https://doi.org/10.1175/waf-d-20-0069.1,blind_test,2020,14,dynamics-weather-systems,true
https://doi.org/10.1175/waf-d-20-0104.1,blind_test,2021,14,dynamics-weather-systems,true
https://doi.org/10.1175/waf-d-20-0153.1,train,2020,14,dynamics-weather-systems,false
https://doi.org/10.1175/waf-d-21-0028.1,train,2021,14,climate-variability-change,false
https://doi.org/10.1175/waf-d-21-0091.1,development,2022,14,dynamics-weather-systems,true
https://doi.org/10.1175/waf-d-21-0103.1,train,2022,14,dynamics-weather-systems,false
https://doi.org/10.1175/waf-d-21-0112.1,train,2022,14,dynamics-weather-systems,true
https://doi.org/10.1175/waf-d-21-0130.1,blind_test,2022,14,dynamics-weather-systems,true
https://doi.org/10.1175/waf-d-21-0151.1,train,2022,14,dynamics-weather-systems,true
https://doi.org/10.1175/waf-d-21-0163.1,train,2022,14,dynamics-weather-systems,true
https://doi.org/10.1175/waf-d-22-0187.1,train,2023,14,observations-instruments,true
https://doi.org/10.16993/tellusb.26,train,2022,27,dynamics-weather-systems,false
https://doi.org/10.16993/tellusb.27,development,2022,27,boundary-layer-turbulence,false
https://doi.org/10.16993/tellusb.33,train,2022,27,dynamics-weather-systems,false
https://doi.org/10.16993/tellusb.34,train,2022,27,cloud-precipitation-microphysics,false
https://doi.org/10.3402/tellusb.v68.26206,train,2016,27,cloud-precipitation-microphysics,true
https://doi.org/10.3402/tellusb.v68.27034,train,2016,27,dynamics-weather-systems,false
https://doi.org/10.3402/tellusb.v68.27343,train,2016,27,cloud-precipitation-microphysics,false
https://doi.org/10.3402/tellusb.v68.27922,blind_test,2016,27,dynamics-weather-systems,false
https://doi.org/10.3402/tellusb.v68.28506,train,2016,27,dynamics-weather-systems,false
https://doi.org/10.3402/tellusb.v68.28968,development,2016,27,dynamics-weather-systems,false
https://doi.org/10.3402/tellusb.v68.29020,train,2016,27,atmospheric-chemistry,true
https://doi.org/10.3402/tellusb.v68.29191,train,2016,27,atmospheric-chemistry,true
https://doi.org/10.3402/tellusb.v68.29250,development,2016,27,cloud-precipitation-microphysics,false
https://doi.org/10.3402/tellusb.v68.29285,train,2016,27,dynamics-weather-systems,false
https://doi.org/10.3402/tellusb.v68.29484,train,2016,27,atmospheric-chemistry,false
https://doi.org/10.3402/tellusb.v68.29534,blind_test,2016,27,atmospheric-chemistry,false
https://doi.org/10.3402/tellusb.v68.29706,train,2016,27,cloud-precipitation-microphysics,false
https://doi.org/10.3402/tellusb.v68.29751,train,2016,27,dynamics-weather-systems,false
https://doi.org/10.3402/tellusb.v68.29812,train,2016,27,forecasting-predictability,false
https://doi.org/10.3402/tellusb.v68.29972,development,2016,27,dynamics-weather-systems,false
https://doi.org/10.3402/tellusb.v68.30198,train,2016,27,dynamics-weather-systems,false
https://doi.org/10.3402/tellusb.v68.30305,blind_test,2016,27,ocean-atmosphere,false
https://doi.org/10.3402/tellusb.v68.30397,train,2016,27,atmospheric-chemistry,false
https://doi.org/10.3402/tellusb.v68.30467,train,2016,27,observations-instruments,false
https://doi.org/10.3402/tellusb.v68.30545,train,2016,27,dynamics-weather-systems,false
https://doi.org/10.3402/tellusb.v68.30575,train,2016,27,dynamics-weather-systems,true
https://doi.org/10.3402/tellusb.v68.30659,development,2016,27,cloud-precipitation-microphysics,false
https://doi.org/10.3402/tellusb.v68.30666,train,2016,27,atmospheric-chemistry,false
https://doi.org/10.3402/tellusb.v68.30967,train,2016,27,atmospheric-chemistry,true
https://doi.org/10.3402/tellusb.v68.31518,train,2016,27,cloud-precipitation-microphysics,false
https://doi.org/10.3402/tellusb.v68.31682,train,2016,27,observations-instruments,false
https://doi.org/10.3402/tellusb.v68.32803,train,2016,27,dynamics-weather-systems,false
https://doi.org/10.4209/aaqr.200619,train,2021,26,forecasting-predictability,false
https://doi.org/10.4209/aaqr.2014.11.0273,blind_test,2016,26,air-quality-exposure,false
https://doi.org/10.4209/aaqr.2015.08.0528,train,2016,26,forecasting-predictability,false
https://doi.org/10.4209/aaqr.2015.11.0628,train,2017,26,forecasting-predictability,false
https://doi.org/10.4209/aaqr.2015.12.0698,train,2016,26,unclassified,false
https://doi.org/10.4209/aaqr.2016.01.0014,train,2016,26,dynamics-weather-systems,false
https://doi.org/10.4209/aaqr.2016.02.0081,train,2016,26,forecasting-predictability,false
https://doi.org/10.4209/aaqr.2016.02.0087,train,2016,26,air-quality-exposure,false
https://doi.org/10.4209/aaqr.2016.03.0117,development,2016,26,forecasting-predictability,false
https://doi.org/10.4209/aaqr.2016.03.0120,train,2016,26,dynamics-weather-systems,true
https://doi.org/10.4209/aaqr.2016.05.0198,train,2017,26,forecasting-predictability,false
https://doi.org/10.4209/aaqr.2016.06.0256,blind_test,2017,26,forecasting-predictability,false
https://doi.org/10.4209/aaqr.2016.06.0262,blind_test,2016,26,air-quality-exposure,false
https://doi.org/10.4209/aaqr.2016.07.0307,development,2017,26,forecasting-predictability,false
https://doi.org/10.4209/aaqr.2016.08.0350,train,2016,26,cloud-precipitation-microphysics,true
https://doi.org/10.4209/aaqr.2016.09.0406,train,2017,26,forecasting-predictability,false
https://doi.org/10.4209/aaqr.2016.10.0437,train,2016,26,cloud-precipitation-microphysics,false
https://doi.org/10.4209/aaqr.2016.10.0463,train,2017,26,forecasting-predictability,false
https://doi.org/10.4209/aaqr.2016.12.0528,train,2017,26,unclassified,false
https://doi.org/10.4209/aaqr.2016.12.0564,train,2017,26,atmospheric-chemistry,false
https://doi.org/10.4209/aaqr.2017.01.0013,blind_test,2017,26,atmospheric-chemistry,false
https://doi.org/10.4209/aaqr.2017.01.0021,train,2017,26,dynamics-weather-systems,false
https://doi.org/10.4209/aaqr.2017.01.0022,development,2017,26,climate-variability-change,false
https://doi.org/10.4209/aaqr.2017.01.0040,train,2017,26,quality-control-uncertainty,false
https://doi.org/10.4209/aaqr.2017.01.0060,blind_test,2017,26,dynamics-weather-systems,false
https://doi.org/10.4209/aaqr.2017.03.0108,train,2017,26,forecasting-predictability,false
https://doi.org/10.4209/aaqr.2017.03.0112,train,2017,26,air-quality-exposure,false
https://doi.org/10.4209/aaqr.2017.04.0127,blind_test,2017,26,atmospheric-chemistry,false
https://doi.org/10.4209/aaqr.2017.04.0128,train,2017,26,air-quality-exposure,false
https://doi.org/10.4209/aaqr.2017.08.0282,train,2017,26,unclassified,false
https://doi.org/10.4209/aaqr.2017.09.0340,train,2018,26,forecasting-predictability,false
https://doi.org/10.4209/aaqr.2017.10.0368,train,2018,26,atmospheric-chemistry,false
https://doi.org/10.4209/aaqr.2017.10.0418,blind_test,2018,26,forecasting-predictability,false
https://doi.org/10.4209/aaqr.2017.11.0440,development,2018,26,atmospheric-chemistry,false
https://doi.org/10.4209/aaqr.2017.11.0465,train,2018,26,forecasting-predictability,false
https://doi.org/10.4209/aaqr.2017.11.0466,blind_test,2018,26,aerosols,false
https://doi.org/10.4209/aaqr.2017.11.0502,train,2018,26,atmospheric-chemistry,false
https://doi.org/10.4209/aaqr.2017.11.0536,train,2018,26,atmospheric-chemistry,false
https://doi.org/10.4209/aaqr.2017.12.0567,train,2018,26,atmospheric-chemistry,false
https://doi.org/10.4209/aaqr.2017.12.0583,blind_test,2018,26,cloud-precipitation-microphysics,true
https://doi.org/10.4209/aaqr.2017.12.0604,development,2018,26,atmospheric-chemistry,false
https://doi.org/10.4209/aaqr.2018.01.0031,train,2018,26,aerosols,false
https://doi.org/10.4209/aaqr.2018.03.0081,train,2018,26,atmospheric-chemistry,false
https://doi.org/10.4209/aaqr.2018.03.0093,train,2018,26,unclassified,false
https://doi.org/10.4209/aaqr.2018.03.0099,development,2018,26,air-quality-exposure,true
https://doi.org/10.4209/aaqr.2018.03.0107,train,2018,26,forecasting-predictability,false
https://doi.org/10.4209/aaqr.2018.04.0131,development,2018,26,atmospheric-chemistry,false
https://doi.org/10.4209/aaqr.2018.06.0238,train,2018,26,land-atmosphere,false
https://doi.org/10.4209/aaqr.2018.09.0344,development,2019,26,dynamics-weather-systems,false
https://doi.org/10.4209/aaqr.2018.09.0348,train,2019,26,cloud-precipitation-microphysics,false
https://doi.org/10.4209/aaqr.2018.10.0372,development,2018,26,aerosols,false
https://doi.org/10.4209/aaqr.2018.10.0390,development,2020,26,forecasting-predictability,true
https://doi.org/10.4209/aaqr.2018.11.0394,train,2019,26,forecasting-predictability,false
https://doi.org/10.4209/aaqr.2018.12.0450,train,2019,26,forecasting-predictability,false
https://doi.org/10.4209/aaqr.2018.12.0452,train,2019,26,air-quality-exposure,false
https://doi.org/10.4209/aaqr.2018.12.0471,train,2019,26,aerosols,false
https://doi.org/10.4209/aaqr.2018.12.0485,blind_test,2019,26,forecasting-predictability,false
https://doi.org/10.4209/aaqr.2019.01.0027,development,2019,26,atmospheric-chemistry,false
https://doi.org/10.4209/aaqr.2019.03.0106,train,2020,26,aerosols,false
https://doi.org/10.4209/aaqr.2019.04.0177,train,2019,26,atmospheric-chemistry,false
https://doi.org/10.4209/aaqr.2019.04.0191,train,2019,26,forecasting-predictability,false
https://doi.org/10.4209/aaqr.2019.04.0215,train,2019,26,aerosols,false
https://doi.org/10.4209/aaqr.2019.06.0298,development,2019,26,dynamics-weather-systems,true
https://doi.org/10.4209/aaqr.2019.06.0327,train,2019,26,forecasting-predictability,false
https://doi.org/10.4209/aaqr.2019.08.0408,train,2019,26,forecasting-predictability,false
https://doi.org/10.4209/aaqr.2019.09.0455,train,2019,26,air-quality-exposure,false
https://doi.org/10.4209/aaqr.2019.11.0568,blind_test,2020,26,climate-variability-change,false
https://doi.org/10.4209/aaqr.2019.12.0615,train,2020,26,forecasting-predictability,false
https://doi.org/10.4209/aaqr.2019.12.0651,train,2020,26,unclassified,false
https://doi.org/10.4209/aaqr.2020.02.0067,development,2020,26,dynamics-weather-systems,false
https://doi.org/10.4209/aaqr.2020.02.0074,train,2020,26,air-quality-exposure,false
https://doi.org/10.4209/aaqr.2020.02.0202,development,2020,26,air-quality-exposure,false
https://doi.org/10.4209/aaqr.2020.03.0097,train,2020,26,dynamics-weather-systems,false
https://doi.org/10.4209/aaqr.2020.04.0139,train,2020,26,forecasting-predictability,false
https://doi.org/10.4209/aaqr.2020.04.0150,train,2020,26,air-quality-exposure,false
https://doi.org/10.4209/aaqr.2020.04.0158,train,2020,26,air-quality-exposure,false
https://doi.org/10.4209/aaqr.2020.04.0163,train,2020,26,forecasting-predictability,false
https://doi.org/10.4209/aaqr.2020.04.0171,blind_test,2020,26,air-quality-exposure,true
https://doi.org/10.4209/aaqr.2020.04.0185,blind_test,2020,26,cloud-precipitation-microphysics,false
https://doi.org/10.4209/aaqr.2020.05.0202,blind_test,2020,26,air-quality-exposure,false
https://doi.org/10.4209/aaqr.2020.05.0205,train,2020,26,air-quality-exposure,true
https://doi.org/10.4209/aaqr.2020.05.0218,development,2020,26,air-quality-exposure,false
https://doi.org/10.4209/aaqr.2020.05.0224,train,2020,26,air-quality-exposure,false
https://doi.org/10.4209/aaqr.2020.05.0226,train,2020,26,air-quality-exposure,false
https://doi.org/10.4209/aaqr.2020.05.0240,train,2020,26,forecasting-predictability,false
https://doi.org/10.4209/aaqr.2020.05.0254,train,2020,26,air-quality-exposure,false
https://doi.org/10.4209/aaqr.2020.05.0256,train,2020,26,forecasting-predictability,false
https://doi.org/10.4209/aaqr.2020.06.0302,blind_test,2020,26,air-quality-exposure,true
https://doi.org/10.4209/aaqr.2020.06.0303,train,2020,26,air-quality-exposure,false
https://doi.org/10.4209/aaqr.2020.07.0403,train,2020,26,air-quality-exposure,false
https://doi.org/10.4209/aaqr.2020.07.0439,development,2020,26,air-quality-exposure,false
https://doi.org/10.4209/aaqr.210046,train,2021,26,air-quality-exposure,false
https://doi.org/10.4209/aaqr.210117,blind_test,2021,26,cloud-precipitation-microphysics,true
https://doi.org/10.4209/aaqr.210163,train,2021,26,air-quality-exposure,false
https://doi.org/10.4209/aaqr.210204,train,2021,26,forecasting-predictability,false
https://doi.org/10.4209/aaqr.220008,train,2022,26,air-quality-exposure,false
https://doi.org/10.4209/aaqr.220148,train,2022,26,atmospheric-chemistry,false
https://doi.org/10.4209/aaqr.220235,train,2022,26,unclassified,false
https://doi.org/10.4209/aaqr.220448,train,2023,26,forecasting-predictability,false
https://doi.org/10.4209/aaqr.230151,train,2023,26,forecasting-predictability,false
https://doi.org/10.5194/acp-16-10333-2016,train,2016,6,forecasting-predictability,true
https://doi.org/10.5194/acp-16-11477-2016,train,2016,6,dynamics-weather-systems,false
https://doi.org/10.5194/acp-16-11601-2016,train,2016,6,atmospheric-chemistry,true
https://doi.org/10.5194/acp-16-11635-2016,train,2016,6,atmospheric-chemistry,true
https://doi.org/10.5194/acp-16-11915-2016,development,2016,6,observations-instruments,true
https://doi.org/10.5194/acp-16-12239-2016,blind_test,2016,6,dynamics-weather-systems,true
https://doi.org/10.5194/acp-16-12477-2016,blind_test,2016,6,dynamics-weather-systems,true
https://doi.org/10.5194/acp-16-13309-2016,train,2016,6,boundary-layer-turbulence,true
https://doi.org/10.5194/acp-16-13561-2016,train,2016,6,atmospheric-chemistry,true
https://doi.org/10.5194/acp-16-14371-2016,train,2016,6,dynamics-weather-systems,true
https://doi.org/10.5194/acp-16-14527-2016,blind_test,2016,6,atmospheric-chemistry,true
https://doi.org/10.5194/acp-16-1603-2016,train,2016,6,cloud-precipitation-microphysics,true
https://doi.org/10.5194/acp-16-2043-2016,train,2016,6,dynamics-weather-systems,false
https://doi.org/10.5194/acp-16-2459-2016,train,2016,6,dynamics-weather-systems,true
https://doi.org/10.5194/acp-16-2597-2016,train,2016,6,atmospheric-chemistry,true
https://doi.org/10.5194/acp-16-3207-2016,train,2016,6,cloud-precipitation-microphysics,true
https://doi.org/10.5194/acp-16-3289-2016,train,2016,6,atmospheric-chemistry,true
https://doi.org/10.5194/acp-16-3327-2016,train,2016,6,atmospheric-chemistry,true
https://doi.org/10.5194/acp-16-3463-2016,train,2016,6,cloud-precipitation-microphysics,true
https://doi.org/10.5194/acp-16-3761-2016,train,2016,6,dynamics-weather-systems,true
https://doi.org/10.5194/acp-16-3825-2016,train,2016,6,atmospheric-chemistry,true
https://doi.org/10.5194/acp-16-3865-2016,train,2016,6,atmospheric-chemistry,true
https://doi.org/10.5194/acp-16-3969-2016,development,2016,6,forecasting-predictability,true
https://doi.org/10.5194/acp-16-4205-2016,train,2016,6,dynamics-weather-systems,true
https://doi.org/10.5194/acp-16-4605-2016,train,2016,6,dynamics-weather-systems,true
https://doi.org/10.5194/acp-16-4785-2016,train,2016,6,cloud-precipitation-microphysics,true
https://doi.org/10.5194/acp-16-5111-2016,development,2016,6,dynamics-weather-systems,true
https://doi.org/10.5194/acp-16-7195-2016,blind_test,2016,6,atmospheric-chemistry,true
https://doi.org/10.5194/acp-16-7917-2016,train,2016,6,cloud-precipitation-microphysics,true
https://doi.org/10.5194/acp-16-8309-2016,development,2016,6,forecasting-predictability,false
https://doi.org/10.5194/acp-16-8571-2016,train,2016,6,dynamics-weather-systems,true
https://doi.org/10.5194/acp-17-1417-2017,train,2017,6,dynamics-weather-systems,true
https://doi.org/10.5194/acp-17-1775-2017,train,2017,6,atmospheric-chemistry,false
https://doi.org/10.5194/acp-17-2103-2017,train,2017,6,cloud-precipitation-microphysics,true
https://doi.org/10.5194/acp-17-2839-2017,train,2017,6,dynamics-weather-systems,false
https://doi.org/10.5194/acp-17-2943-2017,train,2017,6,dynamics-weather-systems,true
https://doi.org/10.5194/acp-17-3097-2017,train,2017,6,boundary-layer-turbulence,true
https://doi.org/10.5194/acp-17-343-2017,blind_test,2017,6,cloud-precipitation-microphysics,false
https://doi.org/10.5194/acp-17-4229-2017,train,2017,6,dynamics-weather-systems,true
https://doi.org/10.5194/acp-17-6073-2017,blind_test,2017,6,atmospheric-chemistry,false
https://doi.org/10.5194/acp-17-6353-2017,train,2017,6,atmospheric-chemistry,true
https://doi.org/10.5194/acp-17-663-2017,train,2017,6,atmospheric-chemistry,false
https://doi.org/10.5194/acp-17-7213-2017,train,2017,6,dynamics-weather-systems,true
https://doi.org/10.5194/acp-17-807-2017,train,2017,6,dynamics-weather-systems,true
https://doi.org/10.5194/acp-17-8681-2017,development,2017,6,atmospheric-chemistry,true
https://doi.org/10.5194/acp-17-935-2017,development,2017,6,dynamics-weather-systems,true
https://doi.org/10.5194/acp-17-9485-2017,blind_test,2017,6,cloud-precipitation-microphysics,true
https://doi.org/10.5194/acp-18-11847-2018,development,2018,6,dynamics-weather-systems,true
https://doi.org/10.5194/acp-18-12391-2018,train,2018,6,atmospheric-chemistry,true
https://doi.org/10.5194/acp-18-1379-2018,train,2018,6,dynamics-weather-systems,true
https://doi.org/10.5194/acp-18-14095-2018,blind_test,2018,6,atmospheric-chemistry,true
https://doi.org/10.5194/acp-18-15921-2018,train,2018,6,boundary-layer-turbulence,false
https://doi.org/10.5194/acp-18-1909-2018,train,2018,6,atmospheric-chemistry,true
https://doi.org/10.5194/acp-18-247-2018,train,2018,6,cloud-precipitation-microphysics,true
https://doi.org/10.5194/acp-18-3299-2018,development,2018,6,atmospheric-chemistry,true
https://doi.org/10.5194/acp-18-339-2018,train,2018,6,dynamics-weather-systems,true
https://doi.org/10.5194/acp-18-4935-2018,train,2018,6,dynamics-weather-systems,true
https://doi.org/10.5194/acp-18-5699-2018,blind_test,2018,6,dynamics-weather-systems,true
https://doi.org/10.5194/acp-18-6223-2018,train,2018,6,forecasting-predictability,false
https://doi.org/10.5194/acp-18-6259-2018,development,2018,6,cloud-precipitation-microphysics,true
https://doi.org/10.5194/acp-18-7423-2018,train,2018,6,dynamics-weather-systems,true
https://doi.org/10.5194/acp-18-7863-2018,train,2018,6,atmospheric-chemistry,true
https://doi.org/10.5194/acp-18-8017-2018,development,2018,6,atmospheric-chemistry,true
https://doi.org/10.5194/acp-18-9263-2018,blind_test,2018,6,dynamics-weather-systems,true
https://doi.org/10.5194/acp-19-11031-2019,train,2019,6,atmospheric-chemistry,true
https://doi.org/10.5194/acp-19-11303-2019,train,2019,6,forecasting-predictability,false
https://doi.org/10.5194/acp-19-12195-2019,train,2019,6,dynamics-weather-systems,true
https://doi.org/10.5194/acp-19-3097-2019,train,2019,6,atmospheric-chemistry,false
https://doi.org/10.5194/acp-19-3493-2019,train,2019,6,forecasting-predictability,true
https://doi.org/10.5194/acp-19-3515-2019,train,2019,6,dynamics-weather-systems,true
https://doi.org/10.5194/acp-19-3981-2019,train,2019,6,dynamics-weather-systems,true
https://doi.org/10.5194/acp-19-5331-2019,train,2019,6,cloud-precipitation-microphysics,false
https://doi.org/10.5194/acp-19-6125-2019,train,2019,6,forecasting-predictability,true
https://doi.org/10.5194/acp-19-7859-2019,train,2019,6,dynamics-weather-systems,true
https://doi.org/10.5194/acp-19-8339-2019,blind_test,2019,6,atmospheric-chemistry,true
https://doi.org/10.5194/acp-19-8523-2019,train,2019,6,dynamics-weather-systems,true
https://doi.org/10.5194/acp-19-8801-2019,train,2019,6,atmospheric-chemistry,true
https://doi.org/10.5194/acp-19-8897-2019,blind_test,2019,6,atmospheric-chemistry,true
https://doi.org/10.5194/acp-20-1105-2020,development,2020,6,atmospheric-chemistry,false
https://doi.org/10.5194/acp-20-11423-2020,train,2020,6,atmospheric-chemistry,true
https://doi.org/10.5194/acp-20-11767-2020,development,2020,6,cloud-precipitation-microphysics,true
https://doi.org/10.5194/acp-20-12761-2020,train,2020,6,atmospheric-chemistry,false
https://doi.org/10.5194/acp-20-14547-2020,train,2020,6,dynamics-weather-systems,true
https://doi.org/10.5194/acp-20-203-2020,train,2020,6,forecasting-predictability,true
https://doi.org/10.5194/acp-20-3273-2020,train,2020,6,forecasting-predictability,false
https://doi.org/10.5194/acp-20-4809-2020,train,2020,6,cloud-precipitation-microphysics,true
https://doi.org/10.5194/acp-20-5729-2020,development,2020,6,air-quality-exposure,true
https://doi.org/10.5194/acp-20-6305-2020,train,2020,6,atmospheric-chemistry,true
https://doi.org/10.5194/acp-20-6323-2020,train,2020,6,forecasting-predictability,true
https://doi.org/10.5194/acp-20-9169-2020,blind_test,2020,6,dynamics-weather-systems,true
https://doi.org/10.5194/acp-20-9591-2020,train,2020,6,dynamics-weather-systems,true
https://doi.org/10.5194/acp-20-969-2020,train,2020,6,dynamics-weather-systems,false
https://doi.org/10.5194/acp-21-1507-2021,development,2021,6,cloud-precipitation-microphysics,false
https://doi.org/10.5194/acp-21-4169-2021,train,2021,6,forecasting-predictability,true
https://doi.org/10.5194/acp-21-8169-2021,development,2021,6,cloud-precipitation-microphysics,true
https://doi.org/10.5194/acp-21-87-2021,train,2021,6,cloud-precipitation-microphysics,true
https://doi.org/10.5194/acp-22-9349-2022,blind_test,2022,6,dynamics-weather-systems,false
https://doi.org/10.5194/acp-22-9617-2022,train,2022,6,dynamics-weather-systems,false
https://doi.org/10.5194/acp-23-10901-2023,train,2023,6,atmospheric-chemistry,false
https://doi.org/10.5194/acp-23-1511-2023,train,2023,6,atmospheric-chemistry,false
https://doi.org/10.5194/amt-10-119-2017,blind_test,2017,21,dynamics-weather-systems,false
https://doi.org/10.5194/amt-10-1335-2017,blind_test,2017,21,dynamics-weather-systems,true
https://doi.org/10.5194/amt-10-1957-2017,train,2017,21,dynamics-weather-systems,true
https://doi.org/10.5194/amt-10-2209-2017,development,2017,21,dynamics-weather-systems,true
https://doi.org/10.5194/amt-10-2821-2017,blind_test,2017,21,forecasting-predictability,true
https://doi.org/10.5194/amt-10-2881-2017,development,2017,21,dynamics-weather-systems,true
https://doi.org/10.5194/amt-10-3133-2017,train,2017,21,dynamics-weather-systems,true
https://doi.org/10.5194/amt-10-3345-2017,train,2017,21,dynamics-weather-systems,true
https://doi.org/10.5194/amt-10-3403-2017,train,2017,21,dynamics-weather-systems,false
https://doi.org/10.5194/amt-10-3463-2017,train,2017,21,cloud-precipitation-microphysics,true
https://doi.org/10.5194/amt-10-3575-2017,train,2017,21,forecasting-predictability,true
https://doi.org/10.5194/amt-10-4279-2017,train,2017,21,forecasting-predictability,true
https://doi.org/10.5194/amt-10-4687-2017,train,2017,21,atmospheric-chemistry,false
https://doi.org/10.5194/amt-10-4905-2017,train,2017,21,dynamics-weather-systems,true
https://doi.org/10.5194/amt-10-549-2017,train,2017,21,dynamics-weather-systems,false
https://doi.org/10.5194/amt-10-59-2017,train,2017,21,dynamics-weather-systems,true
https://doi.org/10.5194/amt-10-617-2017,train,2017,21,atmospheric-chemistry,true
https://doi.org/10.5194/amt-10-759-2017,train,2017,21,dynamics-weather-systems,true
https://doi.org/10.5194/amt-11-1233-2018,train,2018,21,climate-variability-change,true
https://doi.org/10.5194/amt-11-1459-2018,train,2018,21,dynamics-weather-systems,true
https://doi.org/10.5194/amt-11-1921-2018,train,2018,21,cloud-precipitation-microphysics,true
https://doi.org/10.5194/amt-11-233-2018,train,2018,21,cloud-precipitation-microphysics,true
https://doi.org/10.5194/amt-11-2395-2018,train,2018,21,dynamics-weather-systems,true
https://doi.org/10.5194/amt-11-291-2018,train,2018,21,forecasting-predictability,true
https://doi.org/10.5194/amt-11-3717-2018,train,2018,21,forecasting-predictability,true
https://doi.org/10.5194/amt-11-409-2018,train,2018,21,dynamics-weather-systems,true
https://doi.org/10.5194/amt-11-4129-2018,blind_test,2018,21,dynamics-weather-systems,false
https://doi.org/10.5194/amt-11-4823-2018,blind_test,2018,21,forecasting-predictability,true
https://doi.org/10.5194/amt-11-4883-2018,development,2018,21,forecasting-predictability,true
https://doi.org/10.5194/amt-11-4891-2018,train,2018,21,dynamics-weather-systems,false
https://doi.org/10.5194/amt-11-5673-2018,train,2018,21,dynamics-weather-systems,true
https://doi.org/10.5194/amt-11-5701-2018,train,2018,21,dynamics-weather-systems,true
https://doi.org/10.5194/amt-11-5741-2018,blind_test,2018,21,dynamics-weather-systems,true
https://doi.org/10.5194/amt-11-6107-2018,train,2018,21,cloud-precipitation-microphysics,false
https://doi.org/10.5194/amt-11-6231-2018,train,2018,21,cloud-precipitation-microphysics,true
https://doi.org/10.5194/amt-11-6539-2018,train,2018,21,dynamics-weather-systems,true
https://doi.org/10.5194/amt-11-6651-2018,train,2018,21,dynamics-weather-systems,true
https://doi.org/10.5194/amt-11-709-2018,train,2018,21,forecasting-predictability,true
https://doi.org/10.5194/amt-12-1219-2019,development,2019,21,unclassified,true
https://doi.org/10.5194/amt-12-1513-2019,train,2019,21,dynamics-weather-systems,true
https://doi.org/10.5194/amt-12-169-2019,blind_test,2019,21,cloud-precipitation-microphysics,true
https://doi.org/10.5194/amt-12-2241-2019,train,2019,21,dynamics-weather-systems,true
https://doi.org/10.5194/amt-12-2341-2019,development,2019,21,dynamics-weather-systems,false
https://doi.org/10.5194/amt-12-2403-2019,train,2019,21,forecasting-predictability,true
https://doi.org/10.5194/amt-12-3081-2019,train,2019,21,cloud-precipitation-microphysics,true
https://doi.org/10.5194/amt-12-3435-2019,train,2019,21,atmospheric-chemistry,true
https://doi.org/10.5194/amt-12-4643-2019,development,2019,21,forecasting-predictability,true
https://doi.org/10.5194/amt-12-4867-2019,train,2019,21,forecasting-predictability,false
https://doi.org/10.5194/amt-12-5263-2019,train,2019,21,dynamics-weather-systems,true
https://doi.org/10.5194/amt-12-703-2019,train,2019,21,dynamics-weather-systems,true
https://doi.org/10.5194/amt-12-903-2019,train,2019,21,forecasting-predictability,true
https://doi.org/10.5194/amt-13-1315-2020,train,2020,21,dynamics-weather-systems,true
https://doi.org/10.5194/amt-13-1539-2020,blind_test,2020,21,unclassified,true
https://doi.org/10.5194/amt-13-1693-2020,train,2020,21,forecasting-predictability,true
https://doi.org/10.5194/amt-13-205-2020,train,2020,21,dynamics-weather-systems,true
https://doi.org/10.5194/amt-13-2075-2020,train,2020,21,dynamics-weather-systems,true
https://doi.org/10.5194/amt-13-2413-2020,train,2020,21,forecasting-predictability,true
https://doi.org/10.5194/amt-13-3375-2020,development,2020,21,cloud-precipitation-microphysics,true
https://doi.org/10.5194/amt-13-3561-2020,blind_test,2020,21,atmospheric-chemistry,true
https://doi.org/10.5194/amt-13-3751-2020,train,2020,21,dynamics-weather-systems,true
https://doi.org/10.5194/amt-13-4195-2020,development,2020,21,cloud-precipitation-microphysics,true
https://doi.org/10.5194/amt-13-593-2020,train,2020,21,dynamics-weather-systems,true
https://doi.org/10.5194/amt-13-6113-2020,development,2020,21,dynamics-weather-systems,true
https://doi.org/10.5194/amt-13-6343-2020,train,2020,21,forecasting-predictability,true
https://doi.org/10.5194/amt-14-1303-2021,train,2021,21,dynamics-weather-systems,true
https://doi.org/10.5194/amt-14-2127-2021,blind_test,2021,21,dynamics-weather-systems,true
https://doi.org/10.5194/amt-14-2167-2021,train,2021,21,dynamics-weather-systems,true
https://doi.org/10.5194/amt-14-2771-2021,development,2021,21,dynamics-weather-systems,true
https://doi.org/10.5194/amt-14-455-2021,blind_test,2021,21,dynamics-weather-systems,true
https://doi.org/10.5194/amt-14-4617-2021,train,2021,21,forecasting-predictability,true
https://doi.org/10.5194/amt-14-481-2021,blind_test,2021,21,dynamics-weather-systems,true
https://doi.org/10.5194/amt-14-6249-2021,train,2021,21,dynamics-weather-systems,false
https://doi.org/10.5194/amt-14-665-2021,train,2021,21,dynamics-weather-systems,false
https://doi.org/10.5194/amt-14-923-2021,train,2021,21,forecasting-predictability,true
https://doi.org/10.5194/amt-15-2037-2022,train,2022,21,dynamics-weather-systems,false
https://doi.org/10.5194/amt-15-735-2022,blind_test,2022,21,air-quality-exposure,false
https://doi.org/10.5194/amt-15-797-2022,development,2022,21,cloud-precipitation-microphysics,false
https://doi.org/10.5194/amt-16-3581-2023,blind_test,2023,21,dynamics-weather-systems,true
https://doi.org/10.5194/amt-9-1279-2016,development,2016,21,dynamics-weather-systems,false
https://doi.org/10.5194/amt-9-1449-2016,development,2016,21,atmospheric-chemistry,true
https://doi.org/10.5194/amt-9-1505-2016,development,2016,21,forecasting-predictability,false
https://doi.org/10.5194/amt-9-1767-2016,train,2016,21,dynamics-weather-systems,false
https://doi.org/10.5194/amt-9-23-2016,train,2016,21,cloud-precipitation-microphysics,true
https://doi.org/10.5194/amt-9-2425-2016,blind_test,2016,21,dynamics-weather-systems,true
https://doi.org/10.5194/amt-9-2445-2016,train,2016,21,dynamics-weather-systems,true
https://doi.org/10.5194/amt-9-2497-2016,train,2016,21,dynamics-weather-systems,true
https://doi.org/10.5194/amt-9-3293-2016,train,2016,21,cloud-precipitation-microphysics,true
https://doi.org/10.5194/amt-9-3769-2016,train,2016,21,cloud-precipitation-microphysics,true
https://doi.org/10.5194/amt-9-3939-2016,train,2016,21,dynamics-weather-systems,true
https://doi.org/10.5194/amt-9-4181-2016,train,2016,21,cloud-precipitation-microphysics,true
https://doi.org/10.5194/amt-9-423-2016,train,2016,21,atmospheric-chemistry,true
https://doi.org/10.5194/amt-9-4425-2016,train,2016,21,dynamics-weather-systems,true
https://doi.org/10.5194/amt-9-4915-2016,train,2016,21,dynamics-weather-systems,false
https://doi.org/10.5194/amt-9-4955-2016,train,2016,21,dynamics-weather-systems,true
https://doi.org/10.5194/amt-9-5281-2016,train,2016,21,forecasting-predictability,false
https://doi.org/10.5194/amt-9-5385-2016,train,2016,21,dynamics-weather-systems,true
https://doi.org/10.5194/amt-9-5423-2016,blind_test,2016,21,dynamics-weather-systems,true
https://doi.org/10.5194/amt-9-631-2016,train,2016,21,cloud-precipitation-microphysics,true
https://doi.org/10.5194/amt-9-79-2016,train,2016,21,dynamics-weather-systems,false
https://doi.org/10.5194/amt-9-829-2016,train,2016,21,dynamics-weather-systems,true
https://doi.org/10.5194/cp-12-1-2016,train,2016,9,extremes,true
https://doi.org/10.5194/cp-12-103-2016,train,2016,9,observations-instruments,true
https://doi.org/10.5194/cp-12-1079-2016,train,2016,9,ocean-atmosphere,true
https://doi.org/10.5194/cp-12-1093-2016,development,2016,9,climate-variability-change,true
https://doi.org/10.5194/cp-12-1165-2016,train,2016,9,unclassified,true
https://doi.org/10.5194/cp-12-1181-2016,train,2016,9,dynamics-weather-systems,true
https://doi.org/10.5194/cp-12-1199-2016,development,2016,9,atmospheric-chemistry,true
https://doi.org/10.5194/cp-12-1215-2016,train,2016,9,statistics-causal-ml,true
https://doi.org/10.5194/cp-12-1473-2016,train,2016,9,unclassified,true
https://doi.org/10.5194/cp-12-15-2016,train,2016,9,paleoclimate,true
https://doi.org/10.5194/cp-12-1519-2016,train,2016,9,unclassified,false
https://doi.org/10.5194/cp-12-1635-2016,train,2016,9,paleoclimate,true
https://doi.org/10.5194/cp-12-1663-2016,train,2016,9,dynamics-weather-systems,false
https://doi.org/10.5194/cp-12-1805-2016,development,2016,9,atmospheric-chemistry,true
https://doi.org/10.5194/cp-12-1829-2016,train,2016,9,dynamics-weather-systems,true
https://doi.org/10.5194/cp-12-1889-2016,train,2016,9,dynamics-weather-systems,true
https://doi.org/10.5194/cp-12-1995-2016,train,2016,9,unclassified,true
https://doi.org/10.5194/cp-12-2033-2016,train,2016,9,observations-instruments,true
https://doi.org/10.5194/cp-12-2107-2016,blind_test,2016,9,climate-variability-change,true
https://doi.org/10.5194/cp-12-2195-2016,development,2016,9,observations-instruments,true
https://doi.org/10.5194/cp-12-429-2016,train,2016,9,unclassified,true
https://doi.org/10.5194/cp-12-455-2016,blind_test,2016,9,dynamics-weather-systems,true
https://doi.org/10.5194/cp-12-483-2016,development,2016,9,climate-variability-change,true
https://doi.org/10.5194/cp-12-525-2016,blind_test,2016,9,observations-instruments,true
https://doi.org/10.5194/cp-12-575-2016,train,2016,9,land-atmosphere,false
https://doi.org/10.5194/cp-12-611-2016,train,2016,9,dynamics-weather-systems,true
https://doi.org/10.5194/cp-12-635-2016,train,2016,9,cloud-precipitation-microphysics,true
https://doi.org/10.5194/cp-12-663-2016,train,2016,9,observations-instruments,false
https://doi.org/10.5194/cp-12-769-2016,train,2016,9,observations-instruments,true
https://doi.org/10.5194/cp-12-819-2016,train,2016,9,atmospheric-chemistry,true
https://doi.org/10.5194/cp-12-849-2016,train,2016,9,ocean-atmosphere,true
https://doi.org/10.5194/cp-13-1129-2017,train,2017,9,unclassified,true
https://doi.org/10.5194/cp-13-1491-2017,train,2017,9,observations-instruments,true
https://doi.org/10.5194/cp-13-1609-2017,train,2017,9,observations-instruments,true
https://doi.org/10.5194/cp-13-1695-2017,blind_test,2017,9,atmospheric-chemistry,true
https://doi.org/10.5194/cp-13-1751-2017,blind_test,2017,9,cloud-precipitation-microphysics,true
https://doi.org/10.5194/cp-13-1851-2017,train,2017,9,climate-variability-change,true
https://doi.org/10.5194/cp-13-1919-2017,train,2017,9,dynamics-weather-systems,true
https://doi.org/10.5194/cp-13-249-2017,train,2017,9,cloud-precipitation-microphysics,true
https://doi.org/10.5194/cp-13-613-2017,train,2017,9,land-atmosphere,true
https://doi.org/10.5194/cp-13-779-2017,train,2017,9,ocean-atmosphere,true
https://doi.org/10.5194/cp-13-855-2017,train,2017,9,atmospheric-chemistry,true
https://doi.org/10.5194/cp-13-919-2017,train,2017,9,observations-instruments,true
https://doi.org/10.5194/cp-13-959-2017,train,2017,9,dynamics-weather-systems,true
https://doi.org/10.5194/cp-13-991-2017,train,2017,9,climate-variability-change,false
https://doi.org/10.5194/cp-14-1-2018,development,2018,9,climate-variability-change,true
https://doi.org/10.5194/cp-14-1147-2018,train,2018,9,unclassified,true
https://doi.org/10.5194/cp-14-1529-2018,train,2018,9,unclassified,false
https://doi.org/10.5194/cp-14-1653-2018,development,2018,9,dynamics-weather-systems,true
https://doi.org/10.5194/cp-14-1755-2018,development,2018,9,atmospheric-chemistry,true
https://doi.org/10.5194/cp-14-1805-2018,train,2018,9,unclassified,true
https://doi.org/10.5194/cp-14-1869-2018,train,2018,9,dynamics-weather-systems,true
https://doi.org/10.5194/cp-14-1915-2018,train,2018,9,dynamics-weather-systems,true
https://doi.org/10.5194/cp-14-2071-2018,blind_test,2018,9,atmospheric-chemistry,true
https://doi.org/10.5194/cp-14-271-2018,train,2018,9,aerosols,true
https://doi.org/10.5194/cp-14-39-2018,blind_test,2018,9,ocean-atmosphere,true
https://doi.org/10.5194/cp-14-653-2018,blind_test,2018,9,dynamics-weather-systems,false
https://doi.org/10.5194/cp-14-789-2018,train,2018,9,dynamics-weather-systems,true
https://doi.org/10.5194/cp-14-991-2018,blind_test,2018,9,observations-instruments,true
https://doi.org/10.5194/cp-15-1251-2019,train,2019,9,dynamics-weather-systems,false
https://doi.org/10.5194/cp-15-135-2019,development,2019,9,unclassified,true
https://doi.org/10.5194/cp-15-1485-2019,development,2019,9,dynamics-weather-systems,true
https://doi.org/10.5194/cp-15-1503-2019,train,2019,9,unclassified,true
https://doi.org/10.5194/cp-15-1691-2019,train,2019,9,climate-variability-change,true
https://doi.org/10.5194/cp-15-1913-2019,train,2019,9,atmospheric-chemistry,true
https://doi.org/10.5194/cp-15-217-2019,blind_test,2019,9,atmospheric-chemistry,true
https://doi.org/10.5194/cp-15-265-2019,blind_test,2019,9,extremes,true
https://doi.org/10.5194/cp-15-555-2019,train,2019,9,unclassified,true
https://doi.org/10.5194/cp-15-751-2019,train,2019,9,observations-instruments,true
https://doi.org/10.5194/cp-15-781-2019,development,2019,9,dynamics-weather-systems,false
https://doi.org/10.5194/cp-15-811-2019,train,2019,9,atmospheric-chemistry,true
https://doi.org/10.5194/cp-15-849-2019,train,2019,9,ocean-atmosphere,true
https://doi.org/10.5194/cp-16-117-2020,train,2020,9,climate-variability-change,true
https://doi.org/10.5194/cp-16-1493-2020,train,2020,9,climate-variability-change,true
https://doi.org/10.5194/cp-16-1565-2020,train,2020,9,observations-instruments,true
https://doi.org/10.5194/cp-16-1581-2020,train,2020,9,observations-instruments,true
https://doi.org/10.5194/cp-16-1599-2020,blind_test,2020,9,atmospheric-chemistry,true
https://doi.org/10.5194/cp-16-1759-2020,train,2020,9,atmospheric-chemistry,false
https://doi.org/10.5194/cp-16-1777-2020,train,2020,9,climate-variability-change,true
https://doi.org/10.5194/cp-16-183-2020,development,2020,9,climate-variability-change,true
https://doi.org/10.5194/cp-16-1847-2020,train,2020,9,dynamics-weather-systems,true
https://doi.org/10.5194/cp-16-1953-2020,blind_test,2020,9,climate-variability-change,false
https://doi.org/10.5194/cp-16-2095-2020,train,2020,9,dynamics-weather-systems,true
https://doi.org/10.5194/cp-16-2153-2020,blind_test,2020,9,dynamics-weather-systems,true
https://doi.org/10.5194/cp-16-2275-2020,train,2020,9,dynamics-weather-systems,true
https://doi.org/10.5194/cp-16-2599-2020,development,2020,9,statistics-causal-ml,false
https://doi.org/10.5194/cp-16-847-2020,train,2020,9,dynamics-weather-systems,true
https://doi.org/10.5194/cp-16-973-2020,blind_test,2020,9,dynamics-weather-systems,false
https://doi.org/10.5194/cp-17-1065-2021,development,2021,9,climate-variability-change,true
https://doi.org/10.5194/cp-17-1483-2021,development,2021,9,unclassified,true
https://doi.org/10.5194/cp-17-203-2021,train,2021,9,dynamics-weather-systems,true
https://doi.org/10.5194/cp-17-269-2021,train,2021,9,atmospheric-chemistry,true
https://doi.org/10.5194/cp-17-37-2021,train,2021,9,dynamics-weather-systems,false
https://doi.org/10.5194/cp-17-451-2021,development,2021,9,climate-variability-change,false
https://doi.org/10.5194/cp-17-63-2021,train,2021,9,observations-instruments,true
https://doi.org/10.5194/cp-17-969-2021,train,2021,9,cloud-precipitation-microphysics,false
https://doi.org/10.5194/cp-18-1883-2022,blind_test,2022,9,observations-instruments,false
https://doi.org/10.5194/cp-18-485-2022,development,2022,9,observations-instruments,true
https://doi.org/10.5194/cp-18-863-2022,train,2022,9,dynamics-weather-systems,false
https://doi.org/10.5194/cp-19-439-2023,blind_test,2023,9,cloud-precipitation-microphysics,true
https://doi.org/10.5194/esd-10-233-2019,train,2019,8,observations-instruments,false
https://doi.org/10.5194/esd-10-31-2019,train,2019,8,air-quality-exposure,true
https://doi.org/10.5194/esd-10-379-2019,blind_test,2019,8,dynamics-weather-systems,true
https://doi.org/10.5194/esd-10-617-2019,blind_test,2019,8,land-atmosphere,true
https://doi.org/10.5194/esd-10-73-2019,train,2019,8,dynamics-weather-systems,false
https://doi.org/10.5194/esd-10-859-2019,train,2019,8,air-quality-exposure,true
https://doi.org/10.5194/esd-10-91-2019,train,2019,8,forecasting-predictability,true
https://doi.org/10.5194/esd-11-1051-2020,train,2020,8,cloud-precipitation-microphysics,true
https://doi.org/10.5194/esd-11-1233-2020,train,2020,8,dynamics-weather-systems,true
https://doi.org/10.5194/esd-11-139-2020,blind_test,2020,8,dynamics-weather-systems,true
https://doi.org/10.5194/esd-11-183-2020,train,2020,8,dynamics-weather-systems,true
https://doi.org/10.5194/esd-11-201-2020,train,2020,8,dynamics-weather-systems,true
https://doi.org/10.5194/esd-11-251-2020,train,2020,8,climate-variability-change,true
https://doi.org/10.5194/esd-11-35-2020,train,2020,8,observations-instruments,true
https://doi.org/10.5194/esd-11-395-2020,train,2020,8,earth-system-models,true
https://doi.org/10.5194/esd-11-491-2020,train,2020,8,dynamics-weather-systems,true
https://doi.org/10.5194/esd-11-537-2020,train,2020,8,dynamics-weather-systems,true
https://doi.org/10.5194/esd-11-579-2020,train,2020,8,atmospheric-chemistry,true
https://doi.org/10.5194/esd-11-737-2020,train,2020,8,dynamics-weather-systems,true
https://doi.org/10.5194/esd-11-755-2020,train,2020,8,dynamics-weather-systems,false
https://doi.org/10.5194/esd-11-793-2020,train,2020,8,dynamics-weather-systems,true
https://doi.org/10.5194/esd-11-885-2020,train,2020,8,dynamics-weather-systems,true
https://doi.org/10.5194/esd-11-995-2020,train,2020,8,dynamics-weather-systems,true
https://doi.org/10.5194/esd-12-1-2021,train,2021,8,dynamics-weather-systems,true
https://doi.org/10.5194/esd-12-1015-2021,development,2021,8,dynamics-weather-systems,false
https://doi.org/10.5194/esd-12-1037-2021,blind_test,2021,8,dynamics-weather-systems,false
https://doi.org/10.5194/esd-12-1061-2021,blind_test,2021,8,observations-instruments,false
https://doi.org/10.5194/esd-12-1099-2021,train,2021,8,dynamics-weather-systems,true
https://doi.org/10.5194/esd-12-1371-2021,train,2021,8,dynamics-weather-systems,false
https://doi.org/10.5194/esd-12-1393-2021,development,2021,8,dynamics-weather-systems,true
https://doi.org/10.5194/esd-12-1503-2021,train,2021,8,climate-variability-change,false
https://doi.org/10.5194/esd-12-151-2021,train,2021,8,climate-variability-change,true
https://doi.org/10.5194/esd-12-17-2021,train,2021,8,cloud-precipitation-microphysics,true
https://doi.org/10.5194/esd-12-173-2021,blind_test,2021,8,dynamics-weather-systems,true
https://doi.org/10.5194/esd-12-253-2021,blind_test,2021,8,dynamics-weather-systems,true
https://doi.org/10.5194/esd-12-367-2021,development,2021,8,dynamics-weather-systems,false
https://doi.org/10.5194/esd-12-439-2021,train,2021,8,dynamics-weather-systems,true
https://doi.org/10.5194/esd-12-601-2021,train,2021,8,dynamics-weather-systems,true
https://doi.org/10.5194/esd-12-725-2021,train,2021,8,remote-sensing-retrieval,false
https://doi.org/10.5194/esd-12-871-2021,train,2021,8,dynamics-weather-systems,false
https://doi.org/10.5194/esd-13-1-2022,train,2022,8,ocean-atmosphere,false
https://doi.org/10.5194/esd-13-159-2022,blind_test,2022,8,climate-variability-change,true
https://doi.org/10.5194/esd-13-1689-2022,train,2022,8,dynamics-weather-systems,false
https://doi.org/10.5194/esd-13-251-2022,development,2022,8,dynamics-weather-systems,false
https://doi.org/10.5194/esd-13-321-2022,train,2022,8,climate-variability-change,false
https://doi.org/10.5194/esd-13-373-2022,train,2022,8,dynamics-weather-systems,false
https://doi.org/10.5194/esd-13-457-2022,train,2022,8,dynamics-weather-systems,false
https://doi.org/10.5194/esd-13-633-2022,train,2022,8,atmospheric-chemistry,false
https://doi.org/10.5194/esd-13-711-2022,development,2022,8,climate-variability-change,false
https://doi.org/10.5194/esd-13-749-2022,blind_test,2022,8,air-quality-exposure,false
https://doi.org/10.5194/esd-13-795-2022,train,2022,8,land-atmosphere,true
https://doi.org/10.5194/esd-14-185-2023,train,2023,8,atmospheric-chemistry,false
https://doi.org/10.5194/esd-15-1117-2024,train,2024,8,dynamics-weather-systems,true
https://doi.org/10.5194/esd-15-41-2024,development,2024,8,dynamics-weather-systems,true
https://doi.org/10.5194/esd-7-167-2016,train,2016,8,dynamics-weather-systems,true
https://doi.org/10.5194/esd-7-183-2016,train,2016,8,atmospheric-chemistry,true
https://doi.org/10.5194/esd-7-211-2016,train,2016,8,dynamics-weather-systems,false
https://doi.org/10.5194/esd-7-327-2016,train,2016,8,dynamics-weather-systems,true
https://doi.org/10.5194/esd-7-353-2016,train,2016,8,unclassified,true
https://doi.org/10.5194/esd-7-371-2016,train,2016,8,dynamics-weather-systems,true
https://doi.org/10.5194/esd-7-453-2016,train,2016,8,dynamics-weather-systems,true
https://doi.org/10.5194/esd-7-469-2016,train,2016,8,dynamics-weather-systems,true
https://doi.org/10.5194/esd-7-659-2016,development,2016,8,observations-instruments,true
https://doi.org/10.5194/esd-7-681-2016,train,2016,8,atmospheric-chemistry,true
https://doi.org/10.5194/esd-7-767-2016,train,2016,8,cloud-precipitation-microphysics,false
https://doi.org/10.5194/esd-7-813-2016,train,2016,8,dynamics-weather-systems,true
https://doi.org/10.5194/esd-8-1-2017,train,2017,8,cloud-precipitation-microphysics,true
https://doi.org/10.5194/esd-8-1237-2017,blind_test,2017,8,dynamics-weather-systems,true
https://doi.org/10.5194/esd-8-147-2017,train,2017,8,dynamics-weather-systems,true
https://doi.org/10.5194/esd-8-225-2017,train,2017,8,extremes,false
https://doi.org/10.5194/esd-8-235-2017,train,2017,8,dynamics-weather-systems,true
https://doi.org/10.5194/esd-8-337-2017,train,2017,8,observations-instruments,true
https://doi.org/10.5194/esd-8-369-2017,train,2017,8,dynamics-weather-systems,true
https://doi.org/10.5194/esd-8-439-2017,train,2017,8,dynamics-weather-systems,true
https://doi.org/10.5194/esd-8-547-2017,train,2017,8,atmospheric-chemistry,true
https://doi.org/10.5194/esd-8-577-2017,train,2017,8,dynamics-weather-systems,true
https://doi.org/10.5194/esd-8-677-2017,train,2017,8,forecasting-predictability,false
https://doi.org/10.5194/esd-8-827-2017,development,2017,8,dynamics-weather-systems,true
https://doi.org/10.5194/esd-8-977-2017,train,2017,8,dynamics-weather-systems,true
https://doi.org/10.5194/esd-9-1025-2018,train,2018,8,observations-instruments,true
https://doi.org/10.5194/esd-9-1085-2018,blind_test,2018,8,dynamics-weather-systems,true
https://doi.org/10.5194/esd-9-1107-2018,train,2018,8,dynamics-weather-systems,true
https://doi.org/10.5194/esd-9-1155-2018,blind_test,2018,8,climate-variability-change,true
https://doi.org/10.5194/esd-9-1235-2018,train,2018,8,dynamics-weather-systems,true
https://doi.org/10.5194/esd-9-1243-2018,blind_test,2018,8,dynamics-weather-systems,false
https://doi.org/10.5194/esd-9-135-2018,train,2018,8,forecasting-predictability,true
https://doi.org/10.5194/esd-9-167-2018,train,2018,8,dynamics-weather-systems,true
https://doi.org/10.5194/esd-9-211-2018,train,2018,8,climate-variability-change,true
https://doi.org/10.5194/esd-9-227-2018,blind_test,2018,8,cloud-precipitation-microphysics,true
https://doi.org/10.5194/esd-9-267-2018,development,2018,8,climate-variability-change,true
https://doi.org/10.5194/esd-9-313-2018,development,2018,8,climate-variability-change,true
https://doi.org/10.5194/esd-9-339-2018,train,2018,8,dynamics-weather-systems,true
https://doi.org/10.5194/esd-9-459-2018,train,2018,8,dynamics-weather-systems,true
https://doi.org/10.5194/esd-9-543-2018,train,2018,8,climate-variability-change,true
https://doi.org/10.5194/esd-9-593-2018,development,2018,8,dynamics-weather-systems,true
https://doi.org/10.5194/esd-9-627-2018,train,2018,8,dynamics-weather-systems,true
https://doi.org/10.5194/esd-9-757-2018,train,2018,8,climate-variability-change,true
https://doi.org/10.5194/esd-9-895-2018,train,2018,8,climate-variability-change,true
https://doi.org/10.5194/esd-9-915-2018,development,2018,8,observations-instruments,false
https://doi.org/10.5194/esd-9-969-2018,train,2018,8,observations-instruments,true
https://doi.org/10.5194/gmd-10-1175-2017,blind_test,2017,22,dynamics-weather-systems,true
https://doi.org/10.5194/gmd-10-1403-2017,train,2017,22,climate-variability-change,true
https://doi.org/10.5194/gmd-10-1487-2017,blind_test,2017,22,observations-instruments,true
https://doi.org/10.5194/gmd-10-1703-2017,train,2017,22,dynamics-weather-systems,true
https://doi.org/10.5194/gmd-10-1903-2017,development,2017,22,cloud-precipitation-microphysics,true
https://doi.org/10.5194/gmd-10-2057-2017,train,2017,22,dynamics-weather-systems,true
https://doi.org/10.5194/gmd-10-2141-2017,train,2017,22,dynamics-weather-systems,true
https://doi.org/10.5194/gmd-10-2247-2017,train,2017,22,dynamics-weather-systems,true
https://doi.org/10.5194/gmd-10-2379-2017,train,2017,22,climate-variability-change,true
https://doi.org/10.5194/gmd-10-3297-2017,blind_test,2017,22,climate-variability-change,false
https://doi.org/10.5194/gmd-10-3329-2017,train,2017,22,dynamics-weather-systems,false
https://doi.org/10.5194/gmd-10-3715-2017,train,2017,22,dynamics-weather-systems,true
https://doi.org/10.5194/gmd-10-3745-2017,train,2017,22,dynamics-weather-systems,true
https://doi.org/10.5194/gmd-10-3979-2017,train,2017,22,paleoclimate,true
https://doi.org/10.5194/gmd-10-4005-2017,train,2017,22,dynamics-weather-systems,true
https://doi.org/10.5194/gmd-10-4035-2017,train,2017,22,climate-variability-change,true
https://doi.org/10.5194/gmd-10-4145-2017,train,2017,22,atmospheric-chemistry,true
https://doi.org/10.5194/gmd-10-4175-2017,train,2017,22,unclassified,false
https://doi.org/10.5194/gmd-10-4321-2017,development,2017,22,climate-variability-change,true
https://doi.org/10.5194/gmd-10-4367-2017,development,2017,22,dynamics-weather-systems,true
https://doi.org/10.5194/gmd-10-553-2017,blind_test,2017,22,extremes,true
https://doi.org/10.5194/gmd-10-585-2017,blind_test,2017,22,dynamics-weather-systems,true
https://doi.org/10.5194/gmd-10-639-2017,train,2017,22,dynamics-weather-systems,true
https://doi.org/10.5194/gmd-11-1033-2018,train,2018,22,climate-variability-change,true
https://doi.org/10.5194/gmd-11-1133-2018,development,2018,22,dynamics-weather-systems,true
https://doi.org/10.5194/gmd-11-1343-2018,train,2018,22,dynamics-weather-systems,true
https://doi.org/10.5194/gmd-11-1405-2018,development,2018,22,dynamics-weather-systems,true
https://doi.org/10.5194/gmd-11-1421-2018,train,2018,22,ocean-atmosphere,true
https://doi.org/10.5194/gmd-11-1537-2018,train,2018,22,cloud-precipitation-microphysics,true
https://doi.org/10.5194/gmd-11-1607-2018,train,2018,22,unclassified,true
https://doi.org/10.5194/gmd-11-1929-2018,development,2018,22,dynamics-weather-systems,true
https://doi.org/10.5194/gmd-11-2273-2018,blind_test,2018,22,dynamics-weather-systems,false
https://doi.org/10.5194/gmd-11-2429-2018,train,2018,22,observations-instruments,true
https://doi.org/10.5194/gmd-11-2455-2018,train,2018,22,cloud-precipitation-microphysics,true
https://doi.org/10.5194/gmd-11-2541-2018,train,2018,22,unclassified,true
https://doi.org/10.5194/gmd-11-2717-2018,train,2018,22,dynamics-weather-systems,false
https://doi.org/10.5194/gmd-11-2995-2018,train,2018,22,dynamics-weather-systems,true
https://doi.org/10.5194/gmd-11-3045-2018,development,2018,22,atmospheric-chemistry,false
https://doi.org/10.5194/gmd-11-3481-2018,train,2018,22,cloud-precipitation-microphysics,true
https://doi.org/10.5194/gmd-11-369-2018,train,2018,22,dynamics-weather-systems,false
https://doi.org/10.5194/gmd-11-3999-2018,blind_test,2018,22,forecasting-predictability,true
https://doi.org/10.5194/gmd-11-4537-2018,development,2018,22,quality-control-uncertainty,true
https://doi.org/10.5194/gmd-11-5027-2018,train,2018,22,observations-instruments,true
https://doi.org/10.5194/gmd-12-1-2019,train,2019,22,unclassified,false
https://doi.org/10.5194/gmd-12-1087-2019,train,2019,22,dynamics-weather-systems,false
https://doi.org/10.5194/gmd-12-1139-2019,train,2019,22,dynamics-weather-systems,false
https://doi.org/10.5194/gmd-12-1165-2019,train,2019,22,unclassified,false
https://doi.org/10.5194/gmd-12-1299-2019,blind_test,2019,22,climate-variability-change,true
https://doi.org/10.5194/gmd-12-1443-2019,train,2019,22,dynamics-weather-systems,true
https://doi.org/10.5194/gmd-12-1573-2019,train,2019,22,dynamics-weather-systems,true
https://doi.org/10.5194/gmd-12-1847-2019,train,2019,22,dynamics-weather-systems,true
https://doi.org/10.5194/gmd-12-1909-2019,development,2019,22,dynamics-weather-systems,true
https://doi.org/10.5194/gmd-12-2727-2019,train,2019,22,dynamics-weather-systems,true
https://doi.org/10.5194/gmd-12-3055-2019,train,2019,22,climate-variability-change,true
https://doi.org/10.5194/gmd-12-3241-2019,development,2019,22,climate-variability-change,true
https://doi.org/10.5194/gmd-12-3571-2019,train,2019,22,dynamics-weather-systems,false
https://doi.org/10.5194/gmd-12-4823-2019,blind_test,2019,22,dynamics-weather-systems,true
https://doi.org/10.5194/gmd-12-4955-2019,blind_test,2019,22,dynamics-weather-systems,false
https://doi.org/10.5194/gmd-12-677-2019,train,2019,22,climate-variability-change,true
https://doi.org/10.5194/gmd-12-909-2019,development,2019,22,dynamics-weather-systems,true
https://doi.org/10.5194/gmd-13-1335-2020,development,2020,22,land-atmosphere,true
https://doi.org/10.5194/gmd-13-2197-2020,train,2020,22,dynamics-weather-systems,true
https://doi.org/10.5194/gmd-13-2631-2020,train,2020,22,forecasting-predictability,true
https://doi.org/10.5194/gmd-13-3267-2020,development,2020,22,hydrometeorology,true
https://doi.org/10.5194/gmd-13-3299-2020,train,2020,22,land-atmosphere,true
https://doi.org/10.5194/gmd-13-335-2020,train,2020,22,air-quality-exposure,true
https://doi.org/10.5194/gmd-13-3571-2020,train,2020,22,dynamics-weather-systems,true
https://doi.org/10.5194/gmd-13-5079-2020,train,2020,22,unclassified,true
https://doi.org/10.5194/gmd-13-5425-2020,train,2020,22,dynamics-weather-systems,true
https://doi.org/10.5194/gmd-13-6165-2020,train,2020,22,dynamics-weather-systems,true
https://doi.org/10.5194/gmd-14-1037-2021,train,2021,22,atmospheric-chemistry,true
https://doi.org/10.5194/gmd-14-2867-2021,train,2021,22,cloud-precipitation-microphysics,true
https://doi.org/10.5194/gmd-14-6571-2021,train,2021,22,dynamics-weather-systems,false
https://doi.org/10.5194/gmd-15-15-2022,train,2022,22,ocean-atmosphere,false
https://doi.org/10.5194/gmd-15-2973-2022,train,2022,22,atmospheric-chemistry,false
https://doi.org/10.5194/gmd-15-3161-2022,train,2022,22,remote-sensing-retrieval,false
https://doi.org/10.5194/gmd-15-4597-2022,train,2022,22,dynamics-weather-systems,true
https://doi.org/10.5194/gmd-15-5481-2022,train,2022,22,statistics-causal-ml,true
https://doi.org/10.5194/gmd-15-9075-2022,train,2022,22,dynamics-weather-systems,true
https://doi.org/10.5194/gmd-9-1153-2016,development,2016,22,dynamics-weather-systems,true
https://doi.org/10.5194/gmd-9-1293-2016,blind_test,2016,22,dynamics-weather-systems,true
https://doi.org/10.5194/gmd-9-1647-2016,train,2016,22,dynamics-weather-systems,true
https://doi.org/10.5194/gmd-9-175-2016,blind_test,2016,22,hydrometeorology,true
https://doi.org/10.5194/gmd-9-1937-2016,train,2016,22,dynamics-weather-systems,true
https://doi.org/10.5194/gmd-9-1977-2016,train,2016,22,dynamics-weather-systems,true
https://doi.org/10.5194/gmd-9-2415-2016,train,2016,22,dynamics-weather-systems,true
https://doi.org/10.5194/gmd-9-2809-2016,train,2016,22,observations-instruments,true
https://doi.org/10.5194/gmd-9-2853-2016,development,2016,22,dynamics-weather-systems,true
https://doi.org/10.5194/gmd-9-2973-2016,development,2016,22,dynamics-weather-systems,true
https://doi.org/10.5194/gmd-9-3231-2016,train,2016,22,dynamics-weather-systems,true
https://doi.org/10.5194/gmd-9-3309-2016,train,2016,22,dynamics-weather-systems,true
https://doi.org/10.5194/gmd-9-3461-2016,train,2016,22,dynamics-weather-systems,true
https://doi.org/10.5194/gmd-9-3685-2016,blind_test,2016,22,dynamics-weather-systems,true
https://doi.org/10.5194/gmd-9-3751-2016,train,2016,22,dynamics-weather-systems,true
https://doi.org/10.5194/gmd-9-3975-2016,development,2016,22,observations-instruments,false
https://doi.org/10.5194/gmd-9-4087-2016,train,2016,22,dynamics-weather-systems,true
https://doi.org/10.5194/gmd-9-4185-2016,development,2016,22,dynamics-weather-systems,true
https://doi.org/10.5194/gmd-9-4227-2016,train,2016,22,dynamics-weather-systems,false
https://doi.org/10.5194/gmd-9-4521-2016,blind_test,2016,22,dynamics-weather-systems,true
https://doi.org/10.5194/gmd-9-505-2016,blind_test,2016,22,cloud-precipitation-microphysics,true
https://doi.org/10.5194/wcd-1-1-2020,train,2020,23,dynamics-weather-systems,true
https://doi.org/10.5194/wcd-1-111-2020,train,2020,23,dynamics-weather-systems,true
https://doi.org/10.5194/wcd-1-127-2020,train,2020,23,dynamics-weather-systems,true
https://doi.org/10.5194/wcd-1-155-2020,train,2020,23,dynamics-weather-systems,false
https://doi.org/10.5194/wcd-1-191-2020,train,2020,23,dynamics-weather-systems,true
https://doi.org/10.5194/wcd-1-225-2020,train,2020,23,atmospheric-chemistry,true
https://doi.org/10.5194/wcd-1-261-2020,train,2020,23,dynamics-weather-systems,true
https://doi.org/10.5194/wcd-1-277-2020,train,2020,23,dynamics-weather-systems,true
https://doi.org/10.5194/wcd-1-293-2020,train,2020,23,dynamics-weather-systems,true
https://doi.org/10.5194/wcd-1-313-2020,train,2020,23,dynamics-weather-systems,true
https://doi.org/10.5194/wcd-1-325-2020,train,2020,23,dynamics-weather-systems,true
https://doi.org/10.5194/wcd-1-349-2020,train,2020,23,dynamics-weather-systems,true
https://doi.org/10.5194/wcd-1-373-2020,train,2020,23,atmospheric-chemistry,true
https://doi.org/10.5194/wcd-1-405-2020,train,2020,23,dynamics-weather-systems,true
https://doi.org/10.5194/wcd-1-445-2020,development,2020,23,dynamics-weather-systems,true
https://doi.org/10.5194/wcd-1-45-2020,blind_test,2020,23,observations-instruments,true
https://doi.org/10.5194/wcd-1-481-2020,train,2020,23,dynamics-weather-systems,true
https://doi.org/10.5194/wcd-1-497-2020,train,2020,23,observations-instruments,true
https://doi.org/10.5194/wcd-1-519-2020,train,2020,23,climate-variability-change,true
https://doi.org/10.5194/wcd-1-541-2020,train,2020,23,dynamics-weather-systems,true
https://doi.org/10.5194/wcd-1-555-2020,train,2020,23,dynamics-weather-systems,true
https://doi.org/10.5194/wcd-1-577-2020,train,2020,23,cloud-precipitation-microphysics,true
https://doi.org/10.5194/wcd-1-597-2020,train,2020,23,dynamics-weather-systems,true
https://doi.org/10.5194/wcd-1-617-2020,train,2020,23,unclassified,true
https://doi.org/10.5194/wcd-1-635-2020,train,2020,23,dynamics-weather-systems,true
https://doi.org/10.5194/wcd-1-675-2020,train,2020,23,dynamics-weather-systems,true
https://doi.org/10.5194/wcd-1-715-2020,train,2020,23,dynamics-weather-systems,true
https://doi.org/10.5194/wcd-1-731-2020,train,2020,23,dynamics-weather-systems,true
https://doi.org/10.5194/wcd-2-1-2021,train,2021,23,dynamics-weather-systems,true
https://doi.org/10.5194/wcd-2-1093-2021,train,2021,23,climate-variability-change,false
https://doi.org/10.5194/wcd-2-111-2021,train,2021,23,atmospheric-chemistry,true
https://doi.org/10.5194/wcd-2-1111-2021,train,2021,23,dynamics-weather-systems,false
https://doi.org/10.5194/wcd-2-1187-2021,train,2021,23,dynamics-weather-systems,false
https://doi.org/10.5194/wcd-2-1225-2021,train,2021,23,dynamics-weather-systems,true
https://doi.org/10.5194/wcd-2-1283-2021,train,2021,23,atmospheric-chemistry,false
https://doi.org/10.5194/wcd-2-129-2021,train,2021,23,dynamics-weather-systems,true
https://doi.org/10.5194/wcd-2-163-2021,train,2021,23,dynamics-weather-systems,true
https://doi.org/10.5194/wcd-2-181-2021,train,2021,23,cloud-precipitation-microphysics,true
https://doi.org/10.5194/wcd-2-19-2021,train,2021,23,dynamics-weather-systems,true
https://doi.org/10.5194/wcd-2-255-2021,train,2021,23,dynamics-weather-systems,true
https://doi.org/10.5194/wcd-2-281-2021,train,2021,23,dynamics-weather-systems,true
https://doi.org/10.5194/wcd-2-331-2021,train,2021,23,dynamics-weather-systems,true
https://doi.org/10.5194/wcd-2-37-2021,train,2021,23,dynamics-weather-systems,true
https://doi.org/10.5194/wcd-2-453-2021,train,2021,23,dynamics-weather-systems,false
https://doi.org/10.5194/wcd-2-507-2021,development,2021,23,dynamics-weather-systems,true
https://doi.org/10.5194/wcd-2-535-2021,train,2021,23,dynamics-weather-systems,true
https://doi.org/10.5194/wcd-2-55-2021,train,2021,23,dynamics-weather-systems,true
https://doi.org/10.5194/wcd-2-609-2021,train,2021,23,dynamics-weather-systems,false
https://doi.org/10.5194/wcd-2-631-2021,train,2021,23,atmospheric-chemistry,false
https://doi.org/10.5194/wcd-2-675-2021,train,2021,23,dynamics-weather-systems,false
https://doi.org/10.5194/wcd-2-713-2021,train,2021,23,atmospheric-chemistry,true
https://doi.org/10.5194/wcd-2-819-2021,train,2021,23,dynamics-weather-systems,true
https://doi.org/10.5194/wcd-2-89-2021,train,2021,23,dynamics-weather-systems,true
https://doi.org/10.5194/wcd-2-971-2021,train,2021,23,climate-variability-change,false
https://doi.org/10.5194/wcd-2-991-2021,train,2021,23,dynamics-weather-systems,false
https://doi.org/10.5194/wcd-3-1-2022,development,2022,23,dynamics-weather-systems,true
https://doi.org/10.5194/wcd-3-1021-2022,train,2022,23,dynamics-weather-systems,false
https://doi.org/10.5194/wcd-3-1063-2022,development,2022,23,forecasting-predictability,false
https://doi.org/10.5194/wcd-3-1097-2022,blind_test,2022,23,dynamics-weather-systems,true
https://doi.org/10.5194/wcd-3-1113-2022,train,2022,23,observations-instruments,false
https://doi.org/10.5194/wcd-3-1139-2022,development,2022,23,dynamics-weather-systems,true
https://doi.org/10.5194/wcd-3-1215-2022,blind_test,2022,23,dynamics-weather-systems,true
https://doi.org/10.5194/wcd-3-1237-2022,development,2022,23,dynamics-weather-systems,true
https://doi.org/10.5194/wcd-3-139-2022,train,2022,23,dynamics-weather-systems,false
https://doi.org/10.5194/wcd-3-1415-2022,train,2022,23,dynamics-weather-systems,true
https://doi.org/10.5194/wcd-3-173-2022,train,2022,23,dynamics-weather-systems,false
https://doi.org/10.5194/wcd-3-21-2022,train,2022,23,dynamics-weather-systems,false
https://doi.org/10.5194/wcd-3-305-2022,train,2022,23,dynamics-weather-systems,false
https://doi.org/10.5194/wcd-3-337-2022,train,2022,23,dynamics-weather-systems,false
https://doi.org/10.5194/wcd-3-361-2022,train,2022,23,unclassified,false
https://doi.org/10.5194/wcd-3-429-2022,train,2022,23,dynamics-weather-systems,false
https://doi.org/10.5194/wcd-3-471-2022,blind_test,2022,23,dynamics-weather-systems,false
https://doi.org/10.5194/wcd-3-483-2022,train,2022,23,dynamics-weather-systems,false
https://doi.org/10.5194/wcd-3-505-2022,train,2022,23,dynamics-weather-systems,false
https://doi.org/10.5194/wcd-3-625-2022,blind_test,2022,23,dynamics-weather-systems,false
https://doi.org/10.5194/wcd-3-777-2022,train,2022,23,dynamics-weather-systems,false
https://doi.org/10.5194/wcd-3-825-2022,train,2022,23,dynamics-weather-systems,false
https://doi.org/10.5194/wcd-3-845-2022,train,2022,23,dynamics-weather-systems,true
https://doi.org/10.5194/wcd-3-905-2022,development,2022,23,dynamics-weather-systems,true
https://doi.org/10.5194/wcd-3-977-2022,blind_test,2022,23,forecasting-predictability,false
https://doi.org/10.5194/wcd-4-133-2023,train,2023,23,climate-variability-change,false
https://doi.org/10.5194/wcd-4-19-2023,train,2023,23,dynamics-weather-systems,false
https://doi.org/10.5194/wcd-4-249-2023,development,2023,23,dynamics-weather-systems,true
https://doi.org/10.5194/wcd-4-399-2023,train,2023,23,dynamics-weather-systems,false
https://doi.org/10.5194/wcd-4-489-2023,train,2023,23,dynamics-weather-systems,true
https://doi.org/10.5194/wcd-4-61-2023,blind_test,2023,23,dynamics-weather-systems,false
https://doi.org/10.5194/wcd-4-639-2023,development,2023,23,dynamics-weather-systems,true
https://doi.org/10.5194/wcd-4-943-2023,blind_test,2023,23,atmospheric-chemistry,false
https://doi.org/10.5194/wcd-4-95-2023,development,2023,23,dynamics-weather-systems,false
https://doi.org/10.5194/wcd-5-1457-2024,train,2024,23,cloud-precipitation-microphysics,false
https://doi.org/10.5194/wcd-5-1505-2024,train,2024,23,atmospheric-chemistry,false
https://doi.org/10.5194/wcd-5-263-2024,train,2024,23,dynamics-weather-systems,false
https://doi.org/10.5194/wcd-5-323-2024,train,2024,23,dynamics-weather-systems,false
https://doi.org/10.5194/wcd-5-439-2024,train,2024,23,climate-variability-change,true
https://doi.org/10.5194/wcd-5-537-2024,train,2024,23,dynamics-weather-systems,true
https://doi.org/10.5194/wcd-5-763-2024,train,2024,23,observations-instruments,true
https://doi.org/10.5194/wcd-5-87-2024,blind_test,2024,23,dynamics-weather-systems,false
https://doi.org/10.5194/wcd-5-943-2024,development,2024,23,climate-variability-change,true
https://doi.org/10.5194/wcd-5-959-2024,blind_test,2024,23,observations-instruments,false
https://doi.org/10.5194/wcd-6-43-2025,blind_test,2025,23,observations-instruments,true
https://doi.org/10.7916/d8-esg7-ha31,train,2017,7,dynamics-weather-systems,false
