doi,title,year,journal,themes,methods,split
https://doi.org/10.1002/2015ef000334,Contributions of organic and inorganic matter to sediment volume and accretion in tidal wetlands at steady state,2016,Earth's Future,dynamics-weather-systems;ocean-atmosphere,unspecified,train
https://doi.org/10.1002/2015ef000338,Climate services: Lessons learned and future prospects,2016,Earth's Future,dynamics-weather-systems;climate-variability-change,numerical_modeling,train
https://doi.org/10.1002/2015ef000347,Dynamic simulation and numerical analysis of hurricane storm surge under sea level rise with geomorphologic changes along the northern Gulf of Mexico,2016,Earth's Future,dynamics-weather-systems;ocean-atmosphere,numerical_modeling,development
https://doi.org/10.1002/2015gl067492,Extreme wave activity during 2013/2014 winter and morphological impacts along the Atlantic coast of Europe,2016,Geophysical Research Letters,dynamics-weather-systems;remote-sensing-retrieval;extremes;ocean-atmosphere,remote_sensing,train
https://doi.org/10.1002/2015jd023257,Delaying precipitation and lightning by air pollution over the Pearl River Delta. Part I: Observational analyses,2016,Journal of Geophysical Research: Atmospheres,cloud-precipitation-microphysics;atmospheric-chemistry;aerosols;air-quality-exposure;observations-instruments,observation;numerical_modeling,train
https://doi.org/10.1002/2015jd023718,Impact of remotely sensed albedo and vegetation fraction on simulation of urban climate in WRF‐urban canopy model: A case study of the urban heat island in Los Angeles,2016,Journal of Geophysical Research: Atmospheres,atmospheric-radiation;air-quality-exposure;numerical-weather-prediction;land-atmosphere,numerical_modeling,train
https://doi.org/10.1002/2015jd023744,Constraining the aerosol influence on cloud fraction,2016,Journal of Geophysical Research: Atmospheres,cloud-precipitation-microphysics;atmospheric-chemistry;aerosols,unspecified,train
https://doi.org/10.1002/2015jd023929,Spatiotemporal drought variability in the Mediterranean over the last 900 years,2016,Journal of Geophysical Research: Atmospheres,climate-variability-change;extremes;hydrometeorology,numerical_modeling,blind_test
https://doi.org/10.1002/2015jd023977,Statistical downscaling and dynamical downscaling of regional climate in China: Present climate evaluations and future climate projections,2016,Journal of Geophysical Research: Atmospheres,dynamics-weather-systems;climate-variability-change;model-evaluation-downscaling;statistics-causal-ml,numerical_modeling;statistical_ml,train
https://doi.org/10.1002/2015jd024020,"Chemical composition, sources, and aging process of submicron aerosols in Beijing: Contrast between summer and winter",2016,Journal of Geophysical Research: Atmospheres,atmospheric-chemistry;aerosols;air-quality-exposure,unspecified,train
https://doi.org/10.1002/2015jd024027,Estimating error cross‐correlations in soil moisture data sets using extended collocation analysis,2016,Journal of Geophysical Research: Atmospheres,cloud-precipitation-microphysics;remote-sensing-retrieval;observations-instruments;hydrometeorology;land-atmosphere;quality-control-uncertainty,observation;remote_sensing,blind_test
https://doi.org/10.1002/2015jd024131,Comparison of soil moisture in GLDAS model simulations and in situ observations over the Tibetan Plateau,2016,Journal of Geophysical Research: Atmospheres,remote-sensing-retrieval;observations-instruments;hydrometeorology;land-atmosphere,observation;remote_sensing;numerical_modeling,train
https://doi.org/10.1002/2015jd024181,Water vapor‐weighted mean temperature and its impact on the determination of precipitable water vapor and its linear trend,2016,Journal of Geophysical Research: Atmospheres,dynamics-weather-systems,unspecified,development
https://doi.org/10.1002/2015jd024229,"Modeling the observed tropospheric BrO background: Importance of multiphase chemistry and implications for ozone, OH, and mercury",2016,Journal of Geophysical Research: Atmospheres,atmospheric-chemistry;aerosols,numerical_modeling,train
https://doi.org/10.1002/2015jd024290,"Global volcanic aerosol properties derived from emissions, 1990–2014, using CESM1(WACCM)",2016,Journal of Geophysical Research: Atmospheres,dynamics-weather-systems;atmospheric-chemistry;aerosols;earth-system-models,unspecified,train
https://doi.org/10.1002/2015jd024297,"Planning, implementation, and scientific goals of the Studies of Emissions and Atmospheric Composition, Clouds and Climate Coupling by Regional Surveys (SEAC4RS) field mission",2016,Journal of Geophysical Research: Atmospheres,cloud-precipitation-microphysics;atmospheric-chemistry;aerosols,unspecified,train
https://doi.org/10.1002/2015jd024473,High‐resolution atmospheric inversion of urban CO 2 emissions during the dormant season of the Indianapolis Flux Experiment (INFLUX),2016,Journal of Geophysical Research: Atmospheres,dynamics-weather-systems;atmospheric-chemistry;aerosols;land-atmosphere,numerical_modeling,train
https://doi.org/10.1002/2015jd024556,Observations of nitryl chloride and modeling its source and effect on ozone in the planetary boundary layer of southern China,2016,Journal of Geophysical Research: Atmospheres,forecasting-predictability;boundary-layer-turbulence;atmospheric-chemistry;aerosols;air-quality-exposure;observations-instruments,observation;numerical_modeling,train
https://doi.org/10.1002/2015jd024631,Quantifying atmospheric methane emissions from oil and natural gas production in the Bakken shale region of North Dakota,2016,Journal of Geophysical Research: Atmospheres,dynamics-weather-systems;atmospheric-chemistry;aerosols,unspecified,train
https://doi.org/10.1002/2015jd024666,Why cirrus cloud seeding cannot substantially cool the planet,2016,Journal of Geophysical Research: Atmospheres,cloud-precipitation-microphysics;atmospheric-radiation;aerosols;climate-variability-change,unspecified,train
https://doi.org/10.1002/2015jd024728,Review on climate change on the Tibetan Plateau during the last half century,2016,Journal of Geophysical Research: Atmospheres,observations-instruments;climate-variability-change,observation;numerical_modeling;review_synthesis,train
https://doi.org/10.1002/2016ef000362,Tipping elements and climate–economic shocks: Pathways toward integrated assessment,2016,Earth's Future,dynamics-weather-systems;air-quality-exposure;climate-variability-change,review_synthesis,train
https://doi.org/10.1002/2016ef000376,Prospects for narrowing bounds on Earth's equilibrium climate sensitivity,2016,Earth's Future,dynamics-weather-systems;climate-variability-change,numerical_modeling,train
https://doi.org/10.1002/2016ef000379,Stratigraphic and Earth System approaches to defining the Anthropocene,2016,Earth's Future,ocean-atmosphere,unspecified,train
https://doi.org/10.1002/2016ef000417,The global warming hiatus: Slowdown or redistribution?,2016,Earth's Future,dynamics-weather-systems;climate-variability-change,numerical_modeling,blind_test
https://doi.org/10.1002/2016ef000445,Mitigation deterrence and the “moral hazard” of solar radiation management,2016,Earth's Future,atmospheric-radiation;climate-variability-change,unspecified,train
https://doi.org/10.1002/2016ef000469,The limits to global‐warming mitigation by terrestrial carbon removal,2017,Earth's Future,climate-variability-change,unspecified,blind_test
https://doi.org/10.1002/2016ef000477,The use of food imports to overcome local limits to growth,2017,Earth's Future,unclassified,unspecified,train
https://doi.org/10.1002/2016ef000480,Model prediction of biome‐specific global soil respiration from 1960 to 2012,2017,Earth's Future,dynamics-weather-systems;forecasting-predictability;land-atmosphere,numerical_modeling,train
https://doi.org/10.1002/2016ef000485,Global projections of river flood risk in a warmer world,2016,Earth's Future,extremes;hydrometeorology,review_synthesis,blind_test
https://doi.org/10.1002/2016ef000494,Cumulative hazard: The case of nuisance flooding,2017,Earth's Future,dynamics-weather-systems;extremes;hydrometeorology,review_synthesis,train
https://doi.org/10.1002/2016ef000505,Extreme sea levels on the rise along Europe's coasts,2017,Earth's Future,dynamics-weather-systems;remote-sensing-retrieval;extremes,remote_sensing,train
https://doi.org/10.1002/2016ef000514,Toward mountains without permanent snow and ice,2017,Earth's Future,observations-instruments;climate-variability-change,observation,train
https://doi.org/10.1002/2016ef000518,"Water scarcity assessments in the past, present, and future",2017,Earth's Future,unclassified,review_synthesis,train
https://doi.org/10.1002/2016ef000525,Understanding the weather signal in national crop‐yield variability,2017,Earth's Future,climate-variability-change,numerical_modeling,development
https://doi.org/10.1002/2016ef000531,Wavelength‐Selective Solar Photovoltaic Systems: Powering Greenhouses for Plant Growth at the Food‐Energy‐Water Nexus,2017,Earth's Future,dynamics-weather-systems,unspecified,development
https://doi.org/10.1002/2016gl067745,Enhanced haze pollution by black carbon in megacities in China,2016,Geophysical Research Letters,cloud-precipitation-microphysics;atmospheric-chemistry;aerosols;air-quality-exposure,unspecified,development
https://doi.org/10.1002/2016gl068070,Dominant flood generating mechanisms across the United States,2016,Geophysical Research Letters,extremes;hydrometeorology,review_synthesis,train
https://doi.org/10.1002/2016gl068189,Demonstrating soil moisture remote sensing with observations from the UK TechDemoSat‐1 satellite mission,2016,Geophysical Research Letters,cloud-precipitation-microphysics;remote-sensing-retrieval;observations-instruments;hydrometeorology;land-atmosphere,observation;remote_sensing,blind_test
https://doi.org/10.1002/2016gl068507,Sea level driven marsh expansion in a coupled model of marsh erosion and migration,2016,Geophysical Research Letters,dynamics-weather-systems;ocean-atmosphere;earth-system-models,numerical_modeling,blind_test
https://doi.org/10.1002/2016gl068949,Premature mortality in India due to PM2.5 and ozone exposure,2016,Geophysical Research Letters,atmospheric-chemistry;air-quality-exposure;climate-variability-change,unspecified,train
https://doi.org/10.1002/2016gl069239,Ubiquity of organic nitrates from nighttime chemistry in the European submicron aerosol,2016,Geophysical Research Letters,atmospheric-chemistry;aerosols;air-quality-exposure,unspecified,train
https://doi.org/10.1002/2016gl069315,Sea ice decline and 21st century trans‐Arctic shipping routes,2016,Geophysical Research Letters,dynamics-weather-systems,unspecified,blind_test
https://doi.org/10.1002/2016gl069563,What would it take to achieve the Paris temperature targets?,2016,Geophysical Research Letters,dynamics-weather-systems;climate-variability-change,unspecified,train
https://doi.org/10.1002/2016gl069690,Snowmelt rate dictates streamflow,2016,Geophysical Research Letters,observations-instruments;extremes;hydrometeorology,observation;review_synthesis,development
https://doi.org/10.1002/2016gl069716,Impacts of the 2015–2016 El Niño on the California Current System: Early assessment and comparison to past events,2016,Geophysical Research Letters,climate-variability-change;ocean-atmosphere,numerical_modeling;review_synthesis,train
https://doi.org/10.1002/2016gl069790,Was Venus the first habitable world of our solar system?,2016,Geophysical Research Letters,unclassified,unspecified,train
https://doi.org/10.1002/2016gl070023,An unprecedented coastwide toxic algal bloom linked to anomalous ocean conditions,2016,Geophysical Research Letters,ocean-atmosphere,unspecified,train
https://doi.org/10.1002/2016gl070319,Mean Antarctic Circumpolar Current transport measured in Drake Passage,2016,Geophysical Research Letters,dynamics-weather-systems,unspecified,blind_test
https://doi.org/10.1002/2016gl070709,Automatic classification of endogenous landslide seismicity using the Random Forest supervised classifier,2016,Geophysical Research Letters,statistics-causal-ml,numerical_modeling,train
https://doi.org/10.1002/2016gl070815,A new paradigm for large earthquakes in stable continental plate interiors,2016,Geophysical Research Letters,atmospheric-chemistry,unspecified,train
https://doi.org/10.1002/2016gl071039,Satellite sea surface temperatures along the West Coast of the United States during the 2014–2016 northeast Pacific marine heat wave,2016,Geophysical Research Letters,dynamics-weather-systems;remote-sensing-retrieval;climate-variability-change;ocean-atmosphere,remote_sensing;numerical_modeling,train
https://doi.org/10.1002/2016gl071092,The onset of sediment transport in vegetated channels predicted by turbulent kinetic energy,2016,Geophysical Research Letters,hydrometeorology;land-atmosphere,unspecified,train
https://doi.org/10.1002/2016gl071235,Regional amplification of projected changes in extreme temperatures strongly controlled by soil moisture‐temperature feedbacks,2017,Geophysical Research Letters,dynamics-weather-systems;remote-sensing-retrieval;climate-variability-change;extremes;hydrometeorology;land-atmosphere,remote_sensing;numerical_modeling,train
https://doi.org/10.1002/2016gl071766,Transient reducing greenhouse warming on early Mars,2017,Geophysical Research Letters,climate-variability-change,unspecified,train
https://doi.org/10.1002/2016gl071930,"Radiative forcing of carbon dioxide, methane, and nitrous oxide: A significant revision of the methane radiative forcing",2016,Geophysical Research Letters,dynamics-weather-systems;atmospheric-radiation;atmospheric-chemistry;aerosols,unspecified,train
https://doi.org/10.1002/2016gl072012,A climate model projection weighting scheme accounting for performance and interdependence,2017,Geophysical Research Letters,dynamics-weather-systems;climate-variability-change,numerical_modeling,train
https://doi.org/10.1002/2016gl072235,Revisiting the contribution of transpiration to global terrestrial evapotranspiration,2017,Geophysical Research Letters,dynamics-weather-systems;climate-variability-change;hydrometeorology,numerical_modeling,train
https://doi.org/10.1002/2016gl072305,Increased atmospheric ammonia over the world's major agricultural areas detected from space,2017,Geophysical Research Letters,dynamics-weather-systems;atmospheric-chemistry;aerosols,unspecified,train
https://doi.org/10.1002/2016gl072308,Revisiting ENSO/Indian Ocean Dipole phase relationships,2017,Geophysical Research Letters,dynamics-weather-systems;climate-variability-change,numerical_modeling,train
https://doi.org/10.1002/2016jd024751,The last millennium climate reanalysis project: Framework and first results,2016,Journal of Geophysical Research: Atmospheres,climate-variability-change,numerical_modeling;reanalysis,development
https://doi.org/10.1002/2016jd024917,"Global water vapor variability and trend from the latest 36 year (1979 to 2014) data of ECMWF and NCEP reanalyses, radiosonde, GPS, and microwave satellite",2016,Journal of Geophysical Research: Atmospheres,dynamics-weather-systems;remote-sensing-retrieval;climate-variability-change,remote_sensing;numerical_modeling,train
https://doi.org/10.1002/2016jd025034,"Production of cosmogenic isotopes 7 Be, 10 Be, 14 C, 22 Na, and 36 Cl in the atmosphere: Altitudinal profiles of yield functions",2016,Journal of Geophysical Research: Atmospheres,atmospheric-chemistry;observations-instruments,observation,train
https://doi.org/10.1002/2016jd025136,Increase in winter haze over eastern China in recent decades: Roles of variations in meteorological parameters and anthropogenic emissions,2016,Journal of Geophysical Research: Atmospheres,cloud-precipitation-microphysics;atmospheric-chemistry;aerosols;climate-variability-change,unspecified,blind_test
https://doi.org/10.1002/2016jd025251,The unstable ice nucleation properties of Snomax® bacterial particles,2016,Journal of Geophysical Research: Atmospheres,cloud-precipitation-microphysics;atmospheric-chemistry,unspecified,train
https://doi.org/10.1002/2016jd025304,Comparing the diurnal and seasonal variabilities of atmospheric and surface urban heat islands based on the Beijing urban meteorological network,2017,Journal of Geophysical Research: Atmospheres,air-quality-exposure;observations-instruments;land-atmosphere,unspecified,train
https://doi.org/10.1002/2016jd025311,Fine particle pH and the partitioning of nitric acid during winter in the northeastern United States,2016,Journal of Geophysical Research: Atmospheres,cloud-precipitation-microphysics;atmospheric-chemistry;aerosols;air-quality-exposure,unspecified,train
https://doi.org/10.1002/2016jd025320,Recommendations for diagnosing effective radiative forcing from climate models for CMIP6,2016,Journal of Geophysical Research: Atmospheres,dynamics-weather-systems;atmospheric-radiation;atmospheric-chemistry;aerosols;climate-variability-change;earth-system-models,numerical_modeling,train
https://doi.org/10.1002/2016jd025357,Heatwaves and urban heat islands: A comparative analysis of multiple cities,2016,Journal of Geophysical Research: Atmospheres,dynamics-weather-systems;air-quality-exposure;climate-variability-change;extremes;land-atmosphere,unspecified,train
https://doi.org/10.1002/2016jd025418,Ground validation of GPM IMERG and TRMM 3B42V7 rainfall products over southern Tibetan Plateau based on a high‐density rain gauge network,2017,Journal of Geophysical Research: Atmospheres,cloud-precipitation-microphysics;remote-sensing-retrieval;observations-instruments;hydrometeorology;land-atmosphere;quality-control-uncertainty,observation;remote_sensing;numerical_modeling,development
https://doi.org/10.1002/2016jd025428,The onset and cessation of seasonal rainfall over Africa,2016,Journal of Geophysical Research: Atmospheres,cloud-precipitation-microphysics;observations-instruments;climate-variability-change,observation;numerical_modeling,development
https://doi.org/10.1002/2016jd025482,Substantial contribution of northern high‐latitude sources to mineral dust in the Arctic,2016,Journal of Geophysical Research: Atmospheres,dynamics-weather-systems;aerosols,unspecified,train
https://doi.org/10.1002/2016jd025606,Recent warming on Spitsbergen—Influence of atmospheric circulation and sea ice cover,2016,Journal of Geophysical Research: Atmospheres,dynamics-weather-systems;observations-instruments;climate-variability-change,observation,train
https://doi.org/10.1002/2016jd025740,Present‐day irrigation mitigates heat extremes,2017,Journal of Geophysical Research: Atmospheres,dynamics-weather-systems;climate-variability-change;extremes,numerical_modeling,train
https://doi.org/10.1002/2016jd025753,Generation of real‐time mode high‐resolution water vapor fields from GPS observations,2017,Journal of Geophysical Research: Atmospheres,dynamics-weather-systems;observations-instruments,observation,train
https://doi.org/10.1002/2016jd025855,Historic and projected changes in vapor pressure deficit suggest a continental‐scale drying of the United States atmosphere,2017,Journal of Geophysical Research: Atmospheres,dynamics-weather-systems;climate-variability-change,numerical_modeling,blind_test
https://doi.org/10.1002/2016jd025951,The role of cloud phase in Earth's radiation budget,2017,Journal of Geophysical Research: Atmospheres,dynamics-weather-systems;cloud-precipitation-microphysics;atmospheric-radiation;atmospheric-chemistry;aerosols,unspecified,train
https://doi.org/10.1002/2016jd026315,Airborne measurements of western U.S. wildfire emissions: Comparison with prescribed burning and air quality implications,2017,Journal of Geophysical Research: Atmospheres,atmospheric-chemistry;aerosols;air-quality-exposure;observations-instruments,observation,train
https://doi.org/10.1002/2016jd026424,Why was the arid and semiarid northwest China getting wetter in the recent decades?,2017,Journal of Geophysical Research: Atmospheres,dynamics-weather-systems;climate-variability-change,numerical_modeling,train
https://doi.org/10.1002/2017ef000536,A Global Geospatial Ecosystem Services Estimate of Urban Agriculture,2018,Earth's Future,air-quality-exposure;land-atmosphere,unspecified,train
https://doi.org/10.1002/2017ef000592,Is nitrogen the next carbon?,2017,Earth's Future,dynamics-weather-systems;atmospheric-chemistry;aerosols;ocean-atmosphere,unspecified,blind_test
https://doi.org/10.1002/2017ef000606,Adaptation to flood risk: Results of international paired flood event studies,2017,Earth's Future,climate-variability-change;extremes;hydrometeorology,review_synthesis,train
https://doi.org/10.1002/2017ef000632,A Systematic Study of Sustainable Development Goal (SDG) Interactions,2017,Earth's Future,unclassified,unspecified,train
https://doi.org/10.1002/2017ef000649,"Robustness Metrics: How Are They Calculated, When Should They Be Used and Why Do They Give Different Results?",2018,Earth's Future,unclassified,unspecified,train
https://doi.org/10.1002/2017ef000659,Model‐Based Assessment of the CO2 Sequestration Potential of Coastal Ocean Alkalinization,2017,Earth's Future,atmospheric-chemistry,numerical_modeling;review_synthesis,development
https://doi.org/10.1002/2017ef000663,Evolving Understanding of Antarctic Ice‐Sheet Physics and Ambiguity in Probabilistic Sea‐Level Projections,2017,Earth's Future,dynamics-weather-systems;observations-instruments,observation,train
https://doi.org/10.1002/2017ef000672,"Roadmaps to Transition Countries to 100% Clean, Renewable Energy for All Purposes to Curtail Global Warming, Air Pollution, and Energy Risk",2017,Earth's Future,air-quality-exposure;climate-variability-change,unspecified,train
https://doi.org/10.1002/2017ef000686,Defining Extreme Events: A Cross‐Disciplinary Review,2018,Earth's Future,dynamics-weather-systems;extremes,numerical_modeling;review_synthesis,blind_test
https://doi.org/10.1002/2017ef000704,Integrating Algae with Bioenergy Carbon Capture and Storage (ABECCS) Increases Sustainability,2018,Earth's Future,unclassified,unspecified,train
https://doi.org/10.1002/2017ef000710,Climate Impacts in Europe Under +1.5°C Global Warming,2018,Earth's Future,air-quality-exposure;climate-variability-change,numerical_modeling,blind_test
https://doi.org/10.1002/2017ef000715,Satellite‐Based Assessment of Rainfall‐Triggered Landslide Hazard for Situational Awareness,2018,Earth's Future,cloud-precipitation-microphysics;remote-sensing-retrieval;observations-instruments;extremes,observation;remote_sensing;review_synthesis,train
https://doi.org/10.1002/2017ef000735,The Risk of Termination Shock From Solar Geoengineering,2018,Earth's Future,climate-variability-change,unspecified,development
https://doi.org/10.1002/2017ef000766,Quantifying Anthropogenic Dust Emissions,2018,Earth's Future,cloud-precipitation-microphysics;atmospheric-chemistry;aerosols;climate-variability-change,unspecified,train
https://doi.org/10.1002/2017gl072630,Emergent archetype patterns of coupled hydrologic and biogeochemical responses in catchments,2017,Geophysical Research Letters,dynamics-weather-systems;atmospheric-chemistry;hydrometeorology;land-atmosphere,unspecified,train
https://doi.org/10.1002/2017gl072874,A high‐accuracy map of global terrain elevations,2017,Geophysical Research Letters,observations-instruments;extremes,observation;review_synthesis,train
https://doi.org/10.1002/2017gl072955,Deforestation effects on Amazon forest resilience,2017,Geophysical Research Letters,dynamics-weather-systems,observation,development
https://doi.org/10.1002/2017gl073023,An 8 month slow slip event triggers progressive nucleation of the 2014 Chile megathrust,2017,Geophysical Research Letters,atmospheric-chemistry,unspecified,train
https://doi.org/10.1002/2017gl073160,Comparing Jupiter interior structure models to Juno gravity measurements and the role of a dilute core,2017,Geophysical Research Letters,observations-instruments,observation;numerical_modeling,blind_test
https://doi.org/10.1002/2017gl073210,Fine particle pH during severe haze episodes in northern China,2017,Geophysical Research Letters,cloud-precipitation-microphysics;atmospheric-chemistry;aerosols,unspecified,train
https://doi.org/10.1002/2017gl073426,An Argo mixed layer climatology and database,2017,Geophysical Research Letters,climate-variability-change;ocean-atmosphere,numerical_modeling,development
https://doi.org/10.1002/2017gl073524,Intensified dust storm activity and Valley fever infection in the southwestern United States,2017,Geophysical Research Letters,dynamics-weather-systems;aerosols,unspecified,train
https://doi.org/10.1002/2017gl073551,"How much runoff originates as snow in the western United States, and how will that change in the future?",2017,Geophysical Research Letters,observations-instruments;climate-variability-change;hydrometeorology,observation,train
https://doi.org/10.1002/2017gl073773,Lake volume and groundwater storage variations in Tibetan Plateau's endorheic basin,2017,Geophysical Research Letters,observations-instruments;climate-variability-change,observation,blind_test
https://doi.org/10.1002/2017gl074084,Contribution of urbanization to the increase of extreme heat events in an urban agglomeration in east China,2017,Geophysical Research Letters,air-quality-exposure;extremes;land-atmosphere,unspecified,train
https://doi.org/10.1002/2017gl074117,Projected drought risk in 1.5°C and 2°C warmer climates,2017,Geophysical Research Letters,climate-variability-change;extremes;hydrometeorology,numerical_modeling,development
https://doi.org/10.1002/2017gl074677,Machine Learning Predicts Laboratory Earthquakes,2017,Geophysical Research Letters,statistics-causal-ml,statistical_ml,train
https://doi.org/10.1002/2017gl074702,Quantifying CO2 Emissions From Individual Power Plants From Space,2017,Geophysical Research Letters,dynamics-weather-systems;atmospheric-chemistry;aerosols,unspecified,development
https://doi.org/10.1002/2017gl074954,BedMachine v3: Complete Bed Topography and Ocean Bathymetry Mapping of Greenland From Multibeam Echo Sounding Combined With Mass Conservation,2017,Geophysical Research Letters,atmospheric-chemistry;observations-instruments;climate-variability-change,observation,train
https://doi.org/10.1002/2017gl075571,Permafrost Stores a Globally Significant Amount of Mercury,2018,Geophysical Research Letters,dynamics-weather-systems;climate-variability-change,unspecified,train
https://doi.org/10.1002/2017gl075619,Prolongation of SMAP to Spatiotemporally Seamless Coverage of Continental U.S. Using a Deep Learning Neural Network,2017,Geophysical Research Letters,forecasting-predictability;remote-sensing-retrieval;observations-instruments;hydrometeorology;land-atmosphere;statistics-causal-ml,remote_sensing;numerical_modeling;statistical_ml,blind_test
https://doi.org/10.1002/2017gl075710,Estimating Ground‐Level PM 2.5 by Fusing Satellite and Station Observations: A Geo‐Intelligent Deep Learning Approach,2017,Geophysical Research Letters,forecasting-predictability;atmospheric-chemistry;aerosols;air-quality-exposure;remote-sensing-retrieval;observations-instruments;statistics-causal-ml,observation;remote_sensing,development
https://doi.org/10.1002/2017gl075722,Fiber‐Optic Network Observations of Earthquake Wavefields,2017,Geophysical Research Letters,dynamics-weather-systems;observations-instruments;climate-variability-change,observation,train
https://doi.org/10.1002/2017gl075860,Compiling and Mapping Global Permeability of the Unconsolidated and Consolidated Earth: GLobal HYdrogeology MaPS 2.0 (GLHYMPS 2.0),2018,Geophysical Research Letters,atmospheric-chemistry,unspecified,development
https://doi.org/10.1002/2017gl075888,Attributable Human‐Induced Changes in the Likelihood and Magnitude of the Observed Extreme Precipitation during Hurricane Harvey,2017,Geophysical Research Letters,dynamics-weather-systems;cloud-precipitation-microphysics;climate-variability-change;extremes,numerical_modeling,development
https://doi.org/10.1002/2017gl076101,Earth System Modeling 2.0: A Blueprint for Models That Learn From Observations and Targeted High‐Resolution Simulations,2017,Geophysical Research Letters,observations-instruments;climate-variability-change;earth-system-models;statistics-causal-ml,observation;numerical_modeling;statistical_ml,train
https://doi.org/10.1002/2017gl076164,Massive Mortality of a Planktivorous Seabird in Response to a Marine Heatwave,2018,Geophysical Research Letters,dynamics-weather-systems;air-quality-exposure;climate-variability-change;extremes;ocean-atmosphere,numerical_modeling,train
https://doi.org/10.1002/2017gl076350,The North Atlantic Ocean Is in a State of Reduced Overturning,2018,Geophysical Research Letters,climate-variability-change;ocean-atmosphere,numerical_modeling,train
https://doi.org/10.1002/2017gl076521,Global Changes in Drought Conditions Under Different Levels of Warming,2018,Geophysical Research Letters,dynamics-weather-systems;climate-variability-change;extremes;hydrometeorology,numerical_modeling,train
https://doi.org/10.1002/2017gl076644,"GIA Model Statistics for GRACE Hydrology, Cryosphere, and Ocean Science",2018,Geophysical Research Letters,atmospheric-chemistry;observations-instruments;hydrometeorology,observation;numerical_modeling,train
https://doi.org/10.1002/2017gl076803,Increasingly Important Role of Atmospheric Aridity on Tibetan Alpine Grasslands,2018,Geophysical Research Letters,dynamics-weather-systems;climate-variability-change,numerical_modeling,blind_test
https://doi.org/10.1002/2017jd026577,Pyrocumulonimbus lightning and fire ignition on Black Saturday in southeast Australia,2017,Journal of Geophysical Research: Atmospheres,dynamics-weather-systems,unspecified,train
https://doi.org/10.1002/2017jd026720,Evaluating a Space‐Based Indicator of Surface Ozone‐NOx‐VOC Sensitivity Over Midlatitude Source Regions and Application to Decadal Trends,2017,Journal of Geophysical Research: Atmospheres,atmospheric-chemistry;aerosols;air-quality-exposure,unspecified,train
https://doi.org/10.1002/2017jd026781,New insights into the column CH 2 O/NO 2 ratio as an indicator of near‐surface ozone sensitivity,2017,Journal of Geophysical Research: Atmospheres,atmospheric-chemistry;aerosols;air-quality-exposure,unspecified,train
https://doi.org/10.1002/2017jd026844,Causes and importance of new particle formation in the present‐day and preindustrial atmospheres,2017,Journal of Geophysical Research: Atmospheres,cloud-precipitation-microphysics;atmospheric-chemistry;aerosols,unspecified,development
https://doi.org/10.1002/2017jd026868,The Climate Response to Stratospheric Aerosol Geoengineering Can Be Tailored Using Multiple Injection Locations,2017,Journal of Geophysical Research: Atmospheres,aerosols;climate-variability-change,unspecified,blind_test
https://doi.org/10.1002/2017jd026874,First Simulations of Designing Stratospheric Sulfate Aerosol Geoengineering to Meet Multiple Simultaneous Climate Objectives,2017,Journal of Geophysical Research: Atmospheres,atmospheric-chemistry;aerosols;climate-variability-change,numerical_modeling,development
https://doi.org/10.1002/2017jd026930,Chemical Characteristics of Organic Aerosols in Shanghai: A Study by Ultrahigh‐Performance Liquid Chromatography Coupled With Orbitrap Mass Spectrometry,2017,Journal of Geophysical Research: Atmospheres,forecasting-predictability;atmospheric-chemistry;aerosols;air-quality-exposure,unspecified,train
https://doi.org/10.1002/2017jd027006,Radiative and Chemical Response to Interactive Stratospheric Sulfate Aerosols in Fully Coupled CESM1(WACCM),2017,Journal of Geophysical Research: Atmospheres,dynamics-weather-systems;atmospheric-radiation;atmospheric-chemistry;aerosols;climate-variability-change;earth-system-models,unspecified,train
https://doi.org/10.1002/2017jd027176,Projections of Future Precipitation Extremes Over Europe: A Multimodel Assessment of Climate Simulations,2017,Journal of Geophysical Research: Atmospheres,dynamics-weather-systems;cloud-precipitation-microphysics;climate-variability-change;extremes,numerical_modeling;review_synthesis,train
https://doi.org/10.1002/2017jd027180,"Heat Waves in China: Definitions, Leading Patterns, and Connections to Large‐Scale Atmospheric Circulation and SSTs",2017,Journal of Geophysical Research: Atmospheres,dynamics-weather-systems;climate-variability-change,numerical_modeling,train
https://doi.org/10.1002/2017jd027418,Trends and Variability of Surface Solar Radiation in Europe Based On Surface‐ and Satellite‐Based Data Records,2018,Journal of Geophysical Research: Atmospheres,cloud-precipitation-microphysics;atmospheric-radiation;atmospheric-chemistry;aerosols;remote-sensing-retrieval,remote_sensing,train
https://doi.org/10.1002/2017jd027460,Secondary Gravity Waves in the Winter Mesosphere: Results From a High‐Resolution Global Circulation Model,2018,Journal of Geophysical Research: Atmospheres,dynamics-weather-systems;atmospheric-chemistry,numerical_modeling,blind_test
https://doi.org/10.1002/2017jd027661,Intralake Heterogeneity of Thermal Responses to Climate Change: A Study of Large Northern Hemisphere Lakes,2018,Journal of Geophysical Research: Atmospheres,dynamics-weather-systems;climate-variability-change;ocean-atmosphere,unspecified,train
https://doi.org/10.1002/2017jd027889,Hydrological Cycle in the Heihe River Basin and Its Implication for Water Resource Management in Endorheic Basins,2018,Journal of Geophysical Research: Atmospheres,remote-sensing-retrieval;climate-variability-change;hydrometeorology;land-atmosphere,remote_sensing,train
https://doi.org/10.1002/2018ef000813,Risks from Climate Extremes Change Differently from 1.5°C to 2.0°C Depending on Rarity,2018,Earth's Future,climate-variability-change;extremes,numerical_modeling;review_synthesis,train
https://doi.org/10.1002/2018gl077259,Toward Global Mapping of Methane With TROPOMI: First Results and Intersatellite Comparison to GOSAT,2018,Geophysical Research Letters,dynamics-weather-systems;atmospheric-chemistry;aerosols;remote-sensing-retrieval,remote_sensing,train
https://doi.org/10.1002/2018gl077312,A New Model of Jupiter's Magnetic Field From Juno's First Nine Orbits,2018,Geophysical Research Letters,unclassified,numerical_modeling,train
https://doi.org/10.1002/2018jd028336,Heterogeneous N 2 O 5 Uptake During Winter: Aircraft Measurements During the 2015 WINTER Campaign and Critical Evaluation of Current Parameterizations,2018,Journal of Geophysical Research: Atmospheres,atmospheric-chemistry;aerosols;air-quality-exposure;observations-instruments;model-evaluation-downscaling,observation,train
https://doi.org/10.1002/asl.1002,Extreme Greenland blocking and high‐latitude moisture transport,2020,Atmospheric Science Letters,dynamics-weather-systems;observations-instruments;climate-variability-change;extremes,observation;numerical_modeling,train
https://doi.org/10.1002/asl.1005,Predictability of European winter 2019/20: Indian Ocean dipole impacts on the NAO,2020,Atmospheric Science Letters,forecasting-predictability;climate-variability-change,numerical_modeling,development
https://doi.org/10.1002/asl.1009,Predictability of European Winters 2017/2018 and 2018/2019: Contrasting influences from the Tropics and stratosphere,2020,Atmospheric Science Letters,forecasting-predictability;atmospheric-chemistry;aerosols;climate-variability-change,numerical_modeling,train
https://doi.org/10.1002/asl.1013,Impact of sudden stratospheric warmings on United Kingdom mortality,2020,Atmospheric Science Letters,air-quality-exposure;climate-variability-change,unspecified,train
https://doi.org/10.1002/asl.1015,Causal pathways linking different flavours of ENSO with the Greater Horn of Africa short rains,2020,Atmospheric Science Letters,climate-variability-change;statistics-causal-ml,numerical_modeling;statistical_ml,blind_test
https://doi.org/10.1002/asl.1017,Roles of the Tibetan Plateau vortices in the record Meiyu rainfall in 2020,2020,Atmospheric Science Letters,dynamics-weather-systems;cloud-precipitation-microphysics;climate-variability-change,numerical_modeling,train
https://doi.org/10.1002/asl.1019,Forecast Impact of FORMOSAT ‐7/ COSMIC ‐2 GNSS Radio Occultation Measurements,2020,Atmospheric Science Letters,dynamics-weather-systems;forecasting-predictability;observations-instruments,observation;numerical_modeling,train
https://doi.org/10.1002/asl.1020,Scaling of Eliassen‐Palm flux vectors,2021,Atmospheric Science Letters,atmospheric-chemistry;climate-variability-change,numerical_modeling,train
https://doi.org/10.1002/asl.1032,Urban heat islands in Hong Kong: Bonding with atmospheric stability,2021,Atmospheric Science Letters,remote-sensing-retrieval;climate-variability-change;land-atmosphere,remote_sensing;numerical_modeling,train
https://doi.org/10.1002/asl.1041,Changes in snow depth under elevation‐dependent warming over the Tibetan Plateau,2021,Atmospheric Science Letters,dynamics-weather-systems;observations-instruments;climate-variability-change,observation,train
https://doi.org/10.1002/asl.1043,Evaluation of analytical solution of advection diffusion equation in three dimensions,2021,Atmospheric Science Letters,unclassified,unspecified,blind_test
https://doi.org/10.1002/asl.1072,On the need of bias adjustment for more plausible climate change projections of extreme heat,2021,Atmospheric Science Letters,climate-variability-change;extremes,numerical_modeling,train
https://doi.org/10.1002/asl.1087,A critical view on the suitability of machine learning techniques to downscale climate change projections: Illustration for temperature with a toy experiment,2022,Atmospheric Science Letters,climate-variability-change;hydrometeorology;model-evaluation-downscaling;statistics-causal-ml,numerical_modeling;statistical_ml,train
https://doi.org/10.1002/asl.1088,PM 2.5 decrease with precipitation as revealed by single‐point ground‐based observation,2022,Atmospheric Science Letters,cloud-precipitation-microphysics;atmospheric-chemistry;aerosols;air-quality-exposure;observations-instruments,observation,development
https://doi.org/10.1002/asl.1094,Effects of vertical wind shear on intensities of mesoscale convective systems over West and Central Africa,2022,Atmospheric Science Letters,dynamics-weather-systems;climate-variability-change,numerical_modeling,train
https://doi.org/10.1002/asl.1120,Towards a more comprehensive assessment of the intensity of historical European heat waves (1979–2019),2022,Atmospheric Science Letters,dynamics-weather-systems;air-quality-exposure;climate-variability-change,numerical_modeling;review_synthesis,train
https://doi.org/10.1002/asl.1130,"Progress, challenges, and future steps in data assimilation for convection‐permitting numerical weather prediction: Report on the virtual meeting held on 10 and 12 November 2021",2022,Atmospheric Science Letters,dynamics-weather-systems;forecasting-predictability;cloud-precipitation-microphysics;aerosols;numerical-weather-prediction;climate-variability-change,numerical_modeling,development
https://doi.org/10.1002/asl.1151,A deep learning ensemble approach for predicting tropical cyclone rapid intensification,2023,Atmospheric Science Letters,dynamics-weather-systems;forecasting-predictability;remote-sensing-retrieval;extremes;statistics-causal-ml,remote_sensing;numerical_modeling;review_synthesis,train
https://doi.org/10.1002/asl.1159,Using early extremes to place the 2022 UK heat waves into historical context,2023,Atmospheric Science Letters,dynamics-weather-systems;air-quality-exposure;climate-variability-change;extremes,numerical_modeling,train
https://doi.org/10.1002/asl.1180,Future of land surface water availability over the Mediterranean basin and North Africa: Analysis and synthesis from the CMIP6 exercise,2023,Atmospheric Science Letters,climate-variability-change;extremes;hydrometeorology;land-atmosphere;earth-system-models,numerical_modeling;review_synthesis,train
https://doi.org/10.1002/asl.1195,On the limitations of deep learning for statistical downscaling of climate change projections: The transferability and the extrapolation issues,2023,Atmospheric Science Letters,observations-instruments;climate-variability-change;model-evaluation-downscaling;statistics-causal-ml,observation;numerical_modeling;statistical_ml,train
https://doi.org/10.1002/asl.1254,Will 2024 be the first year that global temperature exceeds 1.5°C?,2024,Atmospheric Science Letters,air-quality-exposure;climate-variability-change,numerical_modeling,train
https://doi.org/10.1002/asl.645,A 31‐year trend of the hourly precipitation over South China and the underlying mechanisms,2016,Atmospheric Science Letters,dynamics-weather-systems;cloud-precipitation-microphysics;climate-variability-change,numerical_modeling,train
https://doi.org/10.1002/asl.653,Changes of probabilities in different wind grades induced by land use and cover change in Eastern China Plain during 1980–2011,2016,Atmospheric Science Letters,climate-variability-change;land-atmosphere,numerical_modeling,train
https://doi.org/10.1002/asl.654,"Comparison of two successive versions 6 and 7 of TMPA satellite precipitation products with rain gauge data over Swat Watershed, Hindukush Mountains, Pakistan",2016,Atmospheric Science Letters,cloud-precipitation-microphysics;remote-sensing-retrieval;observations-instruments;climate-variability-change,observation;remote_sensing;numerical_modeling,development
https://doi.org/10.1002/asl.657,Entrainment and droplet spectral characteristics in convective clouds during transition to monsoon,2016,Atmospheric Science Letters,dynamics-weather-systems;cloud-precipitation-microphysics;atmospheric-chemistry;aerosols,unspecified,train
https://doi.org/10.1002/asl.658,Recent changes on land use/land cover over Indian region and its impact on the weather prediction using Unified model,2016,Atmospheric Science Letters,forecasting-predictability;remote-sensing-retrieval;climate-variability-change;land-atmosphere,remote_sensing;numerical_modeling,development
https://doi.org/10.1002/asl.660,On the link between cold fronts and hail in Switzerland,2016,Atmospheric Science Letters,dynamics-weather-systems;observations-instruments;climate-variability-change,observation;numerical_modeling,train
https://doi.org/10.1002/asl.669,Genesis of westerly wind bursts over the equatorial western Pacific during the onset of the strong 2015–2016 El Niño,2016,Atmospheric Science Letters,dynamics-weather-systems;climate-variability-change,numerical_modeling,train
https://doi.org/10.1002/asl.671,Trends in extreme precipitation indices across China detected using quantile regression,2016,Atmospheric Science Letters,cloud-precipitation-microphysics;observations-instruments;climate-variability-change;extremes;hydrometeorology,observation;numerical_modeling;statistical_ml,train
https://doi.org/10.1002/asl.677,Interdecadal circumglobal teleconnection pattern during boreal summer,2016,Atmospheric Science Letters,climate-variability-change,numerical_modeling,development
https://doi.org/10.1002/asl.679,Using highly resolved maximum gust speed as predictor for forest storm damage caused by the high‐impact winter storm Lothar in Southwest Germany,2016,Atmospheric Science Letters,dynamics-weather-systems,unspecified,blind_test
https://doi.org/10.1002/asl.680,Summer ozone concentrations in the vicinity of the Great Salt Lake,2016,Atmospheric Science Letters,cloud-precipitation-microphysics;atmospheric-chemistry;aerosols;air-quality-exposure,unspecified,train
https://doi.org/10.1002/asl.685,Lightning activity in the Mediterranean: quantification of cyclones contribution and relation to their intensity,2016,Atmospheric Science Letters,dynamics-weather-systems;atmospheric-chemistry;aerosols,numerical_modeling,train
https://doi.org/10.1002/asl.690,Effect of soil texture and hydraulic parameters on WRF simulations in summer in east China,2016,Atmospheric Science Letters,remote-sensing-retrieval;numerical-weather-prediction;hydrometeorology;land-atmosphere,remote_sensing;numerical_modeling,train
https://doi.org/10.1002/asl.694,Different long‐term trends of extra‐tropical cyclones and windstorms in ERA‐20C and NOAA‐20CR reanalyses,2016,Atmospheric Science Letters,dynamics-weather-systems;climate-variability-change,numerical_modeling,train
https://doi.org/10.1002/asl.715,Added value of high resolution models in simulating global precipitation characteristics,2016,Atmospheric Science Letters,dynamics-weather-systems;cloud-precipitation-microphysics;climate-variability-change,numerical_modeling,blind_test
https://doi.org/10.1002/asl.721,Predictability of European winter 2015/2016,2017,Atmospheric Science Letters,dynamics-weather-systems;forecasting-predictability;atmospheric-chemistry;climate-variability-change,numerical_modeling,train
https://doi.org/10.1002/asl.726,Analysis of the breeze circulations in Eastern Amazon: an observational study,2017,Atmospheric Science Letters,dynamics-weather-systems;cloud-precipitation-microphysics;observations-instruments;climate-variability-change,observation;numerical_modeling,train
https://doi.org/10.1002/asl.732,Quantitative analysis of surface warming amplification over the Tibetan Plateau after the late 1990s using surface energy balance equation,2017,Atmospheric Science Letters,observations-instruments;climate-variability-change,observation;numerical_modeling,train
https://doi.org/10.1002/asl.734,Characteristics of wet and dry spells in the West African monsoon system,2017,Atmospheric Science Letters,dynamics-weather-systems;cloud-precipitation-microphysics;observations-instruments;climate-variability-change,observation;numerical_modeling,development
https://doi.org/10.1002/asl.735,Comparison of three drought indices and their evolutionary characteristics in the arid region of northwestern China,2017,Atmospheric Science Letters,climate-variability-change;extremes;hydrometeorology,numerical_modeling,train
https://doi.org/10.1002/asl.736,"Characteristics of peat humification, magnetic susceptibility and trace elements of Hani peatland, northeastern China: paleoclimatic implications",2017,Atmospheric Science Letters,unclassified,unspecified,train
https://doi.org/10.1002/asl.740,Revisiting the relationship between the South Asian summer monsoon drought and El Niño warming pattern,2017,Atmospheric Science Letters,dynamics-weather-systems;climate-variability-change;extremes,numerical_modeling,blind_test
https://doi.org/10.1002/asl.745,A dynamical link between deep Atlantic extratropical cyclones and intense Mediterranean cyclones,2017,Atmospheric Science Letters,dynamics-weather-systems;climate-variability-change,numerical_modeling,train
https://doi.org/10.1002/asl.747,Multi‐scale response of runoff to climate fluctuation in the headwater region of the Kaidu River in Xinjiang of China,2017,Atmospheric Science Letters,forecasting-predictability;climate-variability-change;hydrometeorology,numerical_modeling,train
https://doi.org/10.1002/asl.753,Objective determination of the onset and withdrawal of the South China Sea summer monsoon,2017,Atmospheric Science Letters,dynamics-weather-systems;climate-variability-change,numerical_modeling,train
https://doi.org/10.1002/asl.757,Extreme Arctic cyclone in August 2016,2017,Atmospheric Science Letters,dynamics-weather-systems;climate-variability-change;extremes,numerical_modeling,train
https://doi.org/10.1002/asl.764,A grid refinement study of trade wind cumuli simulated by a Lagrangian cloud microphysical model: the super‐droplet method,2017,Atmospheric Science Letters,cloud-precipitation-microphysics;atmospheric-chemistry;aerosols,numerical_modeling,train
https://doi.org/10.1002/asl.765,New Saharan wind observations reveal substantial biases in analysed dust‐generating winds,2017,Atmospheric Science Letters,cloud-precipitation-microphysics;atmospheric-chemistry;aerosols;observations-instruments,observation,train
https://doi.org/10.1002/asl.766,Two typical modes in the variabilities of wintertime North Pacific basin‐scale oceanic fronts and associated atmospheric eddy‐driven jet,2017,Atmospheric Science Letters,dynamics-weather-systems;climate-variability-change,numerical_modeling,train
https://doi.org/10.1002/asl.781,Analogous seasonal evolution of the South Atlantic SST dipole indices,2017,Atmospheric Science Letters,climate-variability-change;ocean-atmosphere,numerical_modeling,train
https://doi.org/10.1002/asl.784,Impacts of projected urban expansion and global warming on cooling energy demand over a semiarid region,2017,Atmospheric Science Letters,climate-variability-change;land-atmosphere,unspecified,train
https://doi.org/10.1002/asl.785,Changes in Koppen–Trewartha climate classification over South America from RegCM4 projections,2017,Atmospheric Science Letters,dynamics-weather-systems;climate-variability-change,numerical_modeling,train
https://doi.org/10.1002/asl.793,"Causes of the Antarctic region record high temperature at Signy Island, 30th January 1982",2017,Atmospheric Science Letters,observations-instruments,observation,development
https://doi.org/10.1002/asl.794,Intraseasonal variation of the East Asian summer monsoon associated with the Madden–Julian Oscillation,2017,Atmospheric Science Letters,dynamics-weather-systems;atmospheric-chemistry;climate-variability-change,numerical_modeling,train
https://doi.org/10.1002/asl.796,An operational fog prediction system for Delhi using the 330 m Unified Model,2017,Atmospheric Science Letters,forecasting-predictability;cloud-precipitation-microphysics;atmospheric-chemistry;aerosols,numerical_modeling,blind_test
https://doi.org/10.1002/asl.803,Projected trends of extreme rainfall events from CMIP5 models over Central Africa,2018,Atmospheric Science Letters,cloud-precipitation-microphysics;climate-variability-change;extremes;hydrometeorology;earth-system-models,numerical_modeling,train
https://doi.org/10.1002/asl.804,"Lifetimes, direct and indirect radiative forcing, and global warming potentials of ethane (C2H6), propane (C3H8), and butane (C4H10)",2018,Atmospheric Science Letters,dynamics-weather-systems;atmospheric-radiation;atmospheric-chemistry;aerosols;climate-variability-change,unspecified,train
https://doi.org/10.1002/asl.808,Indian monsoon data assimilation and analysis regional reanalysis: Configuration and performance,2018,Atmospheric Science Letters,dynamics-weather-systems;cloud-precipitation-microphysics;observations-instruments;numerical-weather-prediction;climate-variability-change,observation;numerical_modeling;reanalysis,train
https://doi.org/10.1002/asl.809,Analogy of multiday sequences of atmospheric circulation favoring large rainfall accumulation over the French Alps,2018,Atmospheric Science Letters,dynamics-weather-systems;cloud-precipitation-microphysics;climate-variability-change,numerical_modeling,train
https://doi.org/10.1002/asl.810,Maximum and minimum temperatures in the United States: Time trends and persistence,2018,Atmospheric Science Letters,dynamics-weather-systems;climate-variability-change;extremes;hydrometeorology,numerical_modeling,train
https://doi.org/10.1002/asl.816,The effect of the quasi‐biennial oscillation on the Madden–Julian oscillation in the Met Office Unified Model Global Ocean Mixed Layer configuration,2018,Atmospheric Science Letters,atmospheric-chemistry;climate-variability-change;ocean-atmosphere,numerical_modeling,development
https://doi.org/10.1002/asl.817,Widespread changes in UK air quality observed from space,2018,Atmospheric Science Letters,cloud-precipitation-microphysics;atmospheric-chemistry;aerosols;air-quality-exposure,unspecified,train
https://doi.org/10.1002/asl.823,Remote sensing of deep convection within a tropical‐like cyclone over the Mediterranean Sea,2018,Atmospheric Science Letters,dynamics-weather-systems;remote-sensing-retrieval;climate-variability-change,remote_sensing;numerical_modeling,train
https://doi.org/10.1002/asl.844,Seasonal and geographical variability of nitryl chloride and its precursors in Northern Europe,2018,Atmospheric Science Letters,dynamics-weather-systems;atmospheric-chemistry;aerosols,unspecified,blind_test
https://doi.org/10.1002/asl.853,What caused the record‐breaking warming in East China Seas during August 2016?,2018,Atmospheric Science Letters,climate-variability-change;ocean-atmosphere,numerical_modeling,train
https://doi.org/10.1002/asl.855,Changes in the spatial–temporal patterns of droughts in the Brazilian Northeast,2018,Atmospheric Science Letters,climate-variability-change;extremes;hydrometeorology,numerical_modeling;review_synthesis,train
https://doi.org/10.1002/asl.856,Impacts of El Niño–Southern Oscillation on heat waves in the Indochina peninsula,2018,Atmospheric Science Letters,dynamics-weather-systems;climate-variability-change,numerical_modeling,blind_test
https://doi.org/10.1002/asl.858,The role of synoptic‐scale waves in the onset of the South China Sea summer monsoon,2018,Atmospheric Science Letters,dynamics-weather-systems;climate-variability-change,numerical_modeling,development
https://doi.org/10.1002/asl.860,Prominent mode of summer surface air temperature variability and associated circulation anomalies over the Arabian Peninsula,2018,Atmospheric Science Letters,dynamics-weather-systems;climate-variability-change,numerical_modeling,train
https://doi.org/10.1002/asl.865,On the link between the North Atlantic storm track and precipitation deuterium excess in Reykjavik,2018,Atmospheric Science Letters,dynamics-weather-systems;cloud-precipitation-microphysics;atmospheric-chemistry;climate-variability-change,numerical_modeling,blind_test
https://doi.org/10.1002/asl.872,Inter‐annual variations of precipitation over the monsoon transitional zone in China during August–September: Role of sea surface temperature anomalies over the tropical Pacific and North Atlantic,2018,Atmospheric Science Letters,dynamics-weather-systems;cloud-precipitation-microphysics;climate-variability-change;ocean-atmosphere,numerical_modeling,train
https://doi.org/10.1002/asl.878,Re‐evaluating the variation in trend of haze days in the urban areas of Beijing during a recent 36‐year period,2018,Atmospheric Science Letters,atmospheric-chemistry;aerosols;air-quality-exposure;land-atmosphere,unspecified,development
https://doi.org/10.1002/asl.891,Loss potentials based on an ensemble forecast: How likely are winter windstorm losses similar to 1990?,2019,Atmospheric Science Letters,dynamics-weather-systems;forecasting-predictability;climate-variability-change,numerical_modeling,train
https://doi.org/10.1002/asl.893,Impacts of tropical cyclones on the meridional movement of the western Pacific subtropical high,2019,Atmospheric Science Letters,dynamics-weather-systems;climate-variability-change,numerical_modeling,train
https://doi.org/10.1002/asl.896,How much has urbanisation affected United Kingdom temperatures?,2019,Atmospheric Science Letters,remote-sensing-retrieval;land-atmosphere,remote_sensing,blind_test
https://doi.org/10.1002/asl.906,An evaluation of cloud vertical structure in three reanalyses against CloudSat/cloud‐aerosol lidar and infrared pathfinder satellite observations,2019,Atmospheric Science Letters,cloud-precipitation-microphysics;aerosols;remote-sensing-retrieval;observations-instruments;climate-variability-change,observation;remote_sensing;numerical_modeling,blind_test
https://doi.org/10.1002/asl.921,"Collecting and utilising crowdsourced data for numerical weather prediction: Propositions from the meeting held in Copenhagen, 4–5 December 2018",2019,Atmospheric Science Letters,forecasting-predictability;cloud-precipitation-microphysics;observations-instruments;numerical-weather-prediction;climate-variability-change,observation;numerical_modeling,train
https://doi.org/10.1002/asl.922,Does increased atmospheric resolution improve seasonal climate predictions?,2019,Atmospheric Science Letters,dynamics-weather-systems;forecasting-predictability;climate-variability-change,numerical_modeling,train
https://doi.org/10.1002/asl.925,A new video‐camera‐based visiometer system,2019,Atmospheric Science Letters,unclassified,unspecified,train
https://doi.org/10.1002/asl.926,Assessment of CMIP5 multimodel mean for the historical climate of Africa,2019,Atmospheric Science Letters,climate-variability-change;earth-system-models,numerical_modeling;review_synthesis,train
https://doi.org/10.1002/asl.927,The possible role of the Sahel Greenbelt on the occurrence of climate extremes over the West African Sahel,2019,Atmospheric Science Letters,dynamics-weather-systems;climate-variability-change;extremes,numerical_modeling,train
https://doi.org/10.1002/asl.928,Impact of El Niño and Southern Oscillation on the summer precipitation over Northwest China,2019,Atmospheric Science Letters,cloud-precipitation-microphysics;climate-variability-change,numerical_modeling,development
https://doi.org/10.1002/asl.932,"Trend analysis of seasonal rainfall and temperature pattern in Kalahandi, Bolangir and Koraput districts of Odisha, India",2019,Atmospheric Science Letters,cloud-precipitation-microphysics;climate-variability-change;extremes;hydrometeorology,numerical_modeling,train
https://doi.org/10.1002/asl.933,Consecutive extreme flooding and heat wave in Japan: Are they becoming a norm?,2019,Atmospheric Science Letters,dynamics-weather-systems;climate-variability-change;extremes,numerical_modeling;review_synthesis,train
https://doi.org/10.1002/asl.939,Long‐term trends in tropical cyclone tracks around Korea and Japan in late summer and early fall,2019,Atmospheric Science Letters,dynamics-weather-systems;remote-sensing-retrieval;climate-variability-change,remote_sensing;numerical_modeling,train
https://doi.org/10.1002/asl.941,A diagnostic study of extreme precipitation over Kerala during August 2018,2019,Atmospheric Science Letters,dynamics-weather-systems;cloud-precipitation-microphysics;climate-variability-change;extremes,numerical_modeling,train
https://doi.org/10.1002/asl.944,Trends and spatial analysis of temperature and rainfall patterns on rice yields in Nigeria,2020,Atmospheric Science Letters,cloud-precipitation-microphysics;climate-variability-change,unspecified,train
https://doi.org/10.1002/asl.947,Changes of concurrent drought and heat extremes in the arid and semi‐arid regions of China during 1961–2014,2019,Atmospheric Science Letters,air-quality-exposure;climate-variability-change;extremes;hydrometeorology,numerical_modeling,blind_test
https://doi.org/10.1002/asl.948,Sensitivity of the 2018 UK summer heatwave to local sea temperatures and soil moisture,2020,Atmospheric Science Letters,dynamics-weather-systems;climate-variability-change;extremes;hydrometeorology;land-atmosphere,numerical_modeling,train
https://doi.org/10.1002/asl.952,Effective resolution in high resolution global atmospheric models for climate studies,2020,Atmospheric Science Letters,dynamics-weather-systems;climate-variability-change,numerical_modeling,development
https://doi.org/10.1002/asl.957,Influence of aerosols on lightning activities in central eastern parts of China,2020,Atmospheric Science Letters,cloud-precipitation-microphysics;aerosols,unspecified,development
https://doi.org/10.1002/asl.958,Understanding the dynamic nature of risk in climate change assessments—A new starting point for discussion,2020,Atmospheric Science Letters,climate-variability-change,review_synthesis,blind_test
https://doi.org/10.1002/asl.960,Decadal variations of the East Asian winter monsoon in recent decades,2020,Atmospheric Science Letters,dynamics-weather-systems;climate-variability-change,numerical_modeling,train
https://doi.org/10.1002/asl.964,The record‐breaking heat wave of June 2019 in Central Europe,2020,Atmospheric Science Letters,dynamics-weather-systems;climate-variability-change,numerical_modeling,blind_test
https://doi.org/10.1002/asl.975,Recent trend in the global distribution of aerosol direct radiative forcing from satellite measurements,2020,Atmospheric Science Letters,cloud-precipitation-microphysics;atmospheric-radiation;atmospheric-chemistry;aerosols;remote-sensing-retrieval;observations-instruments,observation;remote_sensing,train
https://doi.org/10.1002/asl.978,Testing bias adjustment methods for regional climate change applications under observational uncertainty and resolution mismatch,2020,Atmospheric Science Letters,observations-instruments;climate-variability-change;extremes;hydrometeorology;model-evaluation-downscaling;quality-control-uncertainty,observation;numerical_modeling,train
https://doi.org/10.1002/asl.981,"Extreme precipitation events are becoming less frequent but more intense over Jeddah, Saudi Arabia. Are shifting weather regimes the cause?",2020,Atmospheric Science Letters,dynamics-weather-systems;cloud-precipitation-microphysics;climate-variability-change;extremes,numerical_modeling,train
https://doi.org/10.1002/asl.984,Twenty first century changes in Antarctic and Southern Ocean surface climate in CMIP6,2020,Atmospheric Science Letters,dynamics-weather-systems;observations-instruments;climate-variability-change;earth-system-models,observation;numerical_modeling,train
https://doi.org/10.1002/joc.4596,Daily precipitation concentration around the world according to several indices,2016,International Journal of Climatology,cloud-precipitation-microphysics;observations-instruments;climate-variability-change;extremes;hydrometeorology,observation;numerical_modeling,train
https://doi.org/10.1002/joc.4608,Selecting representative climate models for climate change impact studies: an advanced envelope‐based selection approach,2016,International Journal of Climatology,climate-variability-change;hydrometeorology,numerical_modeling,train
https://doi.org/10.1002/joc.4630,Climate change and anthropogenic impacts on the rapid shrinkage of Lake Urmia,2016,International Journal of Climatology,climate-variability-change;extremes;hydrometeorology,numerical_modeling,development
https://doi.org/10.1002/joc.4639,Climatic warming in China according to a homogenized data set from 2419 stations,2016,International Journal of Climatology,dynamics-weather-systems;climate-variability-change,observation;numerical_modeling,development
https://doi.org/10.1002/joc.4651,Changes in climate extremes over major river basins of India,2016,International Journal of Climatology,forecasting-predictability;climate-variability-change;extremes;hydrometeorology,numerical_modeling,blind_test
https://doi.org/10.1002/joc.4659,Observed trends and impacts of tropical cyclones in the Philippines,2016,International Journal of Climatology,dynamics-weather-systems;climate-variability-change;extremes,numerical_modeling;review_synthesis,train
https://doi.org/10.1002/joc.4671,Interannual variability of heat waves in South Korea and their connection with large‐scale atmospheric circulation patterns,2016,International Journal of Climatology,dynamics-weather-systems;climate-variability-change,numerical_modeling,train
https://doi.org/10.1002/joc.4673,Greenland Blocking Index 1851–2015: a regional climate change signal,2016,International Journal of Climatology,dynamics-weather-systems;observations-instruments;climate-variability-change;model-evaluation-downscaling,observation;numerical_modeling,train
https://doi.org/10.1002/joc.4680,Daily synoptic conditions associated with large fire occurrence in Mediterranean France: evidence for a wind-driven fire regime,2016,International Journal of Climatology,climate-variability-change,numerical_modeling,train
https://doi.org/10.1002/joc.4688,Diurnal asymmetry to the observed global warming,2016,International Journal of Climatology,dynamics-weather-systems;climate-variability-change,numerical_modeling,blind_test
https://doi.org/10.1002/joc.4693,Regionalization of rainfall over the Peruvian Pacific slope and coast,2016,International Journal of Climatology,dynamics-weather-systems;cloud-precipitation-microphysics;observations-instruments;climate-variability-change,observation;numerical_modeling,development
https://doi.org/10.1002/joc.4706,Impacts of uncertainties in European gridded precipitation observations on regional climate analysis,2016,International Journal of Climatology,cloud-precipitation-microphysics;observations-instruments;climate-variability-change;model-evaluation-downscaling,observation;numerical_modeling,train
https://doi.org/10.1002/joc.4717,A diagnostic equation for the daily maximum urban heat island effect for cities in northwestern Europe,2016,International Journal of Climatology,air-quality-exposure;remote-sensing-retrieval;land-atmosphere,remote_sensing,train
https://doi.org/10.1002/joc.4719,Spatiotemporal variations of extreme precipitation regimes during 1961-2010 and possible teleconnections with climate indices across China,2016,International Journal of Climatology,cloud-precipitation-microphysics;observations-instruments;climate-variability-change;extremes,observation;numerical_modeling,blind_test
https://doi.org/10.1002/joc.4747,The urban cool island phenomenon in a high‐rise high‐density city and its mechanisms,2016,International Journal of Climatology,remote-sensing-retrieval;land-atmosphere,remote_sensing,blind_test
https://doi.org/10.1002/joc.4751,The extreme European summer of 2015 in a long‐term perspective,2016,International Journal of Climatology,climate-variability-change;extremes;hydrometeorology,numerical_modeling;review_synthesis,development
https://doi.org/10.1002/joc.4761,Observed trends and changes in daily temperature and precipitation extremes over the Koshi river basin 1975–2010,2016,International Journal of Climatology,cloud-precipitation-microphysics;climate-variability-change;extremes;hydrometeorology,numerical_modeling,train
https://doi.org/10.1002/joc.4762,Prediction of solar radiation in China using different adaptive neuro‐fuzzy methods and M5 model tree,2016,International Journal of Climatology,forecasting-predictability;atmospheric-radiation,numerical_modeling,train
https://doi.org/10.1002/joc.4766,A statistical framework for estimating air temperature using MODIS land surface temperature data,2016,International Journal of Climatology,remote-sensing-retrieval;land-atmosphere;statistics-causal-ml,remote_sensing;statistical_ml,train
https://doi.org/10.1002/joc.4775,ICOADS Release 3.0: a major update to the historical marine climate record,2016,International Journal of Climatology,climate-variability-change;ocean-atmosphere,numerical_modeling,train
https://doi.org/10.1002/joc.4819,Urban meteorological modeling using WRF : a sensitivity study,2016,International Journal of Climatology,numerical-weather-prediction;land-atmosphere,numerical_modeling,train
https://doi.org/10.1002/joc.4829,Observed changes in extreme temperature and precipitation over Indonesia,2016,International Journal of Climatology,cloud-precipitation-microphysics;observations-instruments;climate-variability-change;extremes,observation;numerical_modeling,train
https://doi.org/10.1002/joc.4831,"Spatiotemporal rainfall and temperature trends throughout the Brazilian Legal Amazon, 1973–2013",2016,International Journal of Climatology,dynamics-weather-systems;cloud-precipitation-microphysics,unspecified,train
https://doi.org/10.1002/joc.4840,A comprehensive analysis of trends in extreme precipitation over southeastern coast of Brazil,2016,International Journal of Climatology,cloud-precipitation-microphysics;observations-instruments;climate-variability-change;extremes,observation;numerical_modeling,development
https://doi.org/10.1002/joc.4866,"Innovative trend analysis of annual and seasonal rainfall and extreme values in Shaanxi, China, since the 1950s",2016,International Journal of Climatology,cloud-precipitation-microphysics;climate-variability-change;extremes;hydrometeorology,numerical_modeling,blind_test
https://doi.org/10.1002/joc.4940,Can the crowdsourcing data paradigm take atmospheric science to a new level? A case study of the urban heat island of London quantified using Netatmo weather stations,2016,International Journal of Climatology,land-atmosphere,observation;numerical_modeling,development
https://doi.org/10.1002/joc.4986,High‐resolution precipitation mapping in a mountainous watershed: ground truth for evaluating uncertainty in a national precipitation dataset,2017,International Journal of Climatology,cloud-precipitation-microphysics;observations-instruments;extremes;hydrometeorology;quality-control-uncertainty,observation,train
https://doi.org/10.1002/joc.4988,Variations and changes of annual precipitation in Central Asia over the last century,2017,International Journal of Climatology,dynamics-weather-systems;cloud-precipitation-microphysics;climate-variability-change;extremes;hydrometeorology,numerical_modeling,train
https://doi.org/10.1002/joc.5023,"Employing an urban meteorological network to monitor air temperature conditions in the ‘local climate zones’ of Szeged, Hungary",2017,International Journal of Climatology,air-quality-exposure;observations-instruments;land-atmosphere,unspecified,train
https://doi.org/10.1002/joc.5038,Changes of effective temperature and cold/hot days in late decades over China based on a high resolution gridded observation dataset,2017,International Journal of Climatology,observations-instruments;climate-variability-change;land-atmosphere,observation;numerical_modeling,train
https://doi.org/10.1002/joc.5060,Challenges to link climate change data provision and user needs: Perspective from the COST‐action VALUE,2017,International Journal of Climatology,climate-variability-change,review_synthesis,blind_test
https://doi.org/10.1002/joc.5064,Evaporation modelling using different machine learning techniques,2017,International Journal of Climatology,forecasting-predictability;atmospheric-radiation;hydrometeorology;statistics-causal-ml,numerical_modeling;statistical_ml,train
https://doi.org/10.1002/joc.5079,Regionalization of climate over the Argentine Pampas,2017,International Journal of Climatology,dynamics-weather-systems;climate-variability-change,numerical_modeling,train
https://doi.org/10.1002/joc.5086,WorldClim 2: new 1‐km spatial resolution climate surfaces for global land areas,2017,International Journal of Climatology,remote-sensing-retrieval;climate-variability-change;land-atmosphere,remote_sensing;numerical_modeling,development
https://doi.org/10.1002/joc.5107,Linking trends in urban extreme rainfall to urban flooding in China,2017,International Journal of Climatology,dynamics-weather-systems;cloud-precipitation-microphysics;extremes;land-atmosphere,review_synthesis,train
https://doi.org/10.1002/joc.5131,"Evaluation of satellite rainfall climatology using CMORPH , PERSIANN‐CDR , PERSIANN , TRMM , MSWEP over Iran",2017,International Journal of Climatology,cloud-precipitation-microphysics;remote-sensing-retrieval;observations-instruments;climate-variability-change,observation;remote_sensing;numerical_modeling,blind_test
https://doi.org/10.1002/joc.5138,"Assessment of climate change impacts on streamflow and hydropower potential in the headwater region of the Grande river basin, Southeastern Brazil",2017,International Journal of Climatology,climate-variability-change;hydrometeorology,review_synthesis,blind_test
https://doi.org/10.1002/joc.5185,"Impacts of different ENSO flavors and tropical Pacific convection variability ( ITCZ , SPCZ ) on austral summer rainfall in South America, with a focus on Peru",2017,International Journal of Climatology,dynamics-weather-systems;cloud-precipitation-microphysics;climate-variability-change,numerical_modeling,development
https://doi.org/10.1002/joc.5204,"Spatiotemporal variation of snow cover over the Tibetan Plateau based on MODIS snow product, 2001–2014",2017,International Journal of Climatology,dynamics-weather-systems;observations-instruments;climate-variability-change,observation,train
https://doi.org/10.1002/joc.5224,"Contrasting patterns of the extreme drought episodes of 2005, 2010 and 2015 in the Amazon Basin",2017,International Journal of Climatology,dynamics-weather-systems;remote-sensing-retrieval;climate-variability-change;extremes,remote_sensing;numerical_modeling,train
https://doi.org/10.1002/joc.5225,"Frequency, duration and severity of drought in the Semiarid Northeast Brazil region",2017,International Journal of Climatology,climate-variability-change;extremes;hydrometeorology,numerical_modeling,train
https://doi.org/10.1002/joc.5246,Precipitation over the Tibetan Plateau during recent decades: a review based on observations and simulations,2017,International Journal of Climatology,cloud-precipitation-microphysics;observations-instruments;climate-variability-change,observation;numerical_modeling;review_synthesis,train
https://doi.org/10.1002/joc.5249,Observational uncertainty and regional climate model evaluation: A pan‐European perspective,2017,International Journal of Climatology,observations-instruments;climate-variability-change;model-evaluation-downscaling;quality-control-uncertainty,observation;numerical_modeling;review_synthesis,train
https://doi.org/10.1002/joc.5252,Projected changes in mean rainfall and temperature over East Africa based on CMIP5 models,2017,International Journal of Climatology,cloud-precipitation-microphysics;climate-variability-change;extremes;hydrometeorology;earth-system-models,numerical_modeling,train
https://doi.org/10.1002/joc.5282,Assessment of NASA/POWER satellite‐based weather system for Brazilian conditions and its impact on sugarcane yield simulation,2017,International Journal of Climatology,atmospheric-radiation;remote-sensing-retrieval;climate-variability-change,remote_sensing;numerical_modeling;review_synthesis,train
https://doi.org/10.1002/joc.5286,Lightning activity associated with precipitation and CAPE over Bangladesh,2017,International Journal of Climatology,dynamics-weather-systems;cloud-precipitation-microphysics,unspecified,development
https://doi.org/10.1002/joc.5291,Will drought events become more frequent and severe in Europe?,2017,International Journal of Climatology,climate-variability-change;extremes;hydrometeorology,numerical_modeling,train
https://doi.org/10.1002/joc.5294,Climatic and synoptic characterization of heat waves in Brazil,2017,International Journal of Climatology,dynamics-weather-systems;climate-variability-change,numerical_modeling,train
https://doi.org/10.1002/joc.5314,Elevation‐dependent effects of climate change on vegetation greenness in the high mountains of southwest China during 1982–2013,2017,International Journal of Climatology,remote-sensing-retrieval;climate-variability-change;land-atmosphere,remote_sensing,train
https://doi.org/10.1002/joc.5320,Response of viticulture‐related climatic indices and zoning to historical and future climate conditions in Greece,2017,International Journal of Climatology,aerosols;observations-instruments;climate-variability-change,unspecified,development
https://doi.org/10.1002/joc.5331,Assessment of climate change trends over the Loess Plateau in China from 1901 to 2100,2017,International Journal of Climatology,observations-instruments;climate-variability-change,observation;numerical_modeling;review_synthesis,blind_test
https://doi.org/10.1002/joc.5362,Changes of heating and cooling degree‐days in Europe from 1981 to 2100,2017,International Journal of Climatology,dynamics-weather-systems;atmospheric-chemistry;aerosols;climate-variability-change,unspecified,train
https://doi.org/10.1002/joc.5371,"The effect of an urban park on the microclimate in its vicinity: a case study for Antwerp, Belgium",2017,International Journal of Climatology,land-atmosphere,unspecified,blind_test
https://doi.org/10.1002/joc.5388,Projected changes in future climate over the Midwest and Great Lakes region using downscaled CMIP5 ensembles,2018,International Journal of Climatology,dynamics-weather-systems;forecasting-predictability;climate-variability-change;earth-system-models;model-evaluation-downscaling,numerical_modeling,train
https://doi.org/10.1002/joc.5411,"Climatic and associated cryospheric, biospheric, and hydrological changes on the Tibetan Plateau: a review",2018,International Journal of Climatology,dynamics-weather-systems;observations-instruments;climate-variability-change;hydrometeorology,observation;review_synthesis,train
https://doi.org/10.1002/joc.5447,"Implications of employing detailed urban canopy parameters for mesoscale climate modelling: a comparison between WUDAPT and GIS databases over Vienna, Austria",2018,International Journal of Climatology,remote-sensing-retrieval;land-atmosphere,remote_sensing;numerical_modeling,blind_test
https://doi.org/10.1002/joc.5462,An intercomparison of a large ensemble of statistical downscaling methods over Europe: Results from the VALUE perfect predictor cross‐validation experiment,2018,International Journal of Climatology,forecasting-predictability;observations-instruments;climate-variability-change;model-evaluation-downscaling;statistics-causal-ml;quality-control-uncertainty,observation;numerical_modeling;statistical_ml,train
https://doi.org/10.1002/joc.5510,Evaluation of three global gridded precipitation data sets in central Asia based on rain gauge observations,2018,International Journal of Climatology,cloud-precipitation-microphysics;observations-instruments;climate-variability-change,observation;numerical_modeling,train
https://doi.org/10.1002/joc.5668,The role of regional circulation features in regulating El Niño climate impacts over southern Africa: A comparison of the 2015/2016 drought with previous events,2018,International Journal of Climatology,dynamics-weather-systems;observations-instruments;climate-variability-change;extremes,observation;numerical_modeling,train
https://doi.org/10.1002/joc.5669,Spatio‐temporal variability of extreme precipitation in Nepal,2018,International Journal of Climatology,cloud-precipitation-microphysics;observations-instruments;climate-variability-change;extremes,observation;numerical_modeling,train
https://doi.org/10.1002/joc.5688,Sea surface temperature change in the Black Sea under climate change: A simulation of the sea surface temperature up to 2100,2018,International Journal of Climatology,climate-variability-change;ocean-atmosphere,numerical_modeling,train
https://doi.org/10.1002/joc.5705,Using multi‐model ensembles of CMIP5 global climate models to reproduce observed monthly rainfall and temperature with machine learning methods in Australia,2018,International Journal of Climatology,forecasting-predictability;cloud-precipitation-microphysics;climate-variability-change;hydrometeorology;earth-system-models;statistics-causal-ml,numerical_modeling;statistical_ml,train
https://doi.org/10.1002/joc.5777,"Changes in temperature and precipitation extremes in Ethiopia, Kenya, and Tanzania",2018,International Journal of Climatology,cloud-precipitation-microphysics;climate-variability-change;extremes,numerical_modeling,development
https://doi.org/10.1002/joc.5818,Crop production losses associated with anthropogenic climate change for 1981–2010 compared with preindustrial levels,2018,International Journal of Climatology,aerosols;climate-variability-change,numerical_modeling,blind_test
https://doi.org/10.1002/joc.5833,Extended warm temperate zone and opportunities for cropping system change in the Loess Plateau of China,2018,International Journal of Climatology,land-atmosphere,unspecified,development
https://doi.org/10.1002/joc.5863,"“Dry gets drier, wet gets wetter”: A case study over the arid regions of central Asia",2018,International Journal of Climatology,climate-variability-change;extremes;hydrometeorology,numerical_modeling,train
https://doi.org/10.1002/joc.5893,Climate change evidence in Brazil from Köppen's climate annual types frequency,2018,International Journal of Climatology,atmospheric-chemistry;aerosols;climate-variability-change,numerical_modeling,blind_test
https://doi.org/10.1002/joc.5902,Spatiotemporal patterns of snow depth within the Swiss‐Austrian Alps for the past half century (1961 to 2012) and linkages to climate change,2018,International Journal of Climatology,dynamics-weather-systems;observations-instruments;climate-variability-change,observation,development
https://doi.org/10.1002/joc.5922,Drought characterization over India under projected climate scenario,2018,International Journal of Climatology,climate-variability-change;extremes;hydrometeorology,numerical_modeling,train
https://doi.org/10.1002/joc.5958,Global drought trends under 1.5 and 2 °C warming,2018,International Journal of Climatology,climate-variability-change;extremes;hydrometeorology,numerical_modeling,train
https://doi.org/10.1002/joc.5972,DISO: A rethink of Taylor diagram,2018,International Journal of Climatology,dynamics-weather-systems;climate-variability-change,numerical_modeling,train
https://doi.org/10.1002/joc.5975,Fifteen‐year statistical analysis of cloud characteristics over China using Terra and Aqua Moderate Resolution Imaging Spectroradiometer observations,2018,International Journal of Climatology,cloud-precipitation-microphysics;atmospheric-chemistry;aerosols;remote-sensing-retrieval;observations-instruments;statistics-causal-ml,observation;statistical_ml,train
https://doi.org/10.1002/joc.6096,Wave climate projections along the Indian coast,2019,International Journal of Climatology,dynamics-weather-systems;remote-sensing-retrieval;ocean-atmosphere,remote_sensing,train
https://doi.org/10.1002/joc.6219,The Central Chile Mega Drought (2010–2018): A climate dynamics perspective,2019,International Journal of Climatology,dynamics-weather-systems;observations-instruments;climate-variability-change;extremes,observation;numerical_modeling;review_synthesis,train
https://doi.org/10.1002/joc.6237,Climate change projections for olive yields in the Mediterranean Basin,2019,International Journal of Climatology,dynamics-weather-systems;climate-variability-change,unspecified,train
https://doi.org/10.1002/joc.6251,Climatology and trends of the Indian Ocean surface waves based on 39‐year long ERA5 reanalysis data,2019,International Journal of Climatology,dynamics-weather-systems;remote-sensing-retrieval,remote_sensing;reanalysis,train
https://doi.org/10.1002/joc.6378,Antarctic temperature variability and change from station data,2019,International Journal of Climatology,dynamics-weather-systems;observations-instruments;climate-variability-change,observation;numerical_modeling,train
https://doi.org/10.1002/joc.6509,Characterizing precipitation in high altitudes of the western Tibetan plateau with a focus on major glacier areas,2020,International Journal of Climatology,cloud-precipitation-microphysics;observations-instruments;climate-variability-change,observation;numerical_modeling,train
https://doi.org/10.1002/joc.6549,A comprehensive evaluation of soil moisture and soil temperature from third‐generation atmospheric and land reanalysis data sets,2020,International Journal of Climatology,remote-sensing-retrieval;climate-variability-change;hydrometeorology;land-atmosphere,remote_sensing;numerical_modeling;reanalysis,train
https://doi.org/10.1002/joc.6571,Long‐term trends (1958–2017) in snow cover duration and depth in the Pyrenees,2020,International Journal of Climatology,observations-instruments;climate-variability-change,observation;numerical_modeling,blind_test
https://doi.org/10.1002/joc.6590,Comparison of CMIP6 and CMIP5 simulations of precipitation in China and the East Asian summer monsoon,2020,International Journal of Climatology,dynamics-weather-systems;cloud-precipitation-microphysics;climate-variability-change;earth-system-models,numerical_modeling,train
https://doi.org/10.1002/joc.6686,WRF‐based dynamical downscaling of ERA5 reanalysis data for High Mountain Asia: Towards a new version of the High Asia Refined analysis,2020,International Journal of Climatology,observations-instruments;numerical-weather-prediction;climate-variability-change;model-evaluation-downscaling,observation;numerical_modeling;reanalysis,train
https://doi.org/10.1002/joc.6719,Long‐term variability and trends in meteorological droughts in Western Europe (1851–2018),2020,International Journal of Climatology,climate-variability-change;extremes;hydrometeorology,numerical_modeling,train
https://doi.org/10.1002/joc.6727,Increasing summer precipitation in arid Central Asia linked to the weakening of the East Asian summer monsoon in the recent decades,2020,International Journal of Climatology,dynamics-weather-systems;cloud-precipitation-microphysics;observations-instruments;climate-variability-change,observation;numerical_modeling,train
https://doi.org/10.1002/joc.6771,Greenland surface air temperature changes from 1981 to 2019 and implications for ice‐sheet melt and mass‐balance change,2020,International Journal of Climatology,observations-instruments;climate-variability-change;land-atmosphere,observation;numerical_modeling,train
https://doi.org/10.1002/joc.6814,Changing spatio‐temporal trends of heat wave and severe heat wave events over India: An emerging health hazard,2020,International Journal of Climatology,dynamics-weather-systems;air-quality-exposure;climate-variability-change,numerical_modeling,train
https://doi.org/10.1002/joc.6836,Vulnerability of hop‐yields due to compound drought and heat events over European key‐hop regions,2020,International Journal of Climatology,atmospheric-chemistry;extremes,unspecified,blind_test
https://doi.org/10.1002/joc.6850,The 2020 Siberian heat wave,2020,International Journal of Climatology,dynamics-weather-systems;observations-instruments;climate-variability-change,observation;numerical_modeling,train
https://doi.org/10.1002/joc.6906,Dipolar mode of precipitation changes between north China and the Yangtze River Valley existed over the entire Holocene: Evidence from the sediment record of Nanyi Lake,2020,International Journal of Climatology,dynamics-weather-systems;cloud-precipitation-microphysics;paleoclimate,unspecified,train
https://doi.org/10.1002/joc.7055,Assessment of GCMs simulation performance for precipitation and temperature from CMIP5 to CMIP6 over the Tibetan Plateau,2021,International Journal of Climatology,cloud-precipitation-microphysics;observations-instruments;climate-variability-change;earth-system-models,observation;numerical_modeling;review_synthesis,train
https://doi.org/10.1002/joc.7091,"Copula based analysis of meteorological, hydrological and agricultural drought characteristics across Indian river basins",2021,International Journal of Climatology,climate-variability-change;extremes;hydrometeorology,numerical_modeling,train
https://doi.org/10.1002/joc.7103,Comparison of ERA5 surface wind speed climatologies over Europe with observations from the HadISD dataset,2021,International Journal of Climatology,observations-instruments;climate-variability-change,observation;numerical_modeling;reanalysis,train
https://doi.org/10.1002/joc.7119,Observed changes in air temperature and precipitation extremes over Brazil,2021,International Journal of Climatology,cloud-precipitation-microphysics;climate-variability-change;extremes;hydrometeorology,numerical_modeling,train
https://doi.org/10.1002/joc.7149,Decompositions of Taylor diagram and DISO performance criteria,2021,International Journal of Climatology,climate-variability-change;extremes;hydrometeorology,numerical_modeling,train
https://doi.org/10.1002/joc.7207,Comparison of CMIP6 and CMIP5 models in simulating mean and extreme precipitation over East Africa,2021,International Journal of Climatology,cloud-precipitation-microphysics;climate-variability-change;extremes;hydrometeorology;earth-system-models,numerical_modeling,train
https://doi.org/10.1002/joc.7221,Present‐day and future climate over central and South America according to CMIP5 / CMIP6 models,2021,International Journal of Climatology,dynamics-weather-systems;climate-variability-change;earth-system-models,numerical_modeling,train
https://doi.org/10.1002/joc.7269,Evaluation of daily precipitation analyses in E‐OBS (v19.0e) and ERA5 by comparison to regional high‐resolution datasets in European regions,2021,International Journal of Climatology,cloud-precipitation-microphysics;observations-instruments;climate-variability-change,observation;numerical_modeling;reanalysis,development
https://doi.org/10.1002/joc.7566,A global climate model ensemble for downscaled monthly climate normals over North America,2022,International Journal of Climatology,dynamics-weather-systems;forecasting-predictability;climate-variability-change;model-evaluation-downscaling,numerical_modeling,train
https://doi.org/10.1002/joc.7731,New improved Brazilian daily weather gridded data (1961–2020),2022,International Journal of Climatology,cloud-precipitation-microphysics;observations-instruments,observation;numerical_modeling,train
https://doi.org/10.1002/joc.8160,Optimal heat stress metric for modelling heat‐related mortality varies from country to country,2023,International Journal of Climatology,air-quality-exposure;climate-variability-change,numerical_modeling,train
https://doi.org/10.1002/met.1538,Convection‐permitting models: a step‐change in rainfall forecasting,2016,Meteorological Applications,dynamics-weather-systems;forecasting-predictability;cloud-precipitation-microphysics;observations-instruments;climate-variability-change,observation;numerical_modeling,train
https://doi.org/10.1002/met.1555,Spatial distribution of climate indices in the Emilia‐Romagna region,2016,Meteorological Applications,climate-variability-change;land-atmosphere,numerical_modeling,train
https://doi.org/10.1002/met.1557,"Research and application of city ventilation assessments based on satellite data and GIS technology: a case study of the Yanqi Lake Eco‐city in Huairou District, Beijing",2016,Meteorological Applications,remote-sensing-retrieval;land-atmosphere,remote_sensing;review_synthesis,train
https://doi.org/10.1002/met.1563,A flexible approach to defining weather patterns and their application in weather forecasting over Europe,2016,Meteorological Applications,forecasting-predictability;observations-instruments;climate-variability-change,observation;numerical_modeling,train
https://doi.org/10.1002/met.1565,College students' performance in an introductory atmospheric science course: associations with spatial ability,2016,Meteorological Applications,unclassified,unspecified,train
https://doi.org/10.1002/met.1575,Downscaling of monthly precipitation using CMIP5 climate models operated under RCPs,2016,Meteorological Applications,cloud-precipitation-microphysics;climate-variability-change;earth-system-models;model-evaluation-downscaling,numerical_modeling,train
https://doi.org/10.1002/met.1584,Modelling weighted mean temperature in the West African region: implications for GNSS meteorology,2016,Meteorological Applications,dynamics-weather-systems;observations-instruments,observation;numerical_modeling,blind_test
https://doi.org/10.1002/met.1588,Use of online weather information in everyday decision-making by laypeople and implications for communication of weather information,2016,Meteorological Applications,climate-variability-change,unspecified,train
https://doi.org/10.1002/met.1589,Mobile weather apps or the illusion of certainty,2016,Meteorological Applications,dynamics-weather-systems,unspecified,train
https://doi.org/10.1002/met.1594,The influence of the El Niño Southern Oscillation on heat waves in India,2016,Meteorological Applications,dynamics-weather-systems;air-quality-exposure;climate-variability-change,numerical_modeling,train
https://doi.org/10.1002/met.1596,Evapotranspiration between satellite overpasses: methodology and case study in agricultural dominant semi-arid areas,2016,Meteorological Applications,dynamics-weather-systems;remote-sensing-retrieval;hydrometeorology;land-atmosphere,remote_sensing,development
https://doi.org/10.1002/met.1599,Tropical cyclone tracking and verification techniques for Met Office numerical weather prediction models,2016,Meteorological Applications,dynamics-weather-systems;forecasting-predictability;numerical-weather-prediction;climate-variability-change,numerical_modeling,train
https://doi.org/10.1002/met.1600,"Evaluating global reanalysis precipitation datasets with rain gauge measurements in the Sudano‐Sahel region: case study of the Logone catchment, Lake Chad Basin",2016,Meteorological Applications,cloud-precipitation-microphysics;observations-instruments;climate-variability-change;hydrometeorology,observation;numerical_modeling;reanalysis,train
https://doi.org/10.1002/met.1605,"Meteorological and hydrological drought analysis of the Seyhan−Ceyhan River Basins, Turkey",2016,Meteorological Applications,extremes;hydrometeorology,unspecified,train
https://doi.org/10.1002/met.1616,Assessment of the modulation effect of rainfall on solar radiation availability at the E arth's surface,2017,Meteorological Applications,cloud-precipitation-microphysics;atmospheric-radiation,review_synthesis,train
https://doi.org/10.1002/met.1622,"Trend analysis of precipitation and drought in the A egean region, T urkey",2017,Meteorological Applications,cloud-precipitation-microphysics;climate-variability-change;extremes;hydrometeorology,numerical_modeling;review_synthesis,development
https://doi.org/10.1002/met.1623,Estimating the occurrence and severity of hail based on 10 years of observations from weather radar in B elgium,2017,Meteorological Applications,cloud-precipitation-microphysics;remote-sensing-retrieval;observations-instruments,observation;remote_sensing;numerical_modeling,train
https://doi.org/10.1002/met.1631,Offering a model for estimating black globe temperature according to meteorological measurements,2017,Meteorological Applications,air-quality-exposure;observations-instruments;climate-variability-change,observation;numerical_modeling,train
https://doi.org/10.1002/met.1635,An ensemble forecast of semi‐arid rainfall using large‐scale climate predictors,2017,Meteorological Applications,forecasting-predictability;cloud-precipitation-microphysics;climate-variability-change;hydrometeorology,numerical_modeling,train
https://doi.org/10.1002/met.1648,A database for traditional knowledge of weather and climate in the P acific,2017,Meteorological Applications,climate-variability-change,unspecified,blind_test
https://doi.org/10.1002/met.1654,Potential applications of subseasonal‐to‐seasonal ( S2S ) predictions,2017,Meteorological Applications,dynamics-weather-systems;forecasting-predictability;climate-variability-change,numerical_modeling,train
https://doi.org/10.1002/met.1655,Bias correction of climate models for hydrological modelling – are simple methods still useful?,2017,Meteorological Applications,observations-instruments;climate-variability-change;hydrometeorology;model-evaluation-downscaling,observation;numerical_modeling,train
https://doi.org/10.1002/met.1661,Forecasting soil temperature based on surface air temperature using a wavelet artificial neural network,2017,Meteorological Applications,dynamics-weather-systems;forecasting-predictability;remote-sensing-retrieval;observations-instruments;hydrometeorology;land-atmosphere;statistics-causal-ml,remote_sensing;statistical_ml,train
https://doi.org/10.1002/met.1663,A comparison of limited-area 3DVAR and ETKF-En3DVAR data assimilation using radar observations at convective scale for the prediction of Typhoon Saomai (2006),2017,Meteorological Applications,dynamics-weather-systems;forecasting-predictability;remote-sensing-retrieval;observations-instruments;numerical-weather-prediction,observation;remote_sensing;numerical_modeling,train
https://doi.org/10.1002/met.1668,Dual temperature sensors with different emissivities in radiosondes for the compensation of solar irradiation effects with varying air pressure,2017,Meteorological Applications,atmospheric-radiation;atmospheric-chemistry;observations-instruments;climate-variability-change,observation,train
https://doi.org/10.1002/met.1671,Flight planning: node‐based trajectory prediction and turbulence avoidance,2017,Meteorological Applications,forecasting-predictability;boundary-layer-turbulence,unspecified,train
https://doi.org/10.1002/met.1676,Evaluation of several soft computing methods in monthly evapotranspiration modelling,2017,Meteorological Applications,dynamics-weather-systems;forecasting-predictability;hydrometeorology,numerical_modeling,development
https://doi.org/10.1002/met.1681,The hottest J uly day on the railway network: insights and thoughts for the future,2017,Meteorological Applications,dynamics-weather-systems;air-quality-exposure;observations-instruments,unspecified,blind_test
https://doi.org/10.1002/met.1683,Compensation of solar radiation and ventilation effects on the temperature measurement of radiosondes using dual thermistors,2017,Meteorological Applications,atmospheric-radiation;observations-instruments,observation,train
https://doi.org/10.1002/met.1686,"Influence of meteorological phenomena on worldwide aircraft accidents, 1967–2010",2017,Meteorological Applications,unclassified,unspecified,train
https://doi.org/10.1002/met.1694,Spatiotemporal trend and abrupt change analysis of temperature in Iran,2017,Meteorological Applications,dynamics-weather-systems;climate-variability-change;extremes;hydrometeorology,numerical_modeling,train
https://doi.org/10.1002/met.1699,Performance of various techniques in estimating missing climatological data over snowbound mountainous areas of Karakoram Himalaya,2017,Meteorological Applications,cloud-precipitation-microphysics;observations-instruments;climate-variability-change,observation;numerical_modeling,train
https://doi.org/10.1002/met.1709,"Downscaling the contribution to uncertainty in climate‐change assessments: representative concentration pathway ( RCP) scenarios for the S outh A lborz R ange, I ran",2017,Meteorological Applications,dynamics-weather-systems;climate-variability-change;model-evaluation-downscaling;quality-control-uncertainty,numerical_modeling;review_synthesis,train
https://doi.org/10.1002/met.1712,Long‐term spatiotemporal trend analysis of precipitation and temperature over Turkey,2018,Meteorological Applications,dynamics-weather-systems;cloud-precipitation-microphysics;climate-variability-change;extremes;hydrometeorology,numerical_modeling,blind_test
https://doi.org/10.1002/met.1714,Hazardous weather conditions and multiple‐vehicle chain‐reaction crashes in the United States,2018,Meteorological Applications,unclassified,unspecified,train
https://doi.org/10.1002/met.1719,Use of probabilistic medium‐ to long‐range weather‐pattern forecasts for identifying periods with an increased likelihood of coastal flooding around the UK,2018,Meteorological Applications,dynamics-weather-systems;forecasting-predictability;climate-variability-change;extremes,numerical_modeling,development
https://doi.org/10.1002/met.1720,Evaluating high‐impact precipitation forecasts from the Met Office Global Hazard Map (GHM) using a global impact database,2018,Meteorological Applications,dynamics-weather-systems;forecasting-predictability;cloud-precipitation-microphysics;climate-variability-change,numerical_modeling,blind_test
https://doi.org/10.1002/met.1724,Impact of aerosol number concentration on precipitation under different precipitation rates,2018,Meteorological Applications,cloud-precipitation-microphysics;atmospheric-chemistry;aerosols,numerical_modeling,train
https://doi.org/10.1002/met.1735,Global P ositioning S ystem precipitable water vapour ( GPS‐PWV ) jumps before intense rain events: A potential application to nowcasting,2018,Meteorological Applications,dynamics-weather-systems;forecasting-predictability;observations-instruments,observation,train
https://doi.org/10.1002/met.1739,Performance of 12 reference evapotranspiration estimation methods compared with the Penman–Monteith method and the potential influences in northeast China,2018,Meteorological Applications,dynamics-weather-systems;hydrometeorology,unspecified,train
https://doi.org/10.1002/met.1747,Impact of high resolution sea surface temperature on tropical cyclone characteristics over the Bay of Bengal using model simulations,2018,Meteorological Applications,dynamics-weather-systems;remote-sensing-retrieval;climate-variability-change;ocean-atmosphere,remote_sensing;numerical_modeling,train
https://doi.org/10.1002/met.1749,Quantifying the impact of global warming on precipitation patterns in India,2018,Meteorological Applications,cloud-precipitation-microphysics;climate-variability-change;extremes;hydrometeorology,numerical_modeling,train
https://doi.org/10.1002/met.1752,The effect of weather patterns on winter small city urban heat islands,2018,Meteorological Applications,air-quality-exposure;land-atmosphere,unspecified,train
https://doi.org/10.1002/met.1759,Calculating and communicating ensemble‐based volcanic ash dosage and concentration risk for aviation,2018,Meteorological Applications,forecasting-predictability;cloud-precipitation-microphysics;atmospheric-chemistry;aerosols,numerical_modeling,train
https://doi.org/10.1002/met.1763,Clustering of rainfall stations and distinguishing influential factors using PCA and HCA techniques over the western dry region of India,2018,Meteorological Applications,forecasting-predictability;cloud-precipitation-microphysics;climate-variability-change;extremes;hydrometeorology,observation;numerical_modeling,development
https://doi.org/10.1002/met.1772,Multi‐model ensemble predictions of aviation turbulence,2018,Meteorological Applications,forecasting-predictability;boundary-layer-turbulence;cloud-precipitation-microphysics;aerosols,numerical_modeling,train
https://doi.org/10.1002/met.1784,An investigation on the relationship between the Hurst exponent and the predictability of a rainfall time series,2019,Meteorological Applications,forecasting-predictability;cloud-precipitation-microphysics;climate-variability-change;hydrometeorology,numerical_modeling,train
https://doi.org/10.1002/met.1785,Dealing with inconsistent weather warnings: effects on warning quality and intended actions,2019,Meteorological Applications,climate-variability-change,unspecified,blind_test
https://doi.org/10.1002/met.1786,Redistribution of Indian summer monsoon by dust aerosol forcing,2019,Meteorological Applications,dynamics-weather-systems;cloud-precipitation-microphysics;atmospheric-chemistry;aerosols;climate-variability-change,numerical_modeling,train
https://doi.org/10.1002/met.1791,Observed changes in climate extremes in Nigeria,2019,Meteorological Applications,climate-variability-change;extremes;hydrometeorology,numerical_modeling,train
https://doi.org/10.1002/met.1792,Spatial distribution of secular trends in rainfall indices of Peninsular Malaysia in the presence of long‐term persistence,2019,Meteorological Applications,dynamics-weather-systems;cloud-precipitation-microphysics;climate-variability-change;extremes;hydrometeorology,numerical_modeling,train
https://doi.org/10.1002/met.1800,Predicting impacts of climate change on the potential distribution of two interacting species in the forests of western Iran,2019,Meteorological Applications,dynamics-weather-systems;climate-variability-change;land-atmosphere,unspecified,train
https://doi.org/10.1002/met.1802,"Projected changes in drought characteristics over the Western Cape, South Africa",2019,Meteorological Applications,climate-variability-change;extremes;hydrometeorology,numerical_modeling,development
https://doi.org/10.1002/met.1805,Collecting and processing of barometric data from smartphones for potential use in numerical weather prediction data assimilation,2019,Meteorological Applications,forecasting-predictability;cloud-precipitation-microphysics;observations-instruments;numerical-weather-prediction;extremes,observation;numerical_modeling;review_synthesis,train
https://doi.org/10.1002/met.1817,Novel approaches for air temperature prediction: A comparison of four hybrid evolutionary fuzzy models,2019,Meteorological Applications,forecasting-predictability;hydrometeorology,numerical_modeling,blind_test
https://doi.org/10.1002/met.1819,Developing a hazard‐impact model to support impact‐based forecasts and warnings: The Vehicle OverTurning (VOT) Model,2019,Meteorological Applications,forecasting-predictability,numerical_modeling,blind_test
https://doi.org/10.1002/met.1822,On the extreme rainfall events during the southwest monsoon season in northeast regions of the Indian subcontinent,2019,Meteorological Applications,dynamics-weather-systems;cloud-precipitation-microphysics;observations-instruments;climate-variability-change;extremes,observation;numerical_modeling,development
https://doi.org/10.1002/met.1841,Comprehensive assessment of 12 soft computing approaches for modelling reference evapotranspiration in humid locations,2019,Meteorological Applications,dynamics-weather-systems;forecasting-predictability;atmospheric-radiation;hydrometeorology,numerical_modeling;review_synthesis,train
https://doi.org/10.1002/met.1851,Meteorological application of wind speed and direction linked to remote sensing images for the modelling of sand drift potential and dune morphology,2019,Meteorological Applications,remote-sensing-retrieval;land-atmosphere,remote_sensing;numerical_modeling,train
https://doi.org/10.1002/met.1855,Development of upper air simulator for the calibration of solar radiation effects on radiosonde temperature sensors,2019,Meteorological Applications,dynamics-weather-systems;atmospheric-radiation;observations-instruments;climate-variability-change,observation,train
https://doi.org/10.1002/met.1856,Meteorological drought analysis using copula theory and drought indicators under climate change scenarios (RCP),2019,Meteorological Applications,climate-variability-change;extremes;hydrometeorology,numerical_modeling,train
https://doi.org/10.1002/met.1858,Characterizing the winter meteorological drivers of the European electricity system using targeted circulation types,2019,Meteorological Applications,dynamics-weather-systems;climate-variability-change,numerical_modeling,train
https://doi.org/10.1002/met.1862,Impact of ocean mixed‐layer depth initialization on the simulation of tropical cyclones over the Bay of Bengal using the WRF‐ARW model,2019,Meteorological Applications,dynamics-weather-systems;remote-sensing-retrieval;numerical-weather-prediction;climate-variability-change,remote_sensing;numerical_modeling,train
https://doi.org/10.1002/met.1863,"Climate change effect on water resources in Varanasi district, India",2019,Meteorological Applications,climate-variability-change;hydrometeorology,numerical_modeling,blind_test
https://doi.org/10.1002/met.1873,Missing data imputation of high‐resolution temporal climate time series data,2020,Meteorological Applications,climate-variability-change;land-atmosphere,numerical_modeling,train
https://doi.org/10.1002/met.1877,"Mapping and monitoring of glacier lake outburst floods using geospatial modelling approach for Darkut valley, Pakistan",2020,Meteorological Applications,observations-instruments;extremes;hydrometeorology,observation;numerical_modeling;review_synthesis,development
https://doi.org/10.1002/met.1887,Using social media to measure impacts of named storm events in the United Kingdom and Ireland,2020,Meteorological Applications,dynamics-weather-systems,unspecified,development
https://doi.org/10.1002/met.1896,Weather‐data‐based model: an approach for forecasting leaf and stripe rust on winter wheat,2020,Meteorological Applications,forecasting-predictability,numerical_modeling,development
https://doi.org/10.1002/met.1899,"Drought trend, frequency and extremity across a wide range of climates over Iran",2020,Meteorological Applications,dynamics-weather-systems;climate-variability-change;extremes;hydrometeorology,numerical_modeling,train
https://doi.org/10.1002/met.1905,A deep‐learning model to predict thunderstorms within 400 km2 South Texas domains,2020,Meteorological Applications,dynamics-weather-systems,numerical_modeling,blind_test
https://doi.org/10.1002/met.1910,The impact of high temperatures and extreme heat to delays on the London Underground rail network: An empirical study,2020,Meteorological Applications,observations-instruments;extremes,unspecified,development
https://doi.org/10.1002/met.1913,Quality control and gap‐filling methods applied to hourly temperature observations over central Italy,2020,Meteorological Applications,observations-instruments;climate-variability-change;quality-control-uncertainty,observation;numerical_modeling,train
https://doi.org/10.1002/met.1918,Seasonal and diurnal variation of marine wind characteristics based on lidar measurements,2020,Meteorological Applications,dynamics-weather-systems;remote-sensing-retrieval;observations-instruments;ocean-atmosphere,observation;remote_sensing,train
https://doi.org/10.1002/met.1931,Linking weather patterns to regional extreme precipitation for highlighting potential flood events in medium‐ to long‐range forecasts,2020,Meteorological Applications,forecasting-predictability;cloud-precipitation-microphysics;climate-variability-change;extremes,numerical_modeling;review_synthesis,train
https://doi.org/10.1002/met.1941,Modelling daily soil temperature at different depths via the classical and hybrid models,2020,Meteorological Applications,dynamics-weather-systems;forecasting-predictability;hydrometeorology;land-atmosphere,numerical_modeling,train
https://doi.org/10.1002/met.1949,Attribution of Amazon floods to modes of climate variability: A review,2020,Meteorological Applications,dynamics-weather-systems;climate-variability-change;extremes,numerical_modeling;review_synthesis,train
https://doi.org/10.1002/met.1950,Assessment of drought impacts on crop yields across Nepal during 1987–2017,2020,Meteorological Applications,dynamics-weather-systems;climate-variability-change;extremes;hydrometeorology,review_synthesis,train
https://doi.org/10.1002/met.1953,Malaria and meningitis under climate change: initial assessment of climate information service in Nigeria,2020,Meteorological Applications,climate-variability-change,review_synthesis,development
https://doi.org/10.1002/met.1955,RoadSurf‐Pedestrian: a sidewalk condition model to predict risk for wintertime slipping injuries,2020,Meteorological Applications,air-quality-exposure,numerical_modeling,blind_test
https://doi.org/10.1002/met.1961,A comparative study of convolutional neural network models for wind field downscaling,2020,Meteorological Applications,cloud-precipitation-microphysics;aerosols;observations-instruments;climate-variability-change;model-evaluation-downscaling;statistics-causal-ml,numerical_modeling;statistical_ml,train
https://doi.org/10.1002/met.1973,Using machine learning to predict fire‐ignition occurrences from lightning forecasts,2021,Meteorological Applications,dynamics-weather-systems;forecasting-predictability;statistics-causal-ml,statistical_ml,train
https://doi.org/10.1002/met.1990,Response of surface ozone concentration to emission reduction and meteorology during the COVID‐19 lockdown in Europe,2021,Meteorological Applications,forecasting-predictability;atmospheric-chemistry;air-quality-exposure,unspecified,train
https://doi.org/10.1002/met.2002,Calibration of non‐catching precipitation measurement instruments: A review,2021,Meteorological Applications,cloud-precipitation-microphysics;remote-sensing-retrieval;observations-instruments;hydrometeorology;land-atmosphere,observation;remote_sensing;numerical_modeling;review_synthesis,train
https://doi.org/10.1002/met.2024,Responses of extreme high temperatures to urbanization in the Beijing–Tianjin–Hebei urban agglomeration in the context of a changing climate,2021,Meteorological Applications,air-quality-exposure;climate-variability-change;extremes;land-atmosphere,numerical_modeling,train
https://doi.org/10.1002/met.2049,Climatic zoning of Ghana using selected meteorological variables for the period 1976–2018,2022,Meteorological Applications,climate-variability-change;extremes;hydrometeorology,numerical_modeling,train
https://doi.org/10.1002/met.2065,An open workflow to gain insights about low‐likelihood high‐impact weather events from initialized predictions,2022,Meteorological Applications,forecasting-predictability;climate-variability-change;extremes,numerical_modeling;review_synthesis,train
https://doi.org/10.1002/met.2075,How useful are crowdsourced air temperature observations? An assessment of Netatmo stations and quality control schemes over the United Kingdom,2022,Meteorological Applications,dynamics-weather-systems;observations-instruments;climate-variability-change;quality-control-uncertainty,observation;numerical_modeling;review_synthesis,train
https://doi.org/10.1002/met.2076,Modelling extreme rainfall events in Kigali city using generalized Pareto distribution,2022,Meteorological Applications,cloud-precipitation-microphysics;climate-variability-change;extremes;hydrometeorology,numerical_modeling,train
https://doi.org/10.1002/met.2089,Characterizing renewable energy compound events across Europe using a logistic regression‐based approach,2022,Meteorological Applications,dynamics-weather-systems;extremes,statistical_ml,train
https://doi.org/10.1002/met.2093,Characterizing the variability and meteorological drivers of wind power and solar power generation over Africa,2022,Meteorological Applications,forecasting-predictability,unspecified,blind_test
https://doi.org/10.1002/met.2098,A transformer neural network for predicting near‐surface temperature,2022,Meteorological Applications,forecasting-predictability;air-quality-exposure;observations-instruments;statistics-causal-ml,numerical_modeling;statistical_ml,blind_test
https://doi.org/10.1002/met.2119,Projected changes in extreme rainfall and temperature events and possible implications for Cameroon's socio‐economic sectors,2023,Meteorological Applications,cloud-precipitation-microphysics;climate-variability-change;extremes;hydrometeorology,numerical_modeling,train
https://doi.org/10.1002/met.2122,The role of global reanalyses in climate services for health: Insights from the Lancet Countdown,2023,Meteorological Applications,air-quality-exposure;climate-variability-change,unspecified,train
https://doi.org/10.1002/met.2134,"Greenland ice sheet rainfall climatology, extremes and atmospheric river rapids",2023,Meteorological Applications,dynamics-weather-systems;cloud-precipitation-microphysics;observations-instruments;climate-variability-change;extremes,observation,train
https://doi.org/10.1002/met.2141,Meteorological conditions during periods of low wind speed and insolation in Germany: The role of weather regimes,2023,Meteorological Applications,dynamics-weather-systems;climate-variability-change,numerical_modeling,train
https://doi.org/10.1002/met.2145,C3S Energy: A climate service for the provision of power supply and demand indicators for Europe based on the ERA5 reanalysis and ENTSO‐E data,2023,Meteorological Applications,unclassified,reanalysis,train
https://doi.org/10.1002/met.2147,Climate zones in Iran,2023,Meteorological Applications,climate-variability-change,numerical_modeling,train
https://doi.org/10.1002/met.2161,Low‐cost air quality monitoring networks for long‐term field campaigns: A review,2023,Meteorological Applications,forecasting-predictability;atmospheric-chemistry;aerosols;air-quality-exposure;observations-instruments,observation;review_synthesis,blind_test
https://doi.org/10.1002/met.2204,Assessing the impact of bias correction approaches on climate extremes and the climate change signal,2024,Meteorological Applications,climate-variability-change;extremes;hydrometeorology;model-evaluation-downscaling,numerical_modeling,development
https://doi.org/10.1002/met.70043,Science–policy–practice insights for compound and multi‐hazard risks,2025,Meteorological Applications,atmospheric-chemistry,unspecified,train
https://doi.org/10.1002/qj.2743,The Climate‐system Historical Forecast Project: do stratosphere‐resolving models make better seasonal climate predictions in boreal winter?,2016,Quarterly Journal of the Royal Meteorological Society,dynamics-weather-systems;forecasting-predictability;atmospheric-chemistry;climate-variability-change,numerical_modeling,train
https://doi.org/10.1002/qj.2748,Kilometre‐scale ensemble data assimilation for the COSMO model (KENDA),2016,Quarterly Journal of the Royal Meteorological Society,dynamics-weather-systems;forecasting-predictability;numerical-weather-prediction;climate-variability-change,numerical_modeling,train
https://doi.org/10.1002/qj.2765,The role of the southern African easterly jet in modifying the southeast Atlantic aerosol and cloud environments,2016,Quarterly Journal of the Royal Meteorological Society,cloud-precipitation-microphysics;atmospheric-chemistry;aerosols;climate-variability-change,numerical_modeling,train
https://doi.org/10.1002/qj.2771,"Spatial and temporal distribution of hailstorms in the Alpine region: a long‐term, high resolution, radar‐based analysis",2016,Quarterly Journal of the Royal Meteorological Society,dynamics-weather-systems;cloud-precipitation-microphysics;remote-sensing-retrieval;observations-instruments;climate-variability-change,observation;remote_sensing;numerical_modeling,blind_test
https://doi.org/10.1002/qj.2774,Enhancing the impact of IASI observations through an updated observation‐error covariance matrix,2016,Quarterly Journal of the Royal Meteorological Society,cloud-precipitation-microphysics;aerosols;observations-instruments;climate-variability-change;quality-control-uncertainty,observation;numerical_modeling,blind_test
https://doi.org/10.1002/qj.2781,"Dynamics of tropical–extratropical interactions and extreme precipitation events in Saudi Arabia in autumn, winter and spring",2016,Quarterly Journal of the Royal Meteorological Society,dynamics-weather-systems;cloud-precipitation-microphysics;climate-variability-change;extremes,numerical_modeling,train
https://doi.org/10.1002/qj.2782,Eleven‐year solar cycle signal in the NAO and Atlantic/European blocking,2016,Quarterly Journal of the Royal Meteorological Society,dynamics-weather-systems;atmospheric-chemistry;climate-variability-change,numerical_modeling,train
https://doi.org/10.1002/qj.2784,Implicit equal‐weights particle filter,2016,Quarterly Journal of the Royal Meteorological Society,forecasting-predictability;observations-instruments;climate-variability-change;extremes;hydrometeorology,review_synthesis,train
https://doi.org/10.1002/qj.2802,Arctic amplification enhanced by latent energy transport of atmospheric planetary waves,2016,Quarterly Journal of the Royal Meteorological Society,dynamics-weather-systems;climate-variability-change,numerical_modeling,train
https://doi.org/10.1002/qj.2822,Improvement of the forecast of convective activity from the AROME‐France system,2016,Quarterly Journal of the Royal Meteorological Society,forecasting-predictability;cloud-precipitation-microphysics;observations-instruments;climate-variability-change,observation;numerical_modeling,train
https://doi.org/10.1002/qj.2836,Observations of urban heat island advection from a high‐density monitoring network,2016,Quarterly Journal of the Royal Meteorological Society,air-quality-exposure;observations-instruments;land-atmosphere,observation,train
https://doi.org/10.1002/qj.2891,Large‐scale wind and precipitation extremes in the Mediterranean: dynamical aspects of five selected cyclone events,2016,Quarterly Journal of the Royal Meteorological Society,dynamics-weather-systems;cloud-precipitation-microphysics;climate-variability-change;extremes,numerical_modeling,train
https://doi.org/10.1002/qj.2910,"Tropical rainfall, Rossby waves and regional winter climate predictions",2016,Quarterly Journal of the Royal Meteorological Society,dynamics-weather-systems;forecasting-predictability;cloud-precipitation-microphysics;climate-variability-change,numerical_modeling,development
https://doi.org/10.1002/qj.2931,Towards process‐level representation of model uncertainties: stochastically perturbed parametrizations in the ECMWF ensemble,2016,Quarterly Journal of the Royal Meteorological Society,dynamics-weather-systems;forecasting-predictability;climate-variability-change,numerical_modeling,development
https://doi.org/10.1002/qj.2947,Large‐eddy simulations over Germany using ICON: a comprehensive evaluation,2016,Quarterly Journal of the Royal Meteorological Society,cloud-precipitation-microphysics;aerosols;climate-variability-change,numerical_modeling,train
https://doi.org/10.1002/qj.2949,A reassessment of temperature variations and trends from global reanalyses and monthly surface climatological datasets,2016,Quarterly Journal of the Royal Meteorological Society,observations-instruments;climate-variability-change,observation;numerical_modeling;review_synthesis,train
https://doi.org/10.1002/qj.2953,Sea‐surface emissivity parametrization from microwaves to millimetre waves,2016,Quarterly Journal of the Royal Meteorological Society,dynamics-weather-systems;remote-sensing-retrieval;hydrometeorology;land-atmosphere,remote_sensing;numerical_modeling,train
https://doi.org/10.1002/qj.2968,Calculating the millimetre‐wave scattering phase function of snowflakes using the self‐similar Rayleigh–Gans Approximation,2016,Quarterly Journal of the Royal Meteorological Society,dynamics-weather-systems;cloud-precipitation-microphysics;aerosols;observations-instruments,observation,train
https://doi.org/10.1002/qj.2976,Atmospheric seasonal forecasts of the twentieth century: multi‐decadal variability in predictive skill of the winter North Atlantic Oscillation (NAO) and their potential value for extreme event attribution,2016,Quarterly Journal of the Royal Meteorological Society,dynamics-weather-systems;forecasting-predictability;climate-variability-change;extremes,numerical_modeling,train
https://doi.org/10.1002/qj.2982,A review of operational methods of variational and ensemble‐variational data assimilation,2016,Quarterly Journal of the Royal Meteorological Society,forecasting-predictability;numerical-weather-prediction;climate-variability-change,numerical_modeling;review_synthesis,train
https://doi.org/10.1002/qj.2998,"Stable boundary‐layer regimes at Dome C, Antarctica: observation and analysis",2017,Quarterly Journal of the Royal Meteorological Society,dynamics-weather-systems;air-quality-exposure;observations-instruments;climate-variability-change,observation;numerical_modeling,blind_test
https://doi.org/10.1002/qj.3017,Predictability of downward propagation of major sudden stratospheric warmings,2017,Quarterly Journal of the Royal Meteorological Society,forecasting-predictability;atmospheric-chemistry;climate-variability-change,numerical_modeling,train
https://doi.org/10.1002/qj.3028,Impact of urban canopy models and external parameters on the modelled urban energy balance in a tropical city,2017,Quarterly Journal of the Royal Meteorological Society,land-atmosphere,numerical_modeling,train
https://doi.org/10.1002/qj.3048,Estimating model‐error covariances in nonlinear state‐space models using Kalman smoothing and the expectation–maximization algorithm,2017,Quarterly Journal of the Royal Meteorological Society,observations-instruments;climate-variability-change;quality-control-uncertainty,numerical_modeling,blind_test
https://doi.org/10.1002/qj.3079,Madden—Julian Oscillation prediction and teleconnections in the S2S database,2017,Quarterly Journal of the Royal Meteorological Society,forecasting-predictability;atmospheric-chemistry;climate-variability-change,numerical_modeling,train
https://doi.org/10.1002/qj.3094,Stochastic representations of model uncertainties at ECMWF: state of the art and future vision,2017,Quarterly Journal of the Royal Meteorological Society,dynamics-weather-systems;climate-variability-change,numerical_modeling,train
https://doi.org/10.1002/qj.3129,Assessment of the World Wide Lightning Location Network (WWLLN) detection efficiency by comparison to the Lightning Imaging Sensor (LIS),2017,Quarterly Journal of the Royal Meteorological Society,cloud-precipitation-microphysics;aerosols;observations-instruments;climate-variability-change,review_synthesis,train
https://doi.org/10.1002/qj.3130,On the representation error in data assimilation,2017,Quarterly Journal of the Royal Meteorological Society,dynamics-weather-systems;numerical-weather-prediction;climate-variability-change;quality-control-uncertainty,numerical_modeling,train
https://doi.org/10.1002/qj.3135,"The Met Office convective‐scale ensemble, MOGREPS‐UK",2017,Quarterly Journal of the Royal Meteorological Society,dynamics-weather-systems;forecasting-predictability;climate-variability-change,numerical_modeling,train
https://doi.org/10.1002/qj.3138,Uncertainty quantification of pollutant source retrieval: comparison of Bayesian methods with application to the Chernobyl and Fukushima Daiichi accidental releases of radionuclides,2017,Quarterly Journal of the Royal Meteorological Society,dynamics-weather-systems;remote-sensing-retrieval;observations-instruments;quality-control-uncertainty,observation;remote_sensing,train
https://doi.org/10.1002/qj.3155,The link between eddy‐driven jet variability and weather regimes in the North Atlantic‐European sector,2017,Quarterly Journal of the Royal Meteorological Society,dynamics-weather-systems;climate-variability-change,numerical_modeling,development
https://doi.org/10.1002/qj.3171,The assimilation of Cross‐track Infrared Sounder radiances at ECMWF,2017,Quarterly Journal of the Royal Meteorological Society,dynamics-weather-systems;atmospheric-chemistry,numerical_modeling,train
https://doi.org/10.1002/qj.3172,"The growing impact of satellite observations sensitive to humidity, cloud and precipitation",2017,Quarterly Journal of the Royal Meteorological Society,cloud-precipitation-microphysics;aerosols;remote-sensing-retrieval;observations-instruments;climate-variability-change,observation;remote_sensing;numerical_modeling,train
https://doi.org/10.1002/qj.3179,Survey of data assimilation methods for convective‐scale numerical weather prediction at operational centres,2017,Quarterly Journal of the Royal Meteorological Society,forecasting-predictability;numerical-weather-prediction;climate-variability-change,numerical_modeling,train
https://doi.org/10.1002/qj.3184,A proof of concept for scale‐adaptive parametrizations: the case of the Lorenz '96 model,2017,Quarterly Journal of the Royal Meteorological Society,dynamics-weather-systems,numerical_modeling,development
https://doi.org/10.1002/qj.3197,"The severe hailstorm in southwest Germany on 28 July 2013: characteristics, impacts and meteorological conditions",2017,Quarterly Journal of the Royal Meteorological Society,dynamics-weather-systems;cloud-precipitation-microphysics;aerosols,numerical_modeling,development
https://doi.org/10.1002/qj.3198,Large‐scale flows under location uncertainty: a consistent stochastic framework,2017,Quarterly Journal of the Royal Meteorological Society,dynamics-weather-systems;quality-control-uncertainty,unspecified,blind_test
https://doi.org/10.1002/qj.3200,"The evolution, seasonality and impacts of western disturbances",2017,Quarterly Journal of the Royal Meteorological Society,cloud-precipitation-microphysics;aerosols;climate-variability-change;land-atmosphere,numerical_modeling,train
https://doi.org/10.1002/qj.3202,All‐sky satellite data assimilation at operational weather forecasting centres,2017,Quarterly Journal of the Royal Meteorological Society,forecasting-predictability;cloud-precipitation-microphysics;aerosols;remote-sensing-retrieval;numerical-weather-prediction;climate-variability-change,remote_sensing;numerical_modeling,train
https://doi.org/10.1002/qj.3224,Dependence of near‐surface similarity scaling on the anisotropy of atmospheric turbulence,2017,Quarterly Journal of the Royal Meteorological Society,dynamics-weather-systems;boundary-layer-turbulence,numerical_modeling,train
https://doi.org/10.1002/qj.3228,Linking Northern Hemisphere temperature extremes to Rossby wave packets,2018,Quarterly Journal of the Royal Meteorological Society,dynamics-weather-systems;climate-variability-change;extremes,numerical_modeling,train
https://doi.org/10.1002/qj.3240,"On distinguishing snowfall from rainfall using near‐surface atmospheric information: C omparative analysis, uncertainties and hydrologic importance",2018,Quarterly Journal of the Royal Meteorological Society,cloud-precipitation-microphysics;observations-instruments;hydrometeorology,observation,train
https://doi.org/10.1002/qj.3244,Validation of the CHIRPS satellite rainfall estimates over eastern Africa,2018,Quarterly Journal of the Royal Meteorological Society,cloud-precipitation-microphysics;remote-sensing-retrieval;observations-instruments;climate-variability-change;quality-control-uncertainty,observation;remote_sensing;numerical_modeling,train
https://doi.org/10.1002/qj.3265,Estimates of flow‐dependent predictability of wintertime Euro‐Atlantic weather regimes in medium‐range forecasts,2018,Quarterly Journal of the Royal Meteorological Society,forecasting-predictability;climate-variability-change,numerical_modeling,train
https://doi.org/10.1002/qj.3266,Examining the role of unusually warm Indo‐Pacific sea‐surface temperatures in recent African droughts,2018,Quarterly Journal of the Royal Meteorological Society,climate-variability-change;extremes;hydrometeorology,numerical_modeling,train
https://doi.org/10.1002/qj.3267,Sting jets in extratropical cyclones: a review,2018,Quarterly Journal of the Royal Meteorological Society,dynamics-weather-systems,numerical_modeling;review_synthesis,development
https://doi.org/10.1002/qj.3280,The influence of the stratospheric state on North Atlantic weather regimes,2018,Quarterly Journal of the Royal Meteorological Society,atmospheric-chemistry;climate-variability-change,numerical_modeling,train
https://doi.org/10.1002/qj.3284,"The spatial distribution and temporal variability of föhn winds over the Larsen C ice shelf, Antarctica",2018,Quarterly Journal of the Royal Meteorological Society,observations-instruments,observation,train
https://doi.org/10.1002/qj.3290,An overview of the TROPICS NASA Earth Venture Mission,2018,Quarterly Journal of the Royal Meteorological Society,dynamics-weather-systems;climate-variability-change,numerical_modeling,train
https://doi.org/10.1002/qj.3299,Atmospheric boundary‐layer characteristics from ceilometer measurements. Part 1: A new method to track mixed layer height and classify clouds,2018,Quarterly Journal of the Royal Meteorological Society,cloud-precipitation-microphysics;atmospheric-chemistry;aerosols;observations-instruments,observation;numerical_modeling,development
https://doi.org/10.1002/qj.3313,The Global Precipitation Measurement (GPM) mission's scientific achievements and societal contributions: reviewing four years of advanced rain and snow observations,2018,Quarterly Journal of the Royal Meteorological Society,cloud-precipitation-microphysics;observations-instruments,observation;numerical_modeling;review_synthesis,development
https://doi.org/10.1002/qj.3341,How far in advance can we predict changes in large‐scale flow leading to severe cold conditions over Europe?,2018,Quarterly Journal of the Royal Meteorological Society,climate-variability-change,numerical_modeling,train
https://doi.org/10.1002/qj.3345,"Rainfall types over southern West Africa: Objective identification, climatology and synoptic environment",2018,Quarterly Journal of the Royal Meteorological Society,cloud-precipitation-microphysics;observations-instruments;climate-variability-change,observation;numerical_modeling,blind_test
https://doi.org/10.1002/qj.3353,An atmospheric dynamics perspective on the amplification and propagation of forecast error in numerical weather prediction models: A case study,2018,Quarterly Journal of the Royal Meteorological Society,dynamics-weather-systems;forecasting-predictability;numerical-weather-prediction;climate-variability-change;quality-control-uncertainty,numerical_modeling;review_synthesis,train
https://doi.org/10.1002/qj.3383,The ECMWF ensemble prediction system: Looking back (more than) 25 years and projecting forward 25 years,2018,Quarterly Journal of the Royal Meteorological Society,forecasting-predictability;climate-variability-change,numerical_modeling,blind_test
https://doi.org/10.1002/qj.3387,Ensemble size: How suboptimal is less than infinity?,2018,Quarterly Journal of the Royal Meteorological Society,dynamics-weather-systems;forecasting-predictability;climate-variability-change,numerical_modeling,train
https://doi.org/10.1002/qj.3410,Predicting weather forecast uncertainty with machine learning,2018,Quarterly Journal of the Royal Meteorological Society,forecasting-predictability;climate-variability-change;hydrometeorology;statistics-causal-ml;quality-control-uncertainty,numerical_modeling;statistical_ml,development
https://doi.org/10.1002/qj.3463,Comparison of assimilating all‐sky and clear‐sky infrared radiances from Himawari‐8 in a mesoscale system,2018,Quarterly Journal of the Royal Meteorological Society,cloud-precipitation-microphysics;atmospheric-radiation;aerosols,numerical_modeling,train
https://doi.org/10.1002/qj.3481,"Radiation, surface temperature and evaporation over wet surfaces",2019,Quarterly Journal of the Royal Meteorological Society,dynamics-weather-systems;atmospheric-radiation;climate-variability-change,numerical_modeling,train
https://doi.org/10.1002/qj.3482,"Promoting the use of probabilistic weather forecasts through a dialogue between scientists, developers and end‐users",2019,Quarterly Journal of the Royal Meteorological Society,forecasting-predictability;climate-variability-change,numerical_modeling,train
https://doi.org/10.1002/qj.3497,Current state of the global operational aerosol multi‐model ensemble: An update from the International Cooperative for Aerosol Prediction (ICAP),2019,Quarterly Journal of the Royal Meteorological Society,forecasting-predictability;cloud-precipitation-microphysics;atmospheric-chemistry;aerosols,numerical_modeling,train
https://doi.org/10.1002/qj.3501,"A mixed finite‐element, finite‐volume, semi‐implicit discretization for atmospheric dynamics: Cartesian geometry",2019,Quarterly Journal of the Royal Meteorological Society,dynamics-weather-systems,numerical_modeling,blind_test
https://doi.org/10.1002/qj.3503,Development mechanisms for Mediterranean tropical‐like cyclones (medicanes),2019,Quarterly Journal of the Royal Meteorological Society,dynamics-weather-systems;climate-variability-change,numerical_modeling,blind_test
https://doi.org/10.1002/qj.3533,The operational global four‐dimensional variational data assimilation system at the China Meteorological Administration,2019,Quarterly Journal of the Royal Meteorological Society,dynamics-weather-systems;numerical-weather-prediction;climate-variability-change,numerical_modeling,train
https://doi.org/10.1002/qj.3551,Particle filters for high‐dimensional geoscience applications: A review,2019,Quarterly Journal of the Royal Meteorological Society,climate-variability-change;extremes,numerical_modeling;review_synthesis,development
https://doi.org/10.1002/qj.3577,Assimilation of SMOS brightness temperatures in the ECMWF Integrated Forecasting System,2019,Quarterly Journal of the Royal Meteorological Society,forecasting-predictability;remote-sensing-retrieval;climate-variability-change;hydrometeorology;land-atmosphere,remote_sensing,train
https://doi.org/10.1002/qj.3598,Towards a more reliable historical reanalysis: Improvements for version 3 of the Twentieth Century Reanalysis system,2019,Quarterly Journal of the Royal Meteorological Society,dynamics-weather-systems;climate-variability-change,numerical_modeling;reanalysis,blind_test
https://doi.org/10.1002/qj.3599,Processes determining heat waves across different European climates,2019,Quarterly Journal of the Royal Meteorological Society,dynamics-weather-systems;climate-variability-change,numerical_modeling,train
https://doi.org/10.1002/qj.3616,What global reanalysis best represents near‐surface winds?,2019,Quarterly Journal of the Royal Meteorological Society,climate-variability-change,numerical_modeling;reanalysis,blind_test
https://doi.org/10.1002/qj.3628,Use and impact of Arctic observations in the ECMWF Numerical Weather Prediction system,2019,Quarterly Journal of the Royal Meteorological Society,dynamics-weather-systems;forecasting-predictability;observations-instruments;numerical-weather-prediction;climate-variability-change,observation;numerical_modeling,train
https://doi.org/10.1002/qj.3652,Techniques and challenges in the assimilation of atmospheric water observations for numerical weather prediction towards convective scales,2019,Quarterly Journal of the Royal Meteorological Society,forecasting-predictability;cloud-precipitation-microphysics;observations-instruments;numerical-weather-prediction;climate-variability-change,observation;numerical_modeling,train
https://doi.org/10.1002/qj.3654,Assimilation of satellite data in numerical weather prediction. Part I: The early years,2019,Quarterly Journal of the Royal Meteorological Society,dynamics-weather-systems;forecasting-predictability;remote-sensing-retrieval;numerical-weather-prediction;climate-variability-change,remote_sensing;numerical_modeling,train
https://doi.org/10.1002/qj.3662,"Sugar, gravel, fish and flowers: Mesoscale cloud patterns in the trade winds",2019,Quarterly Journal of the Royal Meteorological Society,cloud-precipitation-microphysics;atmospheric-chemistry;aerosols,unspecified,development
https://doi.org/10.1002/qj.3698,The effect of westerlies on East African rainfall and the associated role of tropical cyclones and the Madden–Julian Oscillation,2019,Quarterly Journal of the Royal Meteorological Society,dynamics-weather-systems;cloud-precipitation-microphysics;climate-variability-change,numerical_modeling,development
https://doi.org/10.1002/qj.3724,Enhanced extended‐range predictability of the 2018 late‐winter Eurasian cold spell due to the stratosphere,2019,Quarterly Journal of the Royal Meteorological Society,dynamics-weather-systems;forecasting-predictability;atmospheric-chemistry;climate-variability-change,numerical_modeling,train
https://doi.org/10.1002/qj.3732,How does knowledge of atmospheric gravity waves guide their parameterizations?,2019,Quarterly Journal of the Royal Meteorological Society,dynamics-weather-systems;observations-instruments;model-evaluation-downscaling,observation,train
https://doi.org/10.1002/qj.3746,The evaluation of FY4A 's Geostationary Interferometric Infrared Sounder ( GIIRS ) long‐wave temperature sounding channels using the GRAPES global 4D‐Var,2020,Quarterly Journal of the Royal Meteorological Society,dynamics-weather-systems;observations-instruments;climate-variability-change,observation;numerical_modeling,train
https://doi.org/10.1002/qj.3748,Quality of wind characteristics in recent wind atlases over the North Sea,2020,Quarterly Journal of the Royal Meteorological Society,unclassified,numerical_modeling,train
https://doi.org/10.1002/qj.3749,Response of the Quasi‐Biennial Oscillation to a warming climate in global climate models,2020,Quarterly Journal of the Royal Meteorological Society,dynamics-weather-systems;atmospheric-chemistry;aerosols;climate-variability-change,numerical_modeling,train
https://doi.org/10.1002/qj.3757,Dynamical systems theory sheds new light on compound climate extremes in Europe and Eastern North America,2020,Quarterly Journal of the Royal Meteorological Society,climate-variability-change;extremes,numerical_modeling,blind_test
https://doi.org/10.1002/qj.3765,Evaluation of the Quasi‐Biennial Oscillation in global climate models for the SPARC QBO‐initiative,2020,Quarterly Journal of the Royal Meteorological Society,atmospheric-chemistry;climate-variability-change,numerical_modeling,development
https://doi.org/10.1002/qj.3784,On the role of Ural Blocking in driving the Warm Arctic–Cold Siberia pattern,2020,Quarterly Journal of the Royal Meteorological Society,dynamics-weather-systems;climate-variability-change,numerical_modeling,blind_test
https://doi.org/10.1002/qj.3790,Evaluating the GECCO3 1948–2018 ocean synthesis – a configuration for initializing the MPI‐ESM climate model,2020,Quarterly Journal of the Royal Meteorological Society,climate-variability-change;ocean-atmosphere;earth-system-models,numerical_modeling;review_synthesis,train
https://doi.org/10.1002/qj.3803,The ERA5 global reanalysis,2020,Quarterly Journal of the Royal Meteorological Society,atmospheric-chemistry;climate-variability-change,numerical_modeling;reanalysis,development
https://doi.org/10.1002/qj.3819,A consistent interpretation of the stochastic version of the Ensemble Kalman Filter,2020,Quarterly Journal of the Royal Meteorological Society,dynamics-weather-systems;forecasting-predictability;land-atmosphere,numerical_modeling,blind_test
https://doi.org/10.1002/qj.3822,Dynamics of concurrent and sequential Central European and Scandinavian heatwaves,2020,Quarterly Journal of the Royal Meteorological Society,dynamics-weather-systems;climate-variability-change;extremes,numerical_modeling,train
https://doi.org/10.1002/qj.3826,Increasing heavy rainfall events in south India due to changing land use and land cover,2020,Quarterly Journal of the Royal Meteorological Society,cloud-precipitation-microphysics;climate-variability-change;extremes,numerical_modeling;review_synthesis,train
https://doi.org/10.1002/qj.3858,Differences between the 2018 and 2019 stratospheric polar vortex split events,2020,Quarterly Journal of the Royal Meteorological Society,dynamics-weather-systems;atmospheric-chemistry;climate-variability-change,numerical_modeling,train
https://doi.org/10.1002/qj.3921,Convection‐permitting modelling improves simulated precipitation over the central and eastern Tibetan Plateau,2020,Quarterly Journal of the Royal Meteorological Society,dynamics-weather-systems;cloud-precipitation-microphysics;observations-instruments;climate-variability-change,observation;numerical_modeling,train
https://doi.org/10.1002/qj.3941,An evaluation of surface meteorology and fluxes over the Iceland and Greenland Seas in ERA5 reanalysis: The impact of sea ice distribution,2020,Quarterly Journal of the Royal Meteorological Society,dynamics-weather-systems;climate-variability-change,numerical_modeling;reanalysis,train
https://doi.org/10.1002/qj.4005,The fractional energy balance equation,2021,Quarterly Journal of the Royal Meteorological Society,dynamics-weather-systems;statistics-causal-ml,statistical_ml,train
https://doi.org/10.1002/qj.4116,Using machine learning to correct model error in data assimilation and forecast applications,2021,Quarterly Journal of the Royal Meteorological Society,forecasting-predictability;numerical-weather-prediction;climate-variability-change;statistics-causal-ml;quality-control-uncertainty,numerical_modeling;statistical_ml,train
https://doi.org/10.1002/qj.4142,The impact of Aeolus wind retrievals on ECMWF global weather forecasts,2021,Quarterly Journal of the Royal Meteorological Society,dynamics-weather-systems;forecasting-predictability;cloud-precipitation-microphysics;aerosols;remote-sensing-retrieval,remote_sensing;numerical_modeling,development
https://doi.org/10.1002/qj.4174,The ERA5 global reanalysis: Preliminary extension to 1950,2021,Quarterly Journal of the Royal Meteorological Society,dynamics-weather-systems;climate-variability-change,numerical_modeling;reanalysis,train
https://doi.org/10.1002/qj.4199,"Climate variability and impacts on maize (Zea mays) yield in Ghana, West Africa",2021,Quarterly Journal of the Royal Meteorological Society,climate-variability-change;land-atmosphere,unspecified,train
https://doi.org/10.1002/qj.4228,Assimilation of satellite data in numerical weather prediction. Part II : Recent years,2021,Quarterly Journal of the Royal Meteorological Society,forecasting-predictability;cloud-precipitation-microphysics;aerosols;remote-sensing-retrieval;numerical-weather-prediction;climate-variability-change,remote_sensing;numerical_modeling,train
https://doi.org/10.1002/qj.4330,"Coupled data assimilation at ECMWF: current status, challenges and future developments",2022,Quarterly Journal of the Royal Meteorological Society,observations-instruments;numerical-weather-prediction;climate-variability-change,observation;numerical_modeling,train
https://doi.org/10.1002/qj.4351,An evaluation of ERA5 precipitation for climate monitoring,2022,Quarterly Journal of the Royal Meteorological Society,cloud-precipitation-microphysics;observations-instruments;climate-variability-change,observation;numerical_modeling;reanalysis,train
https://doi.org/10.1002/qj.4589,Evaluation of 30 urban land surface models in the Urban‐PLUMBER project: Phase 1 results,2023,Quarterly Journal of the Royal Meteorological Society,climate-variability-change;land-atmosphere,numerical_modeling,train
https://doi.org/10.1002/qj.4803,The ERA5 global reanalysis from 1940 to 2022,2024,Quarterly Journal of the Royal Meteorological Society,dynamics-weather-systems;climate-variability-change,numerical_modeling;reanalysis,train
https://doi.org/10.1007/s00382-015-2907-4,Present-day and future Antarctic ice sheet climate and surface mass balance in the Community Earth System Model,2016,Climate Dynamics,dynamics-weather-systems;observations-instruments;climate-variability-change;earth-system-models,observation;numerical_modeling,train
https://doi.org/10.1007/s00382-016-2985-y,Intercomparison of the Arctic sea ice cover in global ocean–sea ice reanalyses from the ORA-IP project,2016,Climate Dynamics,dynamics-weather-systems;climate-variability-change;quality-control-uncertainty,numerical_modeling,development
https://doi.org/10.1007/s00382-016-3001-2,Sea-level variability in the Mediterranean Sea from altimetry and tide gauges,2016,Climate Dynamics,dynamics-weather-systems;remote-sensing-retrieval;observations-instruments,observation;remote_sensing,blind_test
https://doi.org/10.1007/s00382-016-3019-5,Projections of extreme storm surge levels along Europe,2016,Climate Dynamics,dynamics-weather-systems;remote-sensing-retrieval;extremes;ocean-atmosphere,remote_sensing,development
https://doi.org/10.1007/s00382-016-3043-5,Effects of excessive equatorial cold tongue bias on the projections of tropical Pacific climate change. Part I: the warming pattern in CMIP5 multi-model ensemble,2016,Climate Dynamics,forecasting-predictability;climate-variability-change;earth-system-models,numerical_modeling,train
https://doi.org/10.1007/s00382-016-3066-y,Intensity–area–duration analysis of droughts in China 1960–2013,2016,Climate Dynamics,climate-variability-change;extremes;hydrometeorology,numerical_modeling,train
https://doi.org/10.1007/s00382-016-3071-1,Evaluation of current and projected Antarctic precipitation in CMIP5 models,2016,Climate Dynamics,dynamics-weather-systems;cloud-precipitation-microphysics;observations-instruments;climate-variability-change;earth-system-models,observation;numerical_modeling,development
https://doi.org/10.1007/s00382-016-3083-x,Scaling precipitation extremes with temperature in the Mediterranean: past climate assessment and projection in anthropogenic scenarios,2016,Climate Dynamics,dynamics-weather-systems;cloud-precipitation-microphysics;climate-variability-change;extremes,numerical_modeling;review_synthesis,development
https://doi.org/10.1007/s00382-016-3085-8,The dynamics of the warming hiatus over the Northern Hemisphere,2016,Climate Dynamics,dynamics-weather-systems;climate-variability-change,numerical_modeling,train
https://doi.org/10.1007/s00382-016-3110-y,Spatio-statistical analysis of temperature fluctuation using Mann–Kendall and Sen’s slope approach,2016,Climate Dynamics,dynamics-weather-systems;climate-variability-change;extremes;hydrometeorology;statistics-causal-ml,numerical_modeling;statistical_ml,development
https://doi.org/10.1007/s00382-016-3158-8,Understanding the rapid summer warming and changes in temperature extremes since the mid-1990s over Western Europe,2016,Climate Dynamics,dynamics-weather-systems;climate-variability-change;extremes,numerical_modeling,blind_test
https://doi.org/10.1007/s00382-016-3171-y,Decreasing monsoon precipitation in southwest China during the last 240 years associated with the warming of tropical ocean,2016,Climate Dynamics,dynamics-weather-systems;cloud-precipitation-microphysics;climate-variability-change,numerical_modeling,blind_test
https://doi.org/10.1007/s00382-016-3218-0,Recent trends and tele-connections among South and East Asian summer monsoons in a warming environment,2016,Climate Dynamics,dynamics-weather-systems;climate-variability-change,numerical_modeling,blind_test
https://doi.org/10.1007/s00382-016-3248-7,Urban warming in the 2013 summer heat wave in eastern China,2016,Climate Dynamics,dynamics-weather-systems;air-quality-exposure;climate-variability-change;land-atmosphere,numerical_modeling,blind_test
https://doi.org/10.1007/s00382-016-3315-0,A comparison of heat wave climatologies and trends in China based on multiple definitions,2016,Climate Dynamics,dynamics-weather-systems;air-quality-exposure;climate-variability-change,numerical_modeling,train
https://doi.org/10.1007/s00382-016-3316-z,Insights into elevation-dependent warming in the Tibetan Plateau-Himalayas from CMIP5 model simulations,2016,Climate Dynamics,dynamics-weather-systems;observations-instruments;climate-variability-change;earth-system-models,observation;numerical_modeling,train
https://doi.org/10.1007/s00382-016-3327-9,Continental-scale convection-permitting modeling of the current and future climate of North America,2016,Climate Dynamics,dynamics-weather-systems;climate-variability-change,numerical_modeling,blind_test
https://doi.org/10.1007/s00382-016-3355-5,Projection of temperature and heat waves for Africa with an ensemble of CORDEX Regional Climate Models,2016,Climate Dynamics,dynamics-weather-systems;forecasting-predictability;cloud-precipitation-microphysics;aerosols;climate-variability-change;model-evaluation-downscaling,numerical_modeling,train
https://doi.org/10.1007/s00382-016-3366-2,Impact of climate change and El Niño episodes on droughts in sub-Saharan Africa,2016,Climate Dynamics,climate-variability-change;extremes;hydrometeorology,numerical_modeling,development
https://doi.org/10.1007/s00382-016-3392-0,Impact of the quasi-biennial oscillation on predictability of the Madden–Julian oscillation,2016,Climate Dynamics,forecasting-predictability;atmospheric-chemistry;climate-variability-change,numerical_modeling,train
https://doi.org/10.1007/s00382-016-3400-4,Changes of the transitional climate zone in East Asia: past and future,2016,Climate Dynamics,observations-instruments;climate-variability-change;land-atmosphere,observation;numerical_modeling,blind_test
https://doi.org/10.1007/s00382-016-3471-2,Projected changes in surface solar radiation in CMIP5 global climate models and in EURO-CORDEX regional climate models for Europe,2016,Climate Dynamics,dynamics-weather-systems;cloud-precipitation-microphysics;atmospheric-radiation;aerosols;climate-variability-change;earth-system-models;model-evaluation-downscaling,numerical_modeling,train
https://doi.org/10.1007/s00382-016-3502-z,The role of the North Atlantic Oscillation in European climate projections,2016,Climate Dynamics,dynamics-weather-systems;climate-variability-change,numerical_modeling,train
https://doi.org/10.1007/s00382-017-3539-7,Simulation of the present-day climate with the climate model INMCM5,2017,Climate Dynamics,dynamics-weather-systems;climate-variability-change,numerical_modeling,development
https://doi.org/10.1007/s00382-017-3558-4,MJO simulation in CMIP5 climate models: MJO skill metrics and process-oriented diagnosis,2017,Climate Dynamics,dynamics-weather-systems;climate-variability-change;earth-system-models,numerical_modeling,train
https://doi.org/10.1007/s00382-017-3580-6,Multivariate quantile mapping bias correction: an N-dimensional probability density function transform for climate model simulations of multiple variables,2017,Climate Dynamics,climate-variability-change;extremes;hydrometeorology;model-evaluation-downscaling,numerical_modeling,train
https://doi.org/10.1007/s00382-017-3602-4,Extreme weather events in Iran under a changing climate,2017,Climate Dynamics,dynamics-weather-systems;climate-variability-change;extremes;hydrometeorology,numerical_modeling,blind_test
https://doi.org/10.1007/s00382-017-3603-3,Deterministic skill of ENSO predictions from the North American Multimodel Ensemble,2017,Climate Dynamics,forecasting-predictability;climate-variability-change,numerical_modeling,train
https://doi.org/10.1007/s00382-017-3620-2,European temperature responses to blocking and ridge regional patterns,2017,Climate Dynamics,dynamics-weather-systems;climate-variability-change,numerical_modeling,development
https://doi.org/10.1007/s00382-017-3623-z,Analysis of future drought characteristics in China using the regional climate model CCLM,2017,Climate Dynamics,climate-variability-change;extremes;hydrometeorology;model-evaluation-downscaling,numerical_modeling,train
https://doi.org/10.1007/s00382-017-3664-3,Quantitative Holocene climatic reconstructions for the lower Yangtze region of China,2017,Climate Dynamics,paleoclimate,unspecified,train
https://doi.org/10.1007/s00382-017-3671-4,Seasonal soil moisture and drought occurrence in Europe in CMIP5 projections for the 21st century,2017,Climate Dynamics,dynamics-weather-systems;climate-variability-change;extremes;hydrometeorology;land-atmosphere;earth-system-models,numerical_modeling,train
https://doi.org/10.1007/s00382-017-3702-1,The very strong coastal El Niño in 1925 in the far-eastern Pacific,2017,Climate Dynamics,dynamics-weather-systems;climate-variability-change,numerical_modeling,train
https://doi.org/10.1007/s00382-017-3787-6,A new mechanism for warm-season precipitation response to global warming based on convection-permitting simulations,2017,Climate Dynamics,dynamics-weather-systems;cloud-precipitation-microphysics;climate-variability-change,numerical_modeling,train
https://doi.org/10.1007/s00382-017-3799-2,Mean-state dependence of ENSO atmospheric feedbacks in climate models,2017,Climate Dynamics,atmospheric-chemistry;aerosols;climate-variability-change,numerical_modeling,train
https://doi.org/10.1007/s00382-017-3834-3,Historical forcings as main drivers of the Atlantic multidecadal variability in the CESM large ensemble,2017,Climate Dynamics,forecasting-predictability;climate-variability-change;ocean-atmosphere;earth-system-models,numerical_modeling,train
https://doi.org/10.1007/s00382-017-3901-9,"Local-scale changes in mean and heavy precipitation in Western Europe, climate change or internal variability?",2017,Climate Dynamics,cloud-precipitation-microphysics;observations-instruments;climate-variability-change;extremes,observation;numerical_modeling,train
https://doi.org/10.1007/s00382-017-3987-0,Comparison of various drought indices to monitor drought status in Pakistan,2017,Climate Dynamics,climate-variability-change;extremes;hydrometeorology,numerical_modeling,train
https://doi.org/10.1007/s00382-017-3993-2,Simulating North American mesoscale convective systems with a convection-permitting climate model,2017,Climate Dynamics,dynamics-weather-systems;cloud-precipitation-microphysics;observations-instruments;climate-variability-change,observation;numerical_modeling,development
https://doi.org/10.1007/s00382-017-3997-y,Changes in terrestrial near-surface wind speed and their possible causes: an overview,2017,Climate Dynamics,climate-variability-change,numerical_modeling,train
https://doi.org/10.1007/s00382-017-4000-7,Changes in the convective population and thermodynamic environments in convection-permitting regional climate simulations over the United States,2017,Climate Dynamics,dynamics-weather-systems;climate-variability-change;model-evaluation-downscaling,numerical_modeling,train
https://doi.org/10.1007/s00382-017-4028-8,ENSO modulation of seasonal rainfall and extremes in Indonesia,2017,Climate Dynamics,dynamics-weather-systems;cloud-precipitation-microphysics;climate-variability-change;extremes,numerical_modeling,development
https://doi.org/10.1007/s00382-018-4074-x,Impact of model resolution on simulating the water vapor transport through the central Himalayas: implication for models’ wet bias over the Tibetan Plateau,2018,Climate Dynamics,observations-instruments;climate-variability-change,observation;numerical_modeling,train
https://doi.org/10.1007/s00382-018-4094-6,"Forecasting the evolution in the mixing regime of a deep subalpine lake under climate change scenarios through numerical modelling (Lake Maggiore, Northern Italy/Southern Switzerland)",2018,Climate Dynamics,dynamics-weather-systems;forecasting-predictability;atmospheric-chemistry;climate-variability-change;ocean-atmosphere,numerical_modeling,blind_test
https://doi.org/10.1007/s00382-018-4114-6,Pan-European climate at convection-permitting scale: a model intercomparison study,2018,Climate Dynamics,dynamics-weather-systems;climate-variability-change;extremes;hydrometeorology;quality-control-uncertainty,numerical_modeling,train
https://doi.org/10.1007/s00382-018-4124-4,Mean and extreme temperatures in a warming climate: EURO CORDEX and WRF regional climate high-resolution projections for Portugal,2018,Climate Dynamics,dynamics-weather-systems;numerical-weather-prediction;climate-variability-change;extremes;model-evaluation-downscaling,numerical_modeling,train
https://doi.org/10.1007/s00382-018-4132-4,Impacts of internal variability on temperature and precipitation trends in large ensemble simulations by two climate models,2018,Climate Dynamics,forecasting-predictability;cloud-precipitation-microphysics;climate-variability-change;extremes;hydrometeorology,numerical_modeling,blind_test
https://doi.org/10.1007/s00382-018-4136-0,On the relationship between ENSO and tropical cyclones in the western North Pacific during the boreal summer,2018,Climate Dynamics,dynamics-weather-systems;remote-sensing-retrieval;climate-variability-change,remote_sensing;numerical_modeling,train
https://doi.org/10.1007/s00382-018-4157-8,Response of a comprehensive climate model to a broad range of external forcings: relevance for deep ocean ventilation and the development of late Cenozoic ice ages,2018,Climate Dynamics,atmospheric-chemistry;climate-variability-change,numerical_modeling,train
https://doi.org/10.1007/s00382-018-4175-6,Variability of East Asian summer monsoon precipitation during the Holocene and possible forcing mechanisms,2018,Climate Dynamics,dynamics-weather-systems;cloud-precipitation-microphysics;paleoclimate,unspecified,train
https://doi.org/10.1007/s00382-018-4193-4,Evaluation of precipitation extremes over the Asian domain: observation and modelling studies,2018,Climate Dynamics,cloud-precipitation-microphysics;observations-instruments;climate-variability-change;extremes,observation;numerical_modeling,train
https://doi.org/10.1007/s00382-018-4239-7,"Future changes in rainfall associated with ENSO, IOD and changes in the mean state over Eastern Africa",2018,Climate Dynamics,dynamics-weather-systems;cloud-precipitation-microphysics;climate-variability-change,numerical_modeling,train
https://doi.org/10.1007/s00382-018-4242-z,An assessment of ten ocean reanalyses in the polar regions,2018,Climate Dynamics,dynamics-weather-systems;observations-instruments;climate-variability-change,observation;numerical_modeling;review_synthesis,train
https://doi.org/10.1007/s00382-018-4252-x,Rainfall prediction methodology with binary multilayer perceptron neural networks,2018,Climate Dynamics,forecasting-predictability;cloud-precipitation-microphysics;observations-instruments;hydrometeorology;statistics-causal-ml,statistical_ml,train
https://doi.org/10.1007/s00382-018-4287-z,Elevation-dependent warming in global climate model simulations at high spatial resolution,2018,Climate Dynamics,observations-instruments;climate-variability-change,observation;numerical_modeling,development
https://doi.org/10.1007/s00382-018-4289-x,Benefits of explicit urban parameterization in regional climate modeling to study climate and city interactions,2018,Climate Dynamics,remote-sensing-retrieval;land-atmosphere;model-evaluation-downscaling,remote_sensing;numerical_modeling,train
https://doi.org/10.1007/s00382-018-4296-y,Disentangling the impact of nutrient load and climate changes on Baltic Sea hypoxia and eutrophication since 1850,2018,Climate Dynamics,dynamics-weather-systems;climate-variability-change;ocean-atmosphere,unspecified,train
https://doi.org/10.1007/s00382-018-4322-0,Amplifying effect of ENSO on heat waves in China,2018,Climate Dynamics,dynamics-weather-systems;climate-variability-change,numerical_modeling,train
https://doi.org/10.1007/s00382-018-4329-6,Global diurnal temperature range (DTR) changes since 1901,2018,Climate Dynamics,climate-variability-change;land-atmosphere,numerical_modeling,train
https://doi.org/10.1007/s00382-018-4330-0,Baltic Sea ecosystem response to various nutrient load scenarios in present and future climates,2018,Climate Dynamics,climate-variability-change;ocean-atmosphere,numerical_modeling,blind_test
https://doi.org/10.1007/s00382-018-4430-x,Global modeling of tropical cyclone storm surges using high-resolution forecasts,2018,Climate Dynamics,dynamics-weather-systems;forecasting-predictability;remote-sensing-retrieval;ocean-atmosphere,remote_sensing;numerical_modeling,train
https://doi.org/10.1007/s00382-018-4457-z,Global precipitation hindcast quality assessment of the Subseasonal to Seasonal (S2S) prediction project models,2018,Climate Dynamics,dynamics-weather-systems;forecasting-predictability;cloud-precipitation-microphysics;climate-variability-change,numerical_modeling;review_synthesis,train
https://doi.org/10.1007/s00382-018-4462-2,Contrasting North–South changes in Amazon wet-day and dry-day frequency and related atmospheric features (1981–2017),2018,Climate Dynamics,dynamics-weather-systems;cloud-precipitation-microphysics;aerosols;climate-variability-change,numerical_modeling,train
https://doi.org/10.1007/s00382-018-4521-8,A first-of-its-kind multi-model convection permitting ensemble for investigating convective phenomena over Europe and the Mediterranean,2018,Climate Dynamics,dynamics-weather-systems;forecasting-predictability;observations-instruments;climate-variability-change,observation;numerical_modeling,train
https://doi.org/10.1007/s00382-019-04661-z,Future evolution of Marine Heatwaves in the Mediterranean Sea,2019,Climate Dynamics,dynamics-weather-systems;climate-variability-change;extremes;ocean-atmosphere,numerical_modeling,train
https://doi.org/10.1007/s00382-019-04698-0,Impacts of recent decadal changes in Asian aerosols on the East Asian summer monsoon: roles of aerosol–radiation and aerosol–cloud interactions,2019,Climate Dynamics,dynamics-weather-systems;cloud-precipitation-microphysics;atmospheric-radiation;atmospheric-chemistry;aerosols;climate-variability-change,numerical_modeling,train
https://doi.org/10.1007/s00382-019-04700-9,Future projections of heat waves over India from CMIP5 models,2019,Climate Dynamics,dynamics-weather-systems;air-quality-exposure;climate-variability-change;earth-system-models,numerical_modeling,train
https://doi.org/10.1007/s00382-019-04707-2,Mean warming not variability drives marine heatwave trends,2019,Climate Dynamics,dynamics-weather-systems;climate-variability-change;extremes;ocean-atmosphere,numerical_modeling,train
https://doi.org/10.1007/s00382-019-04900-3,"What can we know about future precipitation in Africa? Robustness, significance and added value of projections from a large ensemble of regional climate models",2019,Climate Dynamics,forecasting-predictability;cloud-precipitation-microphysics;climate-variability-change;model-evaluation-downscaling,numerical_modeling,train
https://doi.org/10.1007/s00382-019-04913-y,"Tropical cyclone sensitivities to CO2 doubling: roles of atmospheric resolution, synoptic variability and background climate changes",2019,Climate Dynamics,dynamics-weather-systems;climate-variability-change,numerical_modeling,blind_test
https://doi.org/10.1007/s00382-019-04919-6,The role of latent heating in atmospheric blocking dynamics: a global climatology,2019,Climate Dynamics,dynamics-weather-systems;atmospheric-chemistry;climate-variability-change,numerical_modeling,development
https://doi.org/10.1007/s00382-019-04930-x,Three-ocean interactions and climate variability: a review and perspective,2019,Climate Dynamics,climate-variability-change;ocean-atmosphere,numerical_modeling;review_synthesis,train
https://doi.org/10.1007/s00382-019-04954-3,Synergistic effects of synoptic weather patterns and topography on air quality: a case of the Sichuan Basin of China,2019,Climate Dynamics,cloud-precipitation-microphysics;atmospheric-chemistry;aerosols;air-quality-exposure,unspecified,train
https://doi.org/10.1007/s00382-019-05044-0,Advancing global storm surge modelling using the new ERA5 climate reanalysis,2019,Climate Dynamics,dynamics-weather-systems;remote-sensing-retrieval;climate-variability-change,remote_sensing;numerical_modeling;reanalysis,train
https://doi.org/10.1007/s00382-019-05105-4,Evolution of Mediterranean Sea water properties under climate change scenarios in the Med-CORDEX ensemble,2020,Climate Dynamics,forecasting-predictability;climate-variability-change;ocean-atmosphere,numerical_modeling,train
https://doi.org/10.1007/s00382-020-05123-7,The 2018 Kerala floods: a climate change perspective,2020,Climate Dynamics,climate-variability-change;extremes;hydrometeorology,numerical_modeling;review_synthesis,train
https://doi.org/10.1007/s00382-020-05153-1,Large discrepancies in summer climate change over Europe as projected by global and regional climate models: causes and consequences,2020,Climate Dynamics,dynamics-weather-systems;climate-variability-change;model-evaluation-downscaling,numerical_modeling,train
https://doi.org/10.1007/s00382-020-05155-z,Impact of PDO and AMO on interdecadal variability in extreme high temperatures in North China over the most recent 40-year period,2020,Climate Dynamics,observations-instruments;climate-variability-change;extremes,observation;numerical_modeling,train
https://doi.org/10.1007/s00382-020-05167-9,"Climatology of thunderstorms, convective rainfall and dry lightning environments in Australia",2020,Climate Dynamics,dynamics-weather-systems;cloud-precipitation-microphysics,unspecified,blind_test
https://doi.org/10.1007/s00382-020-05181-x,Simulation of summer precipitation diurnal cycles over the Tibetan Plateau at the gray-zone grid spacing for cumulus parameterization,2020,Climate Dynamics,cloud-precipitation-microphysics;observations-instruments;climate-variability-change;model-evaluation-downscaling,observation;numerical_modeling,train
https://doi.org/10.1007/s00382-020-05223-4,Effects of Amazon basin deforestation on regional atmospheric circulation and water vapor transport towards tropical South America,2020,Climate Dynamics,dynamics-weather-systems;climate-variability-change,observation;numerical_modeling,train
https://doi.org/10.1007/s00382-020-05231-4,Climate change projections of temperature and precipitation in Chile based on statistical downscaling,2020,Climate Dynamics,cloud-precipitation-microphysics;observations-instruments;climate-variability-change;model-evaluation-downscaling;statistics-causal-ml,observation;numerical_modeling;statistical_ml,train
https://doi.org/10.1007/s00382-020-05282-7,The global energy balance as represented in CMIP6 climate models,2020,Climate Dynamics,dynamics-weather-systems;climate-variability-change;earth-system-models,numerical_modeling,train
https://doi.org/10.1007/s00382-020-05322-2,Projected future changes in rainfall in Southeast Asia based on CORDEX–SEA multi-model simulations,2020,Climate Dynamics,cloud-precipitation-microphysics;observations-instruments;climate-variability-change,observation;numerical_modeling,development
https://doi.org/10.1007/s00382-020-05333-z,Assessing current and future trends of climate extremes across Brazil based on reanalyses and earth system model projections,2020,Climate Dynamics,dynamics-weather-systems;climate-variability-change;extremes;earth-system-models,numerical_modeling,train
https://doi.org/10.1007/s00382-020-05377-1,Current and future potential of solar and wind energy over Africa using the RegCM4 CORDEX-CORE ensemble,2020,Climate Dynamics,forecasting-predictability;atmospheric-radiation;climate-variability-change,numerical_modeling,train
https://doi.org/10.1007/s00382-020-05409-w,"An overview of the performance of CMIP6 models in the tropical Atlantic: mean state, variability, and remote impacts",2020,Climate Dynamics,climate-variability-change;earth-system-models,numerical_modeling,train
https://doi.org/10.1007/s00382-020-05413-0,Drought in the Eastern Cape region of South Africa and trends in rainfall characteristics,2020,Climate Dynamics,cloud-precipitation-microphysics;climate-variability-change;extremes;hydrometeorology,numerical_modeling,train
https://doi.org/10.1007/s00382-020-05447-4,Bias correction of temperature and precipitation over China for RCM simulations using the QM and QDM methods,2020,Climate Dynamics,cloud-precipitation-microphysics;climate-variability-change;hydrometeorology;model-evaluation-downscaling,numerical_modeling,train
https://doi.org/10.1007/s00382-021-05640-z,"Climate hazard indices projections based on CORDEX-CORE, CMIP5 and CMIP6 ensemble",2021,Climate Dynamics,dynamics-weather-systems;forecasting-predictability;climate-variability-change;earth-system-models,numerical_modeling,development
https://doi.org/10.1007/s00382-021-05653-8,Added value of kilometer-scale modeling over the third pole region: a CORDEX-CPTP pilot study,2021,Climate Dynamics,observations-instruments;climate-variability-change,observation;numerical_modeling,blind_test
https://doi.org/10.1007/s00382-021-05657-4,The first multi-model ensemble of regional climate simulations at kilometer-scale resolution part 2: historical and future simulations of precipitation,2021,Climate Dynamics,forecasting-predictability;cloud-precipitation-microphysics;observations-instruments;climate-variability-change;model-evaluation-downscaling,observation;numerical_modeling,blind_test
https://doi.org/10.1007/s00382-021-05673-4,Uncertainty of ENSO-amplitude projections in CMIP5 and CMIP6 models,2021,Climate Dynamics,climate-variability-change;earth-system-models;quality-control-uncertainty,numerical_modeling,blind_test
https://doi.org/10.1007/s00382-021-05691-2,"Temperature dataset of CMIP6 models over China: evaluation, trend and uncertainty",2021,Climate Dynamics,dynamics-weather-systems;climate-variability-change;earth-system-models;quality-control-uncertainty,numerical_modeling,development
https://doi.org/10.1007/s00382-021-05708-w,"The first multi-model ensemble of regional climate simulations at kilometer-scale resolution, part I: evaluation of precipitation",2021,Climate Dynamics,dynamics-weather-systems;forecasting-predictability;cloud-precipitation-microphysics;climate-variability-change;model-evaluation-downscaling,numerical_modeling,train
https://doi.org/10.1007/s00382-021-05773-1,Evaluation of extreme precipitation over Asia in CMIP6 models,2021,Climate Dynamics,dynamics-weather-systems;cloud-precipitation-microphysics;climate-variability-change;extremes;earth-system-models,numerical_modeling,train
https://doi.org/10.1007/s00382-021-05859-w,"Projected future daily characteristics of African precipitation based on global (CMIP5, CMIP6) and regional (CORDEX, CORDEX-CORE) climate models",2021,Climate Dynamics,cloud-precipitation-microphysics;climate-variability-change;extremes;hydrometeorology;earth-system-models,numerical_modeling,development
https://doi.org/10.1007/s00382-021-05880-z,Changing status of tropical cyclones over the north Indian Ocean,2021,Climate Dynamics,dynamics-weather-systems;remote-sensing-retrieval;climate-variability-change,remote_sensing;numerical_modeling,train
https://doi.org/10.1007/s00382-022-06303-3,21st Century alpine climate change,2022,Climate Dynamics,observations-instruments;climate-variability-change,observation;numerical_modeling,train
https://doi.org/10.1007/s00382-024-07319-7,Response of streamflow and sediment variability to cascade dam development and climate change in the Sai Gon Dong Nai River basin,2024,Climate Dynamics,forecasting-predictability;climate-variability-change;extremes;hydrometeorology,review_synthesis,train
https://doi.org/10.1007/s00704-015-1718-1,Projection of heat waves over China for eight different global warming targets using 12 CMIP5 models,2016,Theoretical and Applied Climatology,dynamics-weather-systems;climate-variability-change;earth-system-models,numerical_modeling,blind_test
https://doi.org/10.1007/s00704-015-1721-6,Ranking of CMIP5-based global climate models for India using compromise programming,2016,Theoretical and Applied Climatology,climate-variability-change;earth-system-models,numerical_modeling,train
https://doi.org/10.1007/s00704-016-1735-8,Application of soft computing based hybrid models in hydrological variables modeling: a comprehensive review,2016,Theoretical and Applied Climatology,forecasting-predictability;hydrometeorology,numerical_modeling;review_synthesis,development
https://doi.org/10.1007/s00704-016-1747-4,"Streamflow trend analysis by considering autocorrelation structure, long-term persistence, and Hurst coefficient in a semi-arid region of Iran",2016,Theoretical and Applied Climatology,climate-variability-change;extremes;hydrometeorology,numerical_modeling,train
https://doi.org/10.1007/s00704-016-1801-2,Impacts of four northern-hemisphere teleconnection patterns on atmospheric circulations over Eurasia and the Pacific,2016,Theoretical and Applied Climatology,dynamics-weather-systems;climate-variability-change,numerical_modeling,train
https://doi.org/10.1007/s00704-016-1804-z,"Long-term trend and variability of precipitation in Chhattisgarh State, India",2016,Theoretical and Applied Climatology,cloud-precipitation-microphysics;observations-instruments;climate-variability-change;extremes;hydrometeorology,observation;numerical_modeling,train
https://doi.org/10.1007/s00704-016-1810-1,"Soil temperature modeling at different depths using neuro-fuzzy, neural network, and genetic programming techniques",2016,Theoretical and Applied Climatology,forecasting-predictability;remote-sensing-retrieval;observations-instruments;hydrometeorology;land-atmosphere;statistics-causal-ml,remote_sensing;numerical_modeling;statistical_ml,blind_test
https://doi.org/10.1007/s00704-016-1840-8,"Drought in Northeast Brazil—past, present, and future",2016,Theoretical and Applied Climatology,climate-variability-change;extremes;hydrometeorology,numerical_modeling,train
https://doi.org/10.1007/s00704-016-1858-y,Carbon dioxide seasonality in dynamically ventilated caves: the role of advective fluxes,2016,Theoretical and Applied Climatology,unclassified,unspecified,train
https://doi.org/10.1007/s00704-016-1860-4,Impact of absorbing aerosol deposition on snow albedo reduction over the southern Tibetan plateau based on satellite observations,2016,Theoretical and Applied Climatology,cloud-precipitation-microphysics;atmospheric-radiation;atmospheric-chemistry;aerosols;remote-sensing-retrieval;observations-instruments,observation;remote_sensing,train
https://doi.org/10.1007/s00704-016-1864-0,"Arctic warming, moisture increase and circulation changes observed in the Ny-Ålesund homogenized radiosonde record",2016,Theoretical and Applied Climatology,dynamics-weather-systems;observations-instruments;climate-variability-change,observation,train
https://doi.org/10.1007/s00704-016-1865-z,Climatology and trend analysis of extreme precipitation in subregions of Northeast Brazil,2016,Theoretical and Applied Climatology,cloud-precipitation-microphysics;observations-instruments;climate-variability-change;extremes;hydrometeorology,observation;numerical_modeling,train
https://doi.org/10.1007/s00704-016-1870-2,Comparison of SPI and SPEI applicability for drought impact assessment on crop production in the Danubian Lowland and the East Slovakian Lowland,2016,Theoretical and Applied Climatology,climate-variability-change;extremes;hydrometeorology,numerical_modeling;review_synthesis,train
https://doi.org/10.1007/s00704-016-1881-z,"Analysis of changes in the magnitude, frequency, and seasonality of heavy precipitation over the contiguous USA",2016,Theoretical and Applied Climatology,cloud-precipitation-microphysics;climate-variability-change;extremes;hydrometeorology,numerical_modeling,train
https://doi.org/10.1007/s00704-016-1914-7,Comparison of artificial intelligence techniques for prediction of soil temperatures in Turkey,2016,Theoretical and Applied Climatology,forecasting-predictability;remote-sensing-retrieval;hydrometeorology;land-atmosphere;statistics-causal-ml,remote_sensing,blind_test
https://doi.org/10.1007/s00704-016-1919-2,"Landslide susceptibility modeling in a landslide prone area in Mazandarn Province, north of Iran: a comparison between GLM, GAM, MARS, and M-AHP methods",2016,Theoretical and Applied Climatology,extremes;land-atmosphere,numerical_modeling;review_synthesis,development
https://doi.org/10.1007/s00704-016-1931-6,Climate change impacts and potential benefits of heat-tolerant maize in South Asia,2016,Theoretical and Applied Climatology,climate-variability-change,unspecified,train
https://doi.org/10.1007/s00704-016-1960-1,Regional climate assessment of precipitation and temperature in Southern Punjab (Pakistan) using SimCLIM climate model for different temporal scales,2016,Theoretical and Applied Climatology,cloud-precipitation-microphysics;air-quality-exposure;climate-variability-change;model-evaluation-downscaling,numerical_modeling;review_synthesis,train
https://doi.org/10.1007/s00704-016-1971-y,Evaluating the performance of ENVI-met model in diurnal cycles for different meteorological conditions,2016,Theoretical and Applied Climatology,land-atmosphere,numerical_modeling,blind_test
https://doi.org/10.1007/s00704-016-1973-9,"Variability of extreme weather events over the equatorial East Africa, a case study of rainfall in Kenya and Uganda",2016,Theoretical and Applied Climatology,cloud-precipitation-microphysics;climate-variability-change;extremes;hydrometeorology,numerical_modeling,train
https://doi.org/10.1007/s00704-016-1989-1,"Climate change over Leh (Ladakh), India",2016,Theoretical and Applied Climatology,observations-instruments;climate-variability-change,observation;numerical_modeling,train
https://doi.org/10.1007/s00704-016-2022-4,A comparison between ten advanced and soft computing models for groundwater qanat potential assessment in Iran using R and GIS,2017,Theoretical and Applied Climatology,hydrometeorology,numerical_modeling;review_synthesis,train
https://doi.org/10.1007/s00704-016-2027-z,"Performance of CMORPH, TMPA, and PERSIANN rainfall datasets over plain, mountainous, and glacial regions of Pakistan",2017,Theoretical and Applied Climatology,cloud-precipitation-microphysics;remote-sensing-retrieval;observations-instruments;hydrometeorology;land-atmosphere,observation;remote_sensing;numerical_modeling,train
https://doi.org/10.1007/s00704-016-2031-3,Climate change scenarios of heat waves in Central Europe and their uncertainties,2017,Theoretical and Applied Climatology,dynamics-weather-systems;climate-variability-change,numerical_modeling,train
https://doi.org/10.1007/s00704-017-2050-8,Joint atmospheric-terrestrial water balances for East Africa: a WRF-Hydro case study for the upper Tana River basin,2017,Theoretical and Applied Climatology,numerical-weather-prediction;climate-variability-change;hydrometeorology,numerical_modeling,train
https://doi.org/10.1007/s00704-017-2058-0,"Response of vegetation NDVI to climatic extremes in the arid region of Central Asia: a case study in Xinjiang, China",2017,Theoretical and Applied Climatology,dynamics-weather-systems;remote-sensing-retrieval;climate-variability-change;extremes;land-atmosphere,remote_sensing,train
https://doi.org/10.1007/s00704-017-2061-5,Compound summer temperature and precipitation extremes over central Europe,2017,Theoretical and Applied Climatology,dynamics-weather-systems;cloud-precipitation-microphysics;climate-variability-change;extremes,numerical_modeling,train
https://doi.org/10.1007/s00704-017-2067-z,Climate change projections over three metropolitan regions in Southeast Brazil using the non-hydrostatic Eta regional climate model at 5-km resolution,2017,Theoretical and Applied Climatology,atmospheric-chemistry;aerosols;climate-variability-change;model-evaluation-downscaling,numerical_modeling,train
https://doi.org/10.1007/s00704-017-2076-y,Development of heat and drought related extreme weather events and their effect on winter wheat yields in Germany,2017,Theoretical and Applied Climatology,dynamics-weather-systems;climate-variability-change;extremes,unspecified,train
https://doi.org/10.1007/s00704-017-2087-8,Evaluation of rainfall simulations over West Africa in dynamically downscaled CMIP5 global circulation models,2017,Theoretical and Applied Climatology,dynamics-weather-systems;cloud-precipitation-microphysics;climate-variability-change;earth-system-models;model-evaluation-downscaling,numerical_modeling,train
https://doi.org/10.1007/s00704-017-2093-x,Daily precipitation grids for Austria since 1961—development and evaluation of a spatial dataset for hydroclimatic monitoring and modelling,2017,Theoretical and Applied Climatology,cloud-precipitation-microphysics;observations-instruments;climate-variability-change,observation;numerical_modeling,development
https://doi.org/10.1007/s00704-017-2095-8,Spatio-temporal trends of rainfall across Indian river basins,2017,Theoretical and Applied Climatology,cloud-precipitation-microphysics;climate-variability-change;extremes;hydrometeorology,numerical_modeling,train
https://doi.org/10.1007/s00704-017-2156-z,Climate change impact on climate suitability for wine production in Romania,2017,Theoretical and Applied Climatology,aerosols;observations-instruments;climate-variability-change,unspecified,train
https://doi.org/10.1007/s00704-017-2158-x,Modified physiologically equivalent temperature—basics and applications for western European climate,2017,Theoretical and Applied Climatology,air-quality-exposure;climate-variability-change;land-atmosphere,unspecified,train
https://doi.org/10.1007/s00704-017-2160-3,Responses of urban heat island in Atlanta to different land-use scenarios,2017,Theoretical and Applied Climatology,air-quality-exposure;land-atmosphere,unspecified,development
https://doi.org/10.1007/s00704-017-2179-5,Trend of annual temperature and frequency of extreme events in the MATOPIBA region of Brazil,2017,Theoretical and Applied Climatology,extremes,unspecified,development
https://doi.org/10.1007/s00704-017-2186-6,A data-driven SVR model for long-term runoff prediction and uncertainty analysis based on the Bayesian framework,2017,Theoretical and Applied Climatology,forecasting-predictability;extremes;hydrometeorology;quality-control-uncertainty,numerical_modeling;review_synthesis,train
https://doi.org/10.1007/s00704-017-2197-3,Assessment of surface urban heat island across China’s three main urban agglomerations,2017,Theoretical and Applied Climatology,remote-sensing-retrieval;land-atmosphere,remote_sensing;review_synthesis,train
https://doi.org/10.1007/s00704-017-2241-3,The microscale cooling effects of water sensitive urban design and irrigation in a suburban environment,2017,Theoretical and Applied Climatology,dynamics-weather-systems;land-atmosphere,unspecified,blind_test
https://doi.org/10.1007/s00704-017-2244-0,Pan evaporation prediction using a hybrid multilayer perceptron-firefly algorithm (MLP-FFA) model: case study in North Iran,2017,Theoretical and Applied Climatology,forecasting-predictability;cloud-precipitation-microphysics;observations-instruments;hydrometeorology,observation;numerical_modeling,train
https://doi.org/10.1007/s00704-017-2269-4,"Understanding the impacts of climate change and human activities on streamflow: a case study of the Soan River basin, Pakistan",2017,Theoretical and Applied Climatology,climate-variability-change;extremes;hydrometeorology,review_synthesis,development
https://doi.org/10.1007/s00704-017-2333-0,"Observed rainfall trends and precipitation uncertainty in the vicinity of the Mediterranean, Middle East and North Africa",2017,Theoretical and Applied Climatology,cloud-precipitation-microphysics;observations-instruments;climate-variability-change;extremes;hydrometeorology;quality-control-uncertainty,observation;numerical_modeling,train
https://doi.org/10.1007/s00704-017-2337-9,"Observed soil temperature trends associated with climate change in the Tibetan Plateau, 1960–2014",2018,Theoretical and Applied Climatology,observations-instruments;climate-variability-change;land-atmosphere,observation,train
https://doi.org/10.1007/s00704-017-2340-1,Spatio-temporal variability and trends of precipitation and extreme rainfall events in Ethiopia in 1980–2010,2017,Theoretical and Applied Climatology,cloud-precipitation-microphysics;climate-variability-change;extremes;hydrometeorology,numerical_modeling,train
https://doi.org/10.1007/s00704-017-2359-3,Quantifying the sources of uncertainty in an ensemble of hydrological climate-impact projections,2018,Theoretical and Applied Climatology,forecasting-predictability;extremes;hydrometeorology;quality-control-uncertainty,numerical_modeling;review_synthesis,development
https://doi.org/10.1007/s00704-018-2377-9,"Temperature and Precipitation trends in Kashmir valley, North Western Himalayas",2018,Theoretical and Applied Climatology,cloud-precipitation-microphysics;observations-instruments;climate-variability-change,observation;numerical_modeling,train
https://doi.org/10.1007/s00704-018-2383-y,Assessment of different gridded weather data for soybean yield simulations in Brazil,2018,Theoretical and Applied Climatology,climate-variability-change;land-atmosphere,numerical_modeling;review_synthesis,blind_test
https://doi.org/10.1007/s00704-018-2390-z,Temperature-based modeling of reference evapotranspiration using several artificial intelligence models: application of different modeling scenarios,2018,Theoretical and Applied Climatology,dynamics-weather-systems;hydrometeorology;statistics-causal-ml,numerical_modeling,train
https://doi.org/10.1007/s00704-018-2392-x,Evaluation of CMIP5 twentieth century rainfall simulation over the equatorial East Africa,2018,Theoretical and Applied Climatology,cloud-precipitation-microphysics;climate-variability-change;extremes;hydrometeorology;earth-system-models,numerical_modeling,development
https://doi.org/10.1007/s00704-018-2395-7,Climate change impacts in Iran: assessing our current knowledge,2018,Theoretical and Applied Climatology,climate-variability-change,numerical_modeling,blind_test
https://doi.org/10.1007/s00704-018-2408-6,Variability of precipitation in Poland under climate change,2018,Theoretical and Applied Climatology,cloud-precipitation-microphysics;climate-variability-change;extremes;hydrometeorology,numerical_modeling,train
https://doi.org/10.1007/s00704-018-2412-x,"Observed changes in extremes of daily rainfall and temperature in Jemma Sub-Basin, Upper Blue Nile Basin, Ethiopia",2018,Theoretical and Applied Climatology,cloud-precipitation-microphysics;climate-variability-change;extremes;hydrometeorology,numerical_modeling,train
https://doi.org/10.1007/s00704-018-2418-4,Estimating wheat and maize daily evapotranspiration using artificial neural network,2018,Theoretical and Applied Climatology,dynamics-weather-systems;observations-instruments;hydrometeorology;statistics-causal-ml,observation;statistical_ml,train
https://doi.org/10.1007/s00704-018-2419-3,The potential of a modified physiologically equivalent temperature (mPET) based on local thermal comfort perception in hot and humid regions,2018,Theoretical and Applied Climatology,land-atmosphere,unspecified,train
https://doi.org/10.1007/s00704-018-2451-3,Drought characterisation based on an agriculture-oriented standardised precipitation index,2018,Theoretical and Applied Climatology,cloud-precipitation-microphysics;climate-variability-change;extremes;hydrometeorology,numerical_modeling,train
https://doi.org/10.1007/s00704-018-2456-y,Performance of the general circulation models in simulating temperature and precipitation over Iran,2018,Theoretical and Applied Climatology,dynamics-weather-systems;cloud-precipitation-microphysics;climate-variability-change;extremes;hydrometeorology,numerical_modeling,train
https://doi.org/10.1007/s00704-018-2498-1,Unidirectional trends in annual and seasonal climate and extremes in Egypt,2018,Theoretical and Applied Climatology,dynamics-weather-systems;climate-variability-change;extremes;hydrometeorology,numerical_modeling,development
https://doi.org/10.1007/s00704-018-2507-4,Exploring the future change space for fire weather in southeast Australia,2018,Theoretical and Applied Climatology,climate-variability-change,numerical_modeling,train
https://doi.org/10.1007/s00704-018-2520-7,Spatial distribution of unidirectional trends in temperature and temperature extremes in Pakistan,2018,Theoretical and Applied Climatology,dynamics-weather-systems;climate-variability-change;extremes,numerical_modeling,train
https://doi.org/10.1007/s00704-018-2554-x,Heat-related mortality during hot summers in Polish cities,2018,Theoretical and Applied Climatology,air-quality-exposure;climate-variability-change,unspecified,train
https://doi.org/10.1007/s00704-018-2567-5,Oasis microclimate effects under different weather events in arid or hyper arid regions: a case analysis in southern Taklimakan desert and implication for maintaining oasis sustainability,2018,Theoretical and Applied Climatology,land-atmosphere,unspecified,development
https://doi.org/10.1007/s00704-018-2576-4,"Clustered ANFIS network using fuzzy c-means, subtractive clustering, and grid partitioning for hourly solar radiation forecasting",2018,Theoretical and Applied Climatology,forecasting-predictability;atmospheric-radiation;observations-instruments,unspecified,train
https://doi.org/10.1007/s00704-018-2599-x,Is the urban heat island exacerbated during heatwaves in southern Australian cities?,2018,Theoretical and Applied Climatology,dynamics-weather-systems;remote-sensing-retrieval;extremes;land-atmosphere,remote_sensing,train
https://doi.org/10.1007/s00704-018-2613-3,Intercomparison of machine learning methods for statistical downscaling: the case of daily and extreme precipitation,2018,Theoretical and Applied Climatology,cloud-precipitation-microphysics;climate-variability-change;extremes;hydrometeorology;model-evaluation-downscaling;statistics-causal-ml;quality-control-uncertainty,numerical_modeling;statistical_ml,train
https://doi.org/10.1007/s00704-018-2625-z,Modelling climate change effects on Zagros forests in Iran using individual and ensemble forecasting approaches,2018,Theoretical and Applied Climatology,forecasting-predictability;remote-sensing-retrieval;climate-variability-change,remote_sensing;numerical_modeling,train
https://doi.org/10.1007/s00704-018-2628-9,A novel ensemble modeling approach for the spatial prediction of tropical forest fire susceptibility using LogitBoost machine learning classifier and multi-source geospatial data,2018,Theoretical and Applied Climatology,forecasting-predictability;extremes;statistics-causal-ml,numerical_modeling;statistical_ml;review_synthesis,blind_test
https://doi.org/10.1007/s00704-018-2666-3,A comparison between the application of empirical and ANN methods for estimation of daily global solar radiation in Iran,2018,Theoretical and Applied Climatology,atmospheric-radiation,unspecified,train
https://doi.org/10.1007/s00704-018-2686-z,ANN-based statistical downscaling of climatic parameters using decision tree predictor screening method,2018,Theoretical and Applied Climatology,forecasting-predictability;climate-variability-change;hydrometeorology;model-evaluation-downscaling;statistics-causal-ml,numerical_modeling;statistical_ml,train
https://doi.org/10.1007/s00704-018-2693-0,Future projection of droughts over major river basins in Southern Africa at specific global warming levels,2018,Theoretical and Applied Climatology,climate-variability-change;extremes;hydrometeorology,numerical_modeling,train
https://doi.org/10.1007/s00704-018-2705-0,Multifractal characterization and comparison of meteorological time series from two climatic zones,2018,Theoretical and Applied Climatology,dynamics-weather-systems,unspecified,blind_test
https://doi.org/10.1007/s00704-018-2712-1,Long-term spatial-temporal trends and variability of rainfall over Eastern and Southern Africa,2018,Theoretical and Applied Climatology,cloud-precipitation-microphysics;observations-instruments;climate-variability-change;extremes;hydrometeorology,observation;numerical_modeling,blind_test
https://doi.org/10.1007/s00704-019-02818-8,Assessing recent impacts of climate change on design water requirement of Boro rice season in Bangladesh,2019,Theoretical and Applied Climatology,climate-variability-change;extremes;hydrometeorology,unspecified,blind_test
https://doi.org/10.1007/s00704-019-02879-9,Trend analysis of significant wave height and energy period in southern Italy,2019,Theoretical and Applied Climatology,dynamics-weather-systems;remote-sensing-retrieval,remote_sensing,blind_test
https://doi.org/10.1007/s00704-019-02905-w,"Long-term monthly average temperature forecasting in some climate types of Iran, using the models SARIMA, SVR, and SVR-FA",2019,Theoretical and Applied Climatology,forecasting-predictability;climate-variability-change;hydrometeorology,numerical_modeling,train
https://doi.org/10.1007/s00704-019-02965-y,Possible impact of climate change on apple yield in Northwest China,2019,Theoretical and Applied Climatology,climate-variability-change,unspecified,development
https://doi.org/10.1007/s00704-019-02979-6,A strategy to assess the uncertainty of a climate change impact on extreme hydrological events in the semi-arid Dehbar catchment in Iran,2019,Theoretical and Applied Climatology,climate-variability-change;extremes;hydrometeorology;quality-control-uncertainty,numerical_modeling,train
https://doi.org/10.1007/s00704-019-02988-5,Evaluation of rainfall trends in the South Island of New Zealand through the innovative trend analysis (ITA),2019,Theoretical and Applied Climatology,cloud-precipitation-microphysics;observations-instruments;climate-variability-change,observation;numerical_modeling,train
https://doi.org/10.1007/s00704-019-02989-4,Climatological characteristics of Bay of Bengal tropical cyclones: 1972–2017,2019,Theoretical and Applied Climatology,dynamics-weather-systems;remote-sensing-retrieval;climate-variability-change,remote_sensing;numerical_modeling,train
https://doi.org/10.1007/s00704-019-03014-4,"Homogeneity tests and non-parametric analyses of tendencies in precipitation time series in Keszthely, Western Hungary",2019,Theoretical and Applied Climatology,cloud-precipitation-microphysics;climate-variability-change;extremes;hydrometeorology,numerical_modeling,train
https://doi.org/10.1007/s00704-019-03048-8,Estimation of soil moisture using decision tree regression,2019,Theoretical and Applied Climatology,remote-sensing-retrieval;hydrometeorology;land-atmosphere,remote_sensing;statistical_ml,train
https://doi.org/10.1007/s00704-019-03065-7,"Defining suitable areas for bioclimatic comfort for landscape planning and landscape management in Hatay, Turkey",2019,Theoretical and Applied Climatology,air-quality-exposure;land-atmosphere,unspecified,train
https://doi.org/10.1007/s00704-019-03071-9,"Identification of the trends associated with the SPI and SPEI indices across Ankara, Turkey",2019,Theoretical and Applied Climatology,climate-variability-change;extremes;hydrometeorology,numerical_modeling,train
https://doi.org/10.1007/s00704-019-03080-8,"Spatio-temporal trend analysis of rainfall using parametric and non-parametric tests: case study in Uttarakhand, India",2020,Theoretical and Applied Climatology,cloud-precipitation-microphysics;observations-instruments;climate-variability-change;extremes;hydrometeorology,observation;numerical_modeling,development
https://doi.org/10.1007/s00704-019-03085-3,Evaluating spatial patterns in precipitation trends across the Amazon basin driven by land cover and global scale forcings,2020,Theoretical and Applied Climatology,cloud-precipitation-microphysics;remote-sensing-retrieval;observations-instruments;climate-variability-change,observation;remote_sensing;numerical_modeling,train
https://doi.org/10.1007/s00704-020-03104-8,Climate change in northern Patagonia: critical decrease in water resources,2020,Theoretical and Applied Climatology,observations-instruments;climate-variability-change;hydrometeorology,observation;numerical_modeling,train
https://doi.org/10.1007/s00704-020-03142-2,A study on the water vapor transport trend and water vapor source of the Tibetan Plateau,2020,Theoretical and Applied Climatology,climate-variability-change,numerical_modeling,blind_test
https://doi.org/10.1007/s00704-020-03406-x,A comparison of CMIP6 and CMIP5 projections for precipitation to observational data: the case of Northeastern Iran,2020,Theoretical and Applied Climatology,cloud-precipitation-microphysics;observations-instruments;climate-variability-change;extremes;hydrometeorology;earth-system-models,observation;numerical_modeling,train
https://doi.org/10.1007/s00704-020-03439-2,"Integrating multicriteria decision-making analysis for a GIS-based settlement area in the district of Atakum, Samsun, Turkey",2020,Theoretical and Applied Climatology,land-atmosphere,unspecified,development
https://doi.org/10.1007/s00704-020-03448-1,"Analysing the trend of rainfall in Asir region of Saudi Arabia using the family of Mann-Kendall tests, innovative trend analysis, and detrended fluctuation analysis",2020,Theoretical and Applied Climatology,cloud-precipitation-microphysics;climate-variability-change;extremes;hydrometeorology,numerical_modeling,train
https://doi.org/10.1007/s00704-021-03524-0,"Effect of the surface temperature of surface materials on thermal comfort: a case study of Iskenderun (Hatay, Turkey)",2021,Theoretical and Applied Climatology,air-quality-exposure;land-atmosphere,unspecified,train
https://doi.org/10.1007/s00704-021-03566-4,Spatiotemporal trends in reference evapotranspiration and its driving factors in Bangladesh,2021,Theoretical and Applied Climatology,dynamics-weather-systems;atmospheric-radiation;hydrometeorology,unspecified,train
https://doi.org/10.1007/s00704-021-03625-w,Spatiotemporal change and attribution of potential evapotranspiration over China from 1901 to 2100,2021,Theoretical and Applied Climatology,dynamics-weather-systems;climate-variability-change;hydrometeorology,numerical_modeling,train
https://doi.org/10.1007/s00704-021-03635-8,Impact of climate change on the staple food crops yield in Ethiopia: implications for food security,2021,Theoretical and Applied Climatology,climate-variability-change,unspecified,development
https://doi.org/10.1007/s00704-021-03691-0,Comparison of CMIP6 and CMIP5 model performance in simulating historical precipitation and temperature in Bangladesh: a preliminary study,2021,Theoretical and Applied Climatology,cloud-precipitation-microphysics;climate-variability-change;earth-system-models,numerical_modeling,blind_test
https://doi.org/10.1007/s00704-021-03746-2,Performance evaluation of CMIP6 global climate models for selecting models for climate projection over Nigeria,2021,Theoretical and Applied Climatology,climate-variability-change;extremes;hydrometeorology;earth-system-models,numerical_modeling,development
https://doi.org/10.1007/s00704-021-03807-6,Impact of future climate change on malaria in West Africa,2021,Theoretical and Applied Climatology,air-quality-exposure;climate-variability-change,numerical_modeling,blind_test
https://doi.org/10.1007/s00704-021-03874-9,Determining the relationships between climatic elements and thermal comfort and tourism activities using the tourism climate index for urban planning: a case study of Izmir Province,2021,Theoretical and Applied Climatology,land-atmosphere,unspecified,blind_test
https://doi.org/10.1007/s00704-022-03992-y,"Climate of Iran according to Köppen-Geiger, Feddema, and UNEP climate classifications",2022,Theoretical and Applied Climatology,dynamics-weather-systems;climate-variability-change,numerical_modeling,train
https://doi.org/10.1007/s00704-022-04166-6,Evaluation of energy extraction of PV systems affected by environmental factors under real outdoor conditions,2022,Theoretical and Applied Climatology,atmospheric-radiation,unspecified,blind_test
https://doi.org/10.1007/s00704-022-04179-1,Identifying the suitable habitats for Anatolian boxwood (Buxus sempervirens L.) for the future regarding the climate change,2022,Theoretical and Applied Climatology,climate-variability-change,unspecified,train
https://doi.org/10.1007/s10546-015-0124-7,Stable Stratification Effects on Flow and Pollutant Dispersion in Boundary Layers Entering a Generic Urban Environment,2016,Boundary-Layer Meteorology,boundary-layer-turbulence;land-atmosphere,unspecified,train
https://doi.org/10.1007/s10546-016-0127-z,Turbulent Inflow Precursor Method with Time-Varying Direction for Large-Eddy Simulations and Applications to Wind Farms,2016,Boundary-Layer Meteorology,dynamics-weather-systems;boundary-layer-turbulence,numerical_modeling,train
https://doi.org/10.1007/s10546-016-0129-x,Full-Scale Spectrum of Boundary-Layer Winds,2016,Boundary-Layer Meteorology,dynamics-weather-systems,numerical_modeling,development
https://doi.org/10.1007/s10546-016-0132-2,Ventilation Processes in a Three-Dimensional Street Canyon,2016,Boundary-Layer Meteorology,dynamics-weather-systems,unspecified,train
https://doi.org/10.1007/s10546-016-0134-0,The Role of Large-Coherent-Eddy Transport in the Atmospheric Surface Layer Based on CASES-99 Observations,2016,Boundary-Layer Meteorology,dynamics-weather-systems;boundary-layer-turbulence;observations-instruments,observation,train
https://doi.org/10.1007/s10546-016-0147-8,Drag and Bulk Transfer Coefficients Over Water Surfaces in Light Winds,2016,Boundary-Layer Meteorology,dynamics-weather-systems;remote-sensing-retrieval;ocean-atmosphere,remote_sensing,development
https://doi.org/10.1007/s10546-016-0157-6,Spatial Characteristics of Roughness Sublayer Mean Flow and Turbulence Over a Realistic Urban Surface,2016,Boundary-Layer Meteorology,dynamics-weather-systems;boundary-layer-turbulence;land-atmosphere,unspecified,train
https://doi.org/10.1007/s10546-016-0160-y,Citywide Impacts of Cool Roof and Rooftop Solar Photovoltaic Deployment on Near-Surface Air Temperature and Cooling Energy Demand,2016,Boundary-Layer Meteorology,land-atmosphere,unspecified,development
https://doi.org/10.1007/s10546-016-0165-6,Characterization of Wind Meandering in Low-Wind-Speed Conditions,2016,Boundary-Layer Meteorology,unclassified,numerical_modeling,train
https://doi.org/10.1007/s10546-016-0169-2,Mixing-Height Time Series from Operational Ceilometer Aerosol-Layer Heights,2016,Boundary-Layer Meteorology,cloud-precipitation-microphysics;atmospheric-chemistry;aerosols;climate-variability-change,numerical_modeling,train
https://doi.org/10.1007/s10546-016-0172-7,"PM10 Emission, Sandblasting Efficiency and Vertical Entrainment During Successive Wind-Erosion Events: A Wind-Tunnel Approach",2016,Boundary-Layer Meteorology,cloud-precipitation-microphysics;aerosols;land-atmosphere,unspecified,train
https://doi.org/10.1007/s10546-016-0183-4,Conditionally Averaged Large-Scale Motions in the Neutral Atmospheric Boundary Layer: Insights for Aeolian Processes,2016,Boundary-Layer Meteorology,dynamics-weather-systems;boundary-layer-turbulence,unspecified,train
https://doi.org/10.1007/s10546-016-0185-2,Sensitivity of Turbine-Height Wind Speeds to Parameters in Planetary Boundary-Layer and Surface-Layer Schemes in the Weather Research and Forecasting Model,2016,Boundary-Layer Meteorology,forecasting-predictability;climate-variability-change,numerical_modeling,train
https://doi.org/10.1007/s10546-016-0192-3,"Momentum- and Heat-Flux Parametrization at Dome C, Antarctica: A Sensitivity Study",2016,Boundary-Layer Meteorology,dynamics-weather-systems;observations-instruments,observation;numerical_modeling,train
https://doi.org/10.1007/s10546-016-0193-2,Boundary-Layer Development and Low-level Baroclinicity during High-Latitude Cold-Air Outbreaks: A Simple Model,2016,Boundary-Layer Meteorology,dynamics-weather-systems;climate-variability-change,numerical_modeling,train
https://doi.org/10.1007/s10546-016-0195-0,Perturbations to the Spatial and Temporal Characteristics of the Diurnally-Varying Atmospheric Boundary Layer Due to an Extensive Wind Farm,2016,Boundary-Layer Meteorology,boundary-layer-turbulence,numerical_modeling,train
https://doi.org/10.1007/s10546-016-0200-7,Measurements and Computations of Flow in an Urban Street System,2016,Boundary-Layer Meteorology,observations-instruments;land-atmosphere,observation,train
https://doi.org/10.1007/s10546-016-0201-6,Experimental Study on Effects of Ground Roughness on Flow Characteristics of Tornado-Like Vortices,2016,Boundary-Layer Meteorology,dynamics-weather-systems,unspecified,blind_test
https://doi.org/10.1007/s10546-016-0205-2,"Estimate of Boundary-Layer Depth Over Beijing, China, Using Doppler Lidar Data During SURF-2015",2016,Boundary-Layer Meteorology,cloud-precipitation-microphysics;aerosols;remote-sensing-retrieval,remote_sensing;numerical_modeling,train
https://doi.org/10.1007/s10546-016-0207-0,A Simple Method for Simulating Wind Profiles in the Boundary Layer of Tropical Cyclones,2016,Boundary-Layer Meteorology,dynamics-weather-systems;boundary-layer-turbulence;remote-sensing-retrieval,remote_sensing,train
https://doi.org/10.1007/s10546-016-0210-5,On Dry Deposition Modelling of Atmospheric Pollutants on Vegetation at the Microscale: Application to the Impact of Street Vegetation on Air Quality,2016,Boundary-Layer Meteorology,air-quality-exposure;land-atmosphere,numerical_modeling,train
https://doi.org/10.1007/s10546-016-0216-z,Large-Eddy Simulation of Atmospheric Boundary-Layer Flow Through a Wind Farm Sited on Topography,2016,Boundary-Layer Meteorology,dynamics-weather-systems;boundary-layer-turbulence,numerical_modeling,train
https://doi.org/10.1007/s10546-016-0217-y,Comparison of Measured and Numerically Simulated Turbulence Statistics in a Convective Boundary Layer Over Complex Terrain,2016,Boundary-Layer Meteorology,boundary-layer-turbulence;climate-variability-change,numerical_modeling,train
https://doi.org/10.1007/s10546-016-0220-3,On the Nature of the Transition Between Roll and Cellular Organization in the Convective Boundary Layer,2016,Boundary-Layer Meteorology,dynamics-weather-systems;boundary-layer-turbulence,unspecified,train
https://doi.org/10.1007/s10546-016-0221-2,A Statistical Model for the Prediction of Wind-Speed Probabilities in the Atmospheric Surface Layer,2016,Boundary-Layer Meteorology,dynamics-weather-systems;forecasting-predictability;boundary-layer-turbulence;statistics-causal-ml,numerical_modeling;statistical_ml,train
https://doi.org/10.1007/s10546-016-0223-0,Understanding Diurnality and Inter-Seasonality of a Sub-tropical Urban Heat Island,2016,Boundary-Layer Meteorology,air-quality-exposure;land-atmosphere,unspecified,train
https://doi.org/10.1007/s10546-016-0225-y,A Cautionary Note on the Use of Monin–Obukhov Similarity Theory in Very High-Resolution Large-Eddy Simulations,2017,Boundary-Layer Meteorology,dynamics-weather-systems;boundary-layer-turbulence,numerical_modeling,train
https://doi.org/10.1007/s10546-017-0233-6,Large-Eddy Simulation of the Gust Index in an Urban Area Using the Lattice Boltzmann Method,2017,Boundary-Layer Meteorology,dynamics-weather-systems;boundary-layer-turbulence;land-atmosphere,numerical_modeling,train
https://doi.org/10.1007/s10546-017-0242-5,Seasonal Variations in Drag Coefficient over a Sastrugi-Covered Snowfield in Coastal East Antarctica,2017,Boundary-Layer Meteorology,observations-instruments,observation,train
https://doi.org/10.1007/s10546-017-0246-1,Effects of Roof-Edge Roughness on Air Temperature and Pollutant Concentration in Urban Canyons,2017,Boundary-Layer Meteorology,land-atmosphere,unspecified,blind_test
https://doi.org/10.1007/s10546-017-0248-z,Evaluation of Urban Local-Scale Aerodynamic Parameters: Implications for the Vertical Profile of Wind Speed and for Source Areas,2017,Boundary-Layer Meteorology,land-atmosphere,unspecified,train
https://doi.org/10.1007/s10546-017-0249-y,A Numerical Study of Turbulence Statistics and the Structure of a Spatially-Developing Boundary Layer Over a Realistic Urban Geometry,2017,Boundary-Layer Meteorology,dynamics-weather-systems;boundary-layer-turbulence;land-atmosphere,numerical_modeling,train
https://doi.org/10.1007/s10546-017-0257-y,Observing and Simulating Wind-Turbine Wakes During the Evening Transition,2017,Boundary-Layer Meteorology,dynamics-weather-systems,unspecified,blind_test
https://doi.org/10.1007/s10546-017-0258-x,Are Urban-Canopy Velocity Profiles Exponential?,2017,Boundary-Layer Meteorology,dynamics-weather-systems;hydrometeorology;land-atmosphere,unspecified,blind_test
https://doi.org/10.1007/s10546-017-0259-9,A Numerical Study of Wind-Turbine Wakes for Three Atmospheric Stability Conditions,2017,Boundary-Layer Meteorology,dynamics-weather-systems,unspecified,development
https://doi.org/10.1007/s10546-017-0269-7,Air-Parcel Residence Times Within Forest Canopies,2017,Boundary-Layer Meteorology,dynamics-weather-systems;atmospheric-chemistry;aerosols,unspecified,development
https://doi.org/10.1007/s10546-017-0276-8,Efficient Prediction of Low-Visibility Events at Airports Using Machine-Learning Regression,2017,Boundary-Layer Meteorology,forecasting-predictability;air-quality-exposure,statistical_ml,blind_test
https://doi.org/10.1007/s10546-017-0283-9,Large-Eddy Simulations of Atmospheric Flows Over Complex Terrain Using the Immersed-Boundary Method in the Weather Research and Forecasting Model,2017,Boundary-Layer Meteorology,dynamics-weather-systems;forecasting-predictability;boundary-layer-turbulence,numerical_modeling,train
https://doi.org/10.1007/s10546-017-0288-4,Large-Eddy Simulation of Thermally Stratified Atmospheric Boundary-Layer Flow Using a Minimum Dissipation Model,2017,Boundary-Layer Meteorology,dynamics-weather-systems;boundary-layer-turbulence,numerical_modeling,train
https://doi.org/10.1007/s10546-017-0300-z,"Observations of the Morning Development of the Urban Boundary Layer Over London, UK, Taken During the ACTUAL Project",2017,Boundary-Layer Meteorology,boundary-layer-turbulence;observations-instruments;climate-variability-change;land-atmosphere,observation;numerical_modeling,train
https://doi.org/10.1007/s10546-017-0304-8,From Near-Neutral to Strongly Stratified: Adequately Modelling the Clear-Sky Nocturnal Boundary Layer at Cabauw,2017,Boundary-Layer Meteorology,dynamics-weather-systems;boundary-layer-turbulence;atmospheric-chemistry;aerosols;climate-variability-change,numerical_modeling,train
https://doi.org/10.1007/s10546-017-0305-7,Characteristics of Tornado-Like Vortices Simulated in a Large-Scale Ward-Type Simulator,2017,Boundary-Layer Meteorology,dynamics-weather-systems,numerical_modeling,development
https://doi.org/10.1007/s10546-017-0307-5,Gravity Waves and Wind-Farm Efficiency in Neutral and Stable Conditions,2017,Boundary-Layer Meteorology,dynamics-weather-systems,unspecified,train
https://doi.org/10.1007/s10546-017-0308-4,Scalar Fluxes Near a Tall Building in an Aligned Array of Rectangular Buildings,2017,Boundary-Layer Meteorology,dynamics-weather-systems,numerical_modeling,blind_test
https://doi.org/10.1007/s10546-017-0309-3,Impact of the Diurnal Cycle of the Atmospheric Boundary Layer on Wind-Turbine Wakes: A Numerical Modelling Study,2017,Boundary-Layer Meteorology,dynamics-weather-systems;boundary-layer-turbulence,numerical_modeling,train
https://doi.org/10.1007/s10546-017-0311-9,"Impacts of Realistic Urban Heating, Part I: Spatial Variability of Mean Flow, Turbulent Exchange and Pollutant Dispersion",2017,Boundary-Layer Meteorology,land-atmosphere,unspecified,blind_test
https://doi.org/10.1007/s10546-017-0324-4,Turbulence and Air Exchange in a Two-Dimensional Urban Street Canyon Between Gable Roof Buildings,2017,Boundary-Layer Meteorology,dynamics-weather-systems;boundary-layer-turbulence;hydrometeorology;land-atmosphere,unspecified,train
https://doi.org/10.1007/s10546-017-0325-3,Inertial Effects on the Vertical Transport of Suspended Particles in a Turbulent Boundary Layer,2017,Boundary-Layer Meteorology,dynamics-weather-systems;boundary-layer-turbulence;cloud-precipitation-microphysics;aerosols,unspecified,train
https://doi.org/10.1007/s10546-017-0326-2,Air–Sea/Land Interaction in the Coastal Zone,2017,Boundary-Layer Meteorology,climate-variability-change,numerical_modeling,blind_test
https://doi.org/10.1007/s10546-017-0328-0,Evaluation of the Atmospheric Boundary-Layer Electrical Variability,2017,Boundary-Layer Meteorology,cloud-precipitation-microphysics;aerosols,unspecified,development
https://doi.org/10.1007/s10546-018-0334-x,Variability of the Mixed-Layer Height Over Mexico City,2018,Boundary-Layer Meteorology,dynamics-weather-systems;cloud-precipitation-microphysics;aerosols;air-quality-exposure,unspecified,train
https://doi.org/10.1007/s10546-018-0335-9,Towards Adaptive Grids for Atmospheric Boundary-Layer Simulations,2018,Boundary-Layer Meteorology,dynamics-weather-systems,numerical_modeling,development
https://doi.org/10.1007/s10546-018-0341-y,The Impact of Three-Dimensional Effects on the Simulation of Turbulence Kinetic Energy in a Major Alpine Valley,2018,Boundary-Layer Meteorology,boundary-layer-turbulence;climate-variability-change,numerical_modeling,train
https://doi.org/10.1007/s10546-018-0344-8,Large-Eddy-Simulation Study of the Effects of Building-Height Variability on Turbulent Flows over an Actual Urban Area,2018,Boundary-Layer Meteorology,boundary-layer-turbulence;land-atmosphere,numerical_modeling,train
https://doi.org/10.1007/s10546-018-0351-9,A Hybrid Wind-Farm Parametrization for Mesoscale and Climate Models,2018,Boundary-Layer Meteorology,forecasting-predictability,numerical_modeling,train
https://doi.org/10.1007/s10546-018-0362-6,"Relationship Between Fine-Particle Pollution and the Urban Heat Island in Beijing, China: Observational Evidence",2018,Boundary-Layer Meteorology,air-quality-exposure;observations-instruments;climate-variability-change;land-atmosphere,observation,train
https://doi.org/10.1007/s10546-018-0365-3,Scalar-Flux Similarity in the Layer Near the Surface Over Mountainous Terrain,2018,Boundary-Layer Meteorology,dynamics-weather-systems,numerical_modeling,development
https://doi.org/10.1007/s10546-018-0366-2,A Simple Physically-Based Model for Wind-Turbine Wake Growth in a Turbulent Boundary Layer,2018,Boundary-Layer Meteorology,dynamics-weather-systems;boundary-layer-turbulence,numerical_modeling,train
https://doi.org/10.1007/s10546-018-0368-0,Increasing the Power Production of Vertical-Axis Wind-Turbine Farms Using Synergistic Clustering,2018,Boundary-Layer Meteorology,unclassified,unspecified,train
https://doi.org/10.1007/s10546-018-0382-2,Velocity Spectra and Coherence Estimates in the Marine Atmospheric Boundary Layer,2018,Boundary-Layer Meteorology,dynamics-weather-systems;boundary-layer-turbulence;ocean-atmosphere,numerical_modeling,train
https://doi.org/10.1007/s10546-018-0383-1,Partitioning Eddy-Covariance Methane Fluxes from a Shallow Lake into Diffusive and Ebullitive Fluxes,2018,Boundary-Layer Meteorology,dynamics-weather-systems;atmospheric-chemistry;climate-variability-change,numerical_modeling,train
https://doi.org/10.1007/s10546-018-0388-9,Effect of Vegetation on the Energy Balance and Evapotranspiration in Tallgrass Prairie: A Paired Study Using the Eddy-Covariance Method,2018,Boundary-Layer Meteorology,dynamics-weather-systems;hydrometeorology;land-atmosphere,unspecified,train
https://doi.org/10.1007/s10546-018-0403-1,Mathematical Model Using Fractional Derivatives Applied to the Dispersion of Pollutants in the Planetary Boundary Layer,2018,Boundary-Layer Meteorology,boundary-layer-turbulence,numerical_modeling,train
https://doi.org/10.1007/s10546-018-0404-0,Atmospheric Ekman Flows with Variable Eddy Viscosity,2018,Boundary-Layer Meteorology,dynamics-weather-systems;climate-variability-change,numerical_modeling,development
https://doi.org/10.1007/s10546-018-0419-6,"Stable Surface-Based Turbulent Layer During the Polar Winter at Dome C, Antarctica: Sodar and In Situ Observations",2019,Boundary-Layer Meteorology,cloud-precipitation-microphysics;aerosols;observations-instruments,observation;numerical_modeling,blind_test
https://doi.org/10.1007/s10546-019-00426-7,Interaction of Submeso Motions in the Antarctic Stable Boundary Layer,2019,Boundary-Layer Meteorology,dynamics-weather-systems;boundary-layer-turbulence,numerical_modeling,train
https://doi.org/10.1007/s10546-019-00444-5,On the Formation and Development of Radiation Fog: An Observational Study,2019,Boundary-Layer Meteorology,cloud-precipitation-microphysics;atmospheric-radiation;aerosols;observations-instruments,observation;numerical_modeling,train
https://doi.org/10.1007/s10546-019-00449-0,Experimental Investigation of the Aerodynamic Roughness Length for Flexible Plants,2019,Boundary-Layer Meteorology,land-atmosphere,unspecified,blind_test
https://doi.org/10.1007/s10546-019-00450-7,Wake Characteristics of Tall Buildings in a Realistic Urban Canopy,2019,Boundary-Layer Meteorology,dynamics-weather-systems;land-atmosphere,unspecified,blind_test
https://doi.org/10.1007/s10546-019-00452-5,Ceilometer Monitoring of Boundary-Layer Height and Its Application in Evaluating the Dilution Effect on Air Pollution,2019,Boundary-Layer Meteorology,forecasting-predictability;atmospheric-chemistry;aerosols;air-quality-exposure,unspecified,train
https://doi.org/10.1007/s10546-019-00473-0,Wind-Turbine and Wind-Farm Flows: A Review,2019,Boundary-Layer Meteorology,dynamics-weather-systems,review_synthesis,development
https://doi.org/10.1007/s10546-019-00485-w,An Improved Surface Boundary Condition for Large-Eddy Simulations Based on Monin–Obukhov Similarity Theory: Evaluation and Consequences for Grid Convergence in Neutral and Stable Conditions,2019,Boundary-Layer Meteorology,dynamics-weather-systems;boundary-layer-turbulence,numerical_modeling,train
https://doi.org/10.1007/s10546-020-00504-1,Grid-Resolution Requirements for Large-Eddy Simulations of the Atmospheric Boundary Layer,2020,Boundary-Layer Meteorology,dynamics-weather-systems;boundary-layer-turbulence,numerical_modeling,train
https://doi.org/10.1007/s10546-020-00509-w,Surface Thermal Heterogeneities and the Atmospheric Boundary Layer: The Relevance of Dispersive Fluxes,2020,Boundary-Layer Meteorology,boundary-layer-turbulence;cloud-precipitation-microphysics;aerosols,numerical_modeling,train
https://doi.org/10.1007/s10546-020-00515-y,Transition Periods in the Diurnally-Varying Atmospheric Boundary Layer Over Land,2020,Boundary-Layer Meteorology,boundary-layer-turbulence;cloud-precipitation-microphysics;aerosols;climate-variability-change,numerical_modeling,train
https://doi.org/10.1007/s10546-020-00522-z,Effects of Two-Dimensional Steep Hills on the Performance of Wind Turbines and Wind Farms,2020,Boundary-Layer Meteorology,unclassified,unspecified,development
https://doi.org/10.1007/s10546-020-00529-6,Surface-Energy-Balance Closure over Land: A Review,2020,Boundary-Layer Meteorology,dynamics-weather-systems,numerical_modeling;review_synthesis,development
https://doi.org/10.1007/s10546-020-00530-z,Representation of Boundary-Layer Processes in Numerical Weather Prediction and Climate Models,2020,Boundary-Layer Meteorology,dynamics-weather-systems;forecasting-predictability;numerical-weather-prediction;climate-variability-change,numerical_modeling,train
https://doi.org/10.1007/s10546-020-00533-w,Non-stationary Boundary Layers,2020,Boundary-Layer Meteorology,dynamics-weather-systems;boundary-layer-turbulence,observation;numerical_modeling,train
https://doi.org/10.1007/s10546-020-00538-5,Development of a Time–Height Profile Assimilation Technique for Large-Eddy Simulation,2020,Boundary-Layer Meteorology,dynamics-weather-systems;boundary-layer-turbulence,numerical_modeling,train
https://doi.org/10.1007/s10546-020-00539-4,Intercomparison of Large-Eddy Simulations of the Antarctic Boundary Layer for Very Stable Stratification,2020,Boundary-Layer Meteorology,dynamics-weather-systems;boundary-layer-turbulence;climate-variability-change;quality-control-uncertainty,numerical_modeling,train
https://doi.org/10.1007/s10546-020-00541-w,"Fifty Years of Atmospheric Boundary-Layer Research at Cabauw Serving Weather, Air Quality and Climate",2020,Boundary-Layer Meteorology,dynamics-weather-systems;air-quality-exposure;climate-variability-change,numerical_modeling,train
https://doi.org/10.1007/s10546-020-00546-5,Understanding Physical Processes Represented by the Monin–Obukhov Bulk Formula for Momentum Transfer,2020,Boundary-Layer Meteorology,dynamics-weather-systems,numerical_modeling,blind_test
https://doi.org/10.1007/s10546-020-00547-4,Concentration Fluctuations from Localized Atmospheric Releases,2020,Boundary-Layer Meteorology,dynamics-weather-systems,unspecified,blind_test
https://doi.org/10.1007/s10546-020-00550-9,Evapotranspiration over Land from a Boundary-Layer Meteorology Perspective,2020,Boundary-Layer Meteorology,dynamics-weather-systems;hydrometeorology;land-atmosphere,numerical_modeling;review_synthesis,train
https://doi.org/10.1007/s10546-020-00551-8,The Persistent Challenge of Surface Heterogeneity in Boundary-Layer Meteorology: A Review,2020,Boundary-Layer Meteorology,cloud-precipitation-microphysics;aerosols,numerical_modeling;review_synthesis,development
https://doi.org/10.1007/s10546-020-00556-3,Large-Eddy Simulation of the Atmospheric Boundary Layer,2020,Boundary-Layer Meteorology,dynamics-weather-systems;boundary-layer-turbulence,numerical_modeling,train
https://doi.org/10.1007/s10546-020-00560-7,Turbulent Flow in Plant Canopies: Historical Perspective and Overview,2020,Boundary-Layer Meteorology,dynamics-weather-systems,review_synthesis,train
https://doi.org/10.1007/s10546-020-00564-3,Boundary-Layer Flow Over Complex Topography,2020,Boundary-Layer Meteorology,dynamics-weather-systems,unspecified,development
https://doi.org/10.1007/s10546-020-00567-0,Drag Distribution in Idealized Heterogeneous Urban Environments,2020,Boundary-Layer Meteorology,dynamics-weather-systems;land-atmosphere,unspecified,blind_test
https://doi.org/10.1007/s10546-020-00570-5,Large-Eddy Simulations of Stratified Atmospheric Boundary Layers: Comparison of Different Subgrid Models,2020,Boundary-Layer Meteorology,dynamics-weather-systems;boundary-layer-turbulence,numerical_modeling,train
https://doi.org/10.1007/s10546-021-00636-y,Sea-Spray-Generation Dependence on Wind and Wave Combinations: A Laboratory Study,2021,Boundary-Layer Meteorology,dynamics-weather-systems;remote-sensing-retrieval;ocean-atmosphere,remote_sensing,train
https://doi.org/10.1007/s10546-021-00652-y,Review of Mesoscale Wind-Farm Parametrizations and Their Applications,2021,Boundary-Layer Meteorology,unclassified,review_synthesis,train
https://doi.org/10.1007/s10546-021-00653-x,Evidence of Strong Flux Underestimation by Bulk Parametrizations During Drifting and Blowing Snow,2021,Boundary-Layer Meteorology,dynamics-weather-systems;observations-instruments,observation;numerical_modeling,blind_test
https://doi.org/10.1007/s10546-021-00658-6,Turbulence Characteristics Across a Range of Idealized Urban Canopy Geometries,2021,Boundary-Layer Meteorology,dynamics-weather-systems;boundary-layer-turbulence;land-atmosphere,unspecified,blind_test
https://doi.org/10.1007/s10546-021-00659-5,A Review of Coastal Fog Microphysics During C-FOG,2021,Boundary-Layer Meteorology,dynamics-weather-systems;cloud-precipitation-microphysics;remote-sensing-retrieval,remote_sensing;numerical_modeling;review_synthesis,train
https://doi.org/10.1007/s10546-021-00668-4,The Role of Atmospheric Stability and Turbulence in Offshore Wind-Farm Wakes in the German Bight,2021,Boundary-Layer Meteorology,dynamics-weather-systems;boundary-layer-turbulence,unspecified,development
https://doi.org/10.1007/s10546-021-00676-4,Spectral Proper Orthogonal Decomposition Analysis of Turbulent Flow in a Two-Dimensional Street Canyon and Its Role in Pollutant Removal,2021,Boundary-Layer Meteorology,dynamics-weather-systems,unspecified,train
https://doi.org/10.1007/s10546-022-00725-6,Dispersive Fluxes Within and Over a Real Urban Canopy: A Large-Eddy Simulation Study,2022,Boundary-Layer Meteorology,dynamics-weather-systems;boundary-layer-turbulence;land-atmosphere,numerical_modeling,train
https://doi.org/10.1007/s10546-023-00798-x,A Study on Measuring the Wind Field in the Air Using a Multi-rotor UAV Mounted with an Anemometer,2023,Boundary-Layer Meteorology,dynamics-weather-systems,unspecified,train
https://doi.org/10.1016/j.apr.2015.10.007,SPECIEUROPE: The European data base for PM source profiles,2016,Atmospheric Pollution Research,atmospheric-chemistry;aerosols;air-quality-exposure,unspecified,blind_test
https://doi.org/10.1016/j.apr.2015.12.005,Magnetic mapping of air pollution in Tandil city (Argentina) using the lichen Parmotrema pilosum as biomonitor,2016,Atmospheric Pollution Research,air-quality-exposure,unspecified,development
https://doi.org/10.1016/j.apr.2016.01.004,Air pollutants concentrations forecasting using back propagation neural network based on wavelet decomposition with meteorological conditions,2016,Atmospheric Pollution Research,dynamics-weather-systems;forecasting-predictability;air-quality-exposure;observations-instruments;statistics-causal-ml,statistical_ml,development
https://doi.org/10.1016/j.apr.2016.02.004,Time series analysis of aerosol optical depth over New Delhi using Box–Jenkins ARIMA modeling approach,2016,Atmospheric Pollution Research,forecasting-predictability;cloud-precipitation-microphysics;atmospheric-chemistry;aerosols;air-quality-exposure,numerical_modeling,blind_test
https://doi.org/10.1016/j.apr.2016.03.002,Determination of PM2.5 and polycyclic aromatic hydrocarbons from incense burning emission at shrine for health risk assessment,2016,Atmospheric Pollution Research,atmospheric-chemistry;aerosols;air-quality-exposure,review_synthesis,blind_test
https://doi.org/10.1016/j.apr.2016.03.006,"Characteristics and source apportionment of VOCs in the suburban area of Beijing, China",2016,Atmospheric Pollution Research,atmospheric-chemistry;aerosols;air-quality-exposure;land-atmosphere,unspecified,blind_test
https://doi.org/10.1016/j.apr.2016.03.007,"Chemical characterization of atmospheric particulate matter and their source apportionment at an emerging industrial coastal city, Visakhapatnam, India",2016,Atmospheric Pollution Research,forecasting-predictability;atmospheric-chemistry;aerosols;air-quality-exposure,unspecified,train
https://doi.org/10.1016/j.apr.2016.04.009,On the influence of viaduct and ground heating on pollutant dispersion in 2D street canyons and toward single-sided ventilated buildings,2016,Atmospheric Pollution Research,dynamics-weather-systems,unspecified,blind_test
https://doi.org/10.1016/j.apr.2016.06.003,Atmospheric consequences of trade and human development: A case of BRIC countries,2016,Atmospheric Pollution Research,air-quality-exposure,unspecified,development
https://doi.org/10.1016/j.apr.2016.06.005,Effect of balconies on air quality in deep street canyons,2016,Atmospheric Pollution Research,dynamics-weather-systems;air-quality-exposure,unspecified,train
https://doi.org/10.1016/j.apr.2016.07.002,"Indoor air quality investigation of the school environment and estimated health risks: Two-season measurements in primary schools in Kozani, Greece",2016,Atmospheric Pollution Research,air-quality-exposure;observations-instruments;climate-variability-change,observation,train
https://doi.org/10.1016/j.apr.2016.08.002,Global warming projections to 2100 using simple CO2 greenhouse gas modeling and comments on CO2 climate sensitivity factor,2016,Atmospheric Pollution Research,dynamics-weather-systems;climate-variability-change,numerical_modeling,train
https://doi.org/10.1016/j.apr.2016.09.002,A numerical investigation of reactive air pollutant dispersion in urban street canyons with tree planting,2016,Atmospheric Pollution Research,dynamics-weather-systems;atmospheric-chemistry;land-atmosphere,unspecified,train
https://doi.org/10.1016/j.apr.2016.10.009,Evaluation of PM surface concentrations simulated by Version 1 of NASA's MERRA Aerosol Reanalysis over Europe,2016,Atmospheric Pollution Research,cloud-precipitation-microphysics;atmospheric-chemistry;aerosols;air-quality-exposure,reanalysis,train
https://doi.org/10.1016/j.apr.2016.11.005,Impact of Middle Eastern Dust storms on human health,2016,Atmospheric Pollution Research,dynamics-weather-systems;forecasting-predictability;aerosols;air-quality-exposure;climate-variability-change,unspecified,train
https://doi.org/10.1016/j.apr.2016.12.003,"Human health risk assessment of airborne trace elements in Dhanbad, India",2016,Atmospheric Pollution Research,air-quality-exposure;observations-instruments,observation;review_synthesis,train
https://doi.org/10.1016/j.apr.2016.12.014,Recursive neural network model for analysis and forecast of PM10 and PM2.5,2017,Atmospheric Pollution Research,forecasting-predictability;air-quality-exposure;observations-instruments;statistics-causal-ml,numerical_modeling;statistical_ml,train
https://doi.org/10.1016/j.apr.2016.12.015,"Seasonal and spatial variations in dust deposition rate and concentrations of dust-borne heavy metals, a case study from Isfahan, central Iran",2017,Atmospheric Pollution Research,aerosols;air-quality-exposure;observations-instruments,observation,train
https://doi.org/10.1016/j.apr.2016.12.019,Pollution evaluation and source analysis of heavy metal in roadway dust from a resource-typed industrial city in Northwest China,2016,Atmospheric Pollution Research,atmospheric-chemistry;aerosols;observations-instruments,observation,train
https://doi.org/10.1016/j.apr.2016.12.020,Estimation of landfill methane emissions using stochastic search methods,2016,Atmospheric Pollution Research,atmospheric-chemistry,unspecified,train
https://doi.org/10.1016/j.apr.2017.01.003,A novel hybrid-Garch model based on ARIMA and SVM for PM 2.5 concentrations forecasting,2017,Atmospheric Pollution Research,forecasting-predictability;air-quality-exposure,numerical_modeling,train
https://doi.org/10.1016/j.apr.2017.01.010,Polybrominated diphenyl ethers (PBDEs) and alternative flame retardants (NFRs) in indoor and outdoor air and indoor dust from Istanbul-Turkey: Levels and an assessment of human exposure,2017,Atmospheric Pollution Research,atmospheric-chemistry;aerosols;air-quality-exposure,review_synthesis,train
https://doi.org/10.1016/j.apr.2017.01.011,"Quantifying the particulate matter accumulation on leaf surfaces of urban plants in Beijing, China",2017,Atmospheric Pollution Research,aerosols;air-quality-exposure;land-atmosphere,unspecified,train
https://doi.org/10.1016/j.apr.2017.03.007,"Spatial and seasonal trends of polychlorinated dioxins, furans and dioxin-like polychlorinated biphenyls in air using passive and active samplers and inhalation risk assessment",2017,Atmospheric Pollution Research,atmospheric-chemistry,review_synthesis,blind_test
https://doi.org/10.1016/j.apr.2017.04.009,Effect of agricultural waste burning season on PM 2.5 -bound polycyclic aromatic hydrocarbon (PAH) levels in Northern Thailand,2017,Atmospheric Pollution Research,atmospheric-chemistry;aerosols;air-quality-exposure,unspecified,train
https://doi.org/10.1016/j.apr.2017.05.004,Indoor air quality during sleep under different ventilation patterns,2017,Atmospheric Pollution Research,air-quality-exposure,unspecified,development
https://doi.org/10.1016/j.apr.2017.05.005,Spatio-temporal variation and influence factors of PM 2.5 concentrations in China from 1998 to 2014,2017,Atmospheric Pollution Research,forecasting-predictability;atmospheric-chemistry;aerosols;air-quality-exposure,unspecified,train
https://doi.org/10.1016/j.apr.2017.06.002,Impacts of urbanization-related factors on CO2 emissions: Evidence from China's three regions with varied urbanization levels,2017,Atmospheric Pollution Research,air-quality-exposure;land-atmosphere,unspecified,train
https://doi.org/10.1016/j.apr.2017.06.003,Experimental investigation on the influence of titanium dioxide nanofluid on emission pattern of biodiesel in a diesel engine,2017,Atmospheric Pollution Research,unclassified,unspecified,train
https://doi.org/10.1016/j.apr.2017.06.004,"The relationship between teleworking, traffic and air pollution",2017,Atmospheric Pollution Research,air-quality-exposure;land-atmosphere,unspecified,blind_test
https://doi.org/10.1016/j.apr.2017.06.006,Perfluorocarbon emissions from electrolytic reduction of rare earth metals in fluoride/oxide system,2017,Atmospheric Pollution Research,atmospheric-chemistry,unspecified,train
https://doi.org/10.1016/j.apr.2017.08.004,Study of continuous air pollution in winter over Wuhan based on ground-based and satellite observations,2017,Atmospheric Pollution Research,cloud-precipitation-microphysics;atmospheric-chemistry;aerosols;air-quality-exposure;remote-sensing-retrieval;observations-instruments,observation;remote_sensing,blind_test
https://doi.org/10.1016/j.apr.2017.09.004,Temporal variations of VOC concentrations in Bursa atmosphere,2017,Atmospheric Pollution Research,forecasting-predictability;atmospheric-chemistry;aerosols;air-quality-exposure;observations-instruments;climate-variability-change,unspecified,train
https://doi.org/10.1016/j.apr.2017.09.005,Trends of BTEX in the central urban area of Iran: A preliminary study of photochemical ozone pollution and health risk assessment,2017,Atmospheric Pollution Research,forecasting-predictability;atmospheric-chemistry;aerosols;air-quality-exposure;land-atmosphere,review_synthesis,development
https://doi.org/10.1016/j.apr.2017.11.004,Application of computational intelligence techniques to forecast daily PM 10 exceedances in Brunei Darussalam,2017,Atmospheric Pollution Research,forecasting-predictability;air-quality-exposure,unspecified,development
https://doi.org/10.1016/j.apr.2017.11.008,Impact of population aging and industrial structure on CO 2 emissions and emissions trend prediction in China,2017,Atmospheric Pollution Research,forecasting-predictability;aerosols,unspecified,development
https://doi.org/10.1016/j.apr.2017.11.012,Light absorption characteristics of brown carbon during foggy and non-foggy episodes over the Indo-Gangetic Plain,2017,Atmospheric Pollution Research,atmospheric-chemistry;aerosols;air-quality-exposure,unspecified,development
https://doi.org/10.1016/j.apr.2017.12.005,Comparison of chemical suppressants under different atmospheric temperatures for the control of fugitive dust emission on mine hauls roads,2017,Atmospheric Pollution Research,cloud-precipitation-microphysics;atmospheric-chemistry;aerosols,unspecified,train
https://doi.org/10.1016/j.apr.2018.01.012,"Effects of land use and landscape pattern on PM2.5 in Yangtze River Delta, China",2018,Atmospheric Pollution Research,air-quality-exposure;land-atmosphere,unspecified,development
https://doi.org/10.1016/j.apr.2018.01.014,Experimental optimization of a spray tower for ammonia removal,2018,Atmospheric Pollution Research,aerosols,unspecified,train
https://doi.org/10.1016/j.apr.2018.01.020,Low-temperature complete oxidation of CO over various manganese oxide catalysts,2018,Atmospheric Pollution Research,atmospheric-chemistry,unspecified,train
https://doi.org/10.1016/j.apr.2018.02.003,Estimating of shipping emissions in the Samsun Port from 2010 to 2015,2018,Atmospheric Pollution Research,unclassified,unspecified,train
https://doi.org/10.1016/j.apr.2018.02.006,"Discovering relationships and forecasting PM10 and PM2.5 concentrations in Bogotá, Colombia, using Artificial Neural Networks, Principal Component Analysis, and k-means clustering",2018,Atmospheric Pollution Research,forecasting-predictability;air-quality-exposure;observations-instruments;statistics-causal-ml,statistical_ml,blind_test
https://doi.org/10.1016/j.apr.2018.02.007,"An assessment of combustion, performance characteristics and emission control strategy by adding anti-oxidant additive in emulsified fuel",2018,Atmospheric Pollution Research,unclassified,review_synthesis,train
https://doi.org/10.1016/j.apr.2018.03.004,"Effects of Green space landscape patterns on particulate matter in Zhejiang Province, China",2018,Atmospheric Pollution Research,aerosols;air-quality-exposure;land-atmosphere,unspecified,train
https://doi.org/10.1016/j.apr.2018.03.006,Comprehensive analysis of inhalable toxic particulate emissions from an old municipal solid waste dumpsite and neighborhood health risks,2018,Atmospheric Pollution Research,aerosols;air-quality-exposure,unspecified,blind_test
https://doi.org/10.1016/j.apr.2018.03.008,A secondary-decomposition-ensemble learning paradigm for forecasting PM2.5 concentration,2018,Atmospheric Pollution Research,forecasting-predictability;air-quality-exposure,numerical_modeling,blind_test
https://doi.org/10.1016/j.apr.2018.04.006,Suspended particulate matter deposition and its impact on urban trees,2018,Atmospheric Pollution Research,aerosols;air-quality-exposure;observations-instruments;land-atmosphere,observation,train
https://doi.org/10.1016/j.apr.2018.05.001,"Atmospheric concentrations of SO2, NO2, ozone and VOCs in Düzce, Turkey using passive air samplers: Sources, spatial and seasonal variations and health risk estimation",2018,Atmospheric Pollution Research,forecasting-predictability;atmospheric-chemistry;aerosols;air-quality-exposure,unspecified,train
https://doi.org/10.1016/j.apr.2018.07.001,Applying machine learning methods in managing urban concentrations of traffic-related particulate matter (PM10 and PM2.5),2018,Atmospheric Pollution Research,forecasting-predictability;aerosols;air-quality-exposure;land-atmosphere;statistics-causal-ml,statistical_ml,development
https://doi.org/10.1016/j.apr.2018.07.005,Impact of technological innovation on CO2 emissions and emissions trend prediction on ‘New Normal’ economy in China,2018,Atmospheric Pollution Research,forecasting-predictability;air-quality-exposure,unspecified,train
https://doi.org/10.1016/j.apr.2018.08.014,"Analyses of regional pollution and transportation of PM2.5 and ozone in the city clusters of Sichuan Basin, China",2018,Atmospheric Pollution Research,atmospheric-chemistry;aerosols;air-quality-exposure,unspecified,train
https://doi.org/10.1016/j.apr.2018.09.006,Sources of indoor air pollution at a New Zealand urban primary school; a case study,2018,Atmospheric Pollution Research,air-quality-exposure;land-atmosphere,unspecified,train
https://doi.org/10.1016/j.apr.2018.10.003,Chemical composition of rainwater in an urban area of the southeast of Brazil,2018,Atmospheric Pollution Research,dynamics-weather-systems;atmospheric-chemistry;aerosols;land-atmosphere,review_synthesis,train
https://doi.org/10.1016/j.apr.2018.10.008,Long-term (1995–2018) aerosol optical depth derived using ground based AERONET and SKYNET measurements from aerosol aged-background sites,2018,Atmospheric Pollution Research,cloud-precipitation-microphysics;atmospheric-chemistry;aerosols;observations-instruments,observation,development
https://doi.org/10.1016/j.apr.2018.12.007,"Experimental evaluation of combustion, emission and performance of research diesel engine fuelled di-methyl- carbonate and biodiesel blends",2018,Atmospheric Pollution Research,unclassified,unspecified,train
https://doi.org/10.1016/j.apr.2018.12.012,Application of geographically weighted regression (GWR) in the analysis of the cause of haze pollution in China,2018,Atmospheric Pollution Research,air-quality-exposure,statistical_ml,train
https://doi.org/10.1016/j.apr.2018.12.015,"The severe Delhi SMOG of 2016: A case of delayed crop residue burning, coincident firecracker emissions, and atypical meteorology",2018,Atmospheric Pollution Research,cloud-precipitation-microphysics;atmospheric-chemistry;aerosols,unspecified,train
https://doi.org/10.1016/j.apr.2019.01.002,"Air quality, emissions, and source contributions analysis for the Greater Bengaluru region of India",2019,Atmospheric Pollution Research,atmospheric-chemistry;aerosols;air-quality-exposure,unspecified,train
https://doi.org/10.1016/j.apr.2019.03.004,Two-step-hybrid model based on data preprocessing and intelligent optimization algorithms (CS and GWO) for NO2 and SO2 forecasting,2019,Atmospheric Pollution Research,forecasting-predictability;atmospheric-chemistry;air-quality-exposure;observations-instruments;climate-variability-change,numerical_modeling,train
https://doi.org/10.1016/j.apr.2019.03.006,The role of financial development in the process of climate change: Evidence from different panel models in China,2019,Atmospheric Pollution Research,climate-variability-change,numerical_modeling,development
https://doi.org/10.1016/j.apr.2019.04.005,Meteorological pattern analysis assisted daily PM2.5 grades prediction using SVM optimized by PSO algorithm,2019,Atmospheric Pollution Research,forecasting-predictability;air-quality-exposure,unspecified,train
https://doi.org/10.1016/j.apr.2019.05.007,Air PM2.5 concentration multi-step forecasting using a new hybrid modeling method: Comparing cases for four cities in China,2019,Atmospheric Pollution Research,forecasting-predictability;air-quality-exposure,numerical_modeling,train
https://doi.org/10.1016/j.apr.2019.06.003,Impact of FDI and R&D on China's industrial CO2 emissions reduction and trend prediction,2019,Atmospheric Pollution Research,forecasting-predictability;aerosols,unspecified,train
https://doi.org/10.1016/j.apr.2019.09.002,Carcinogenic and non-carcinogenic risks from PM10-and PM2.5-Bound metals in a critically polluted coal mining area,2019,Atmospheric Pollution Research,air-quality-exposure,unspecified,development
https://doi.org/10.1016/j.apr.2019.09.007,Pollutant emissions of a biomass gasifier inside a multifuel energy plant,2019,Atmospheric Pollution Research,dynamics-weather-systems;atmospheric-chemistry,unspecified,train
https://doi.org/10.1016/j.apr.2019.09.009,Application of k-means and hierarchical clustering techniques for analysis of air pollution: A review (1980–2019),2019,Atmospheric Pollution Research,forecasting-predictability;atmospheric-chemistry;aerosols;air-quality-exposure,review_synthesis,train
https://doi.org/10.1016/j.apr.2019.09.021,Study of diesel-biodiesel blends combustion and emission characteristics in a CI engine by adding nanoparticles of Mn (II) supramolecular complex,2019,Atmospheric Pollution Research,unclassified,unspecified,train
https://doi.org/10.1016/j.apr.2019.10.009,Emission factors and global warming potential of various solid biomass fuel-cook stove combinations,2019,Atmospheric Pollution Research,climate-variability-change,unspecified,blind_test
https://doi.org/10.1016/j.apr.2019.11.006,Indoor environmental quality classification of school environments by monitoring PM and CO2 concentration levels,2019,Atmospheric Pollution Research,air-quality-exposure,unspecified,train
https://doi.org/10.1016/j.apr.2019.11.018,"Traffic data in air quality modeling: A review of key variables, improvements in results, open problems and challenges in current research",2019,Atmospheric Pollution Research,air-quality-exposure,numerical_modeling;review_synthesis,blind_test
https://doi.org/10.1016/j.apr.2019.12.011,Industrial structure transformation and provincial heterogeneity characteristics evolution of air pollution: Evidence of a threshold effect from China,2019,Atmospheric Pollution Research,aerosols;air-quality-exposure,unspecified,train
https://doi.org/10.1016/j.apr.2020.02.010,Experimental study on dust reduction via spraying using surfactant solution,2020,Atmospheric Pollution Research,cloud-precipitation-microphysics;aerosols,unspecified,blind_test
https://doi.org/10.1016/j.apr.2020.02.023,Experimental study on the improvement of wetting performance of OP-10 solution by inorganic salt additives,2020,Atmospheric Pollution Research,dynamics-weather-systems;cloud-precipitation-microphysics;aerosols,unspecified,train
https://doi.org/10.1016/j.apr.2020.02.024,Prediction of ozone hourly concentrations by support vector machine and kernel extreme learning machine using wavelet transformation and partial least squares methods,2020,Atmospheric Pollution Research,dynamics-weather-systems;forecasting-predictability;atmospheric-chemistry;air-quality-exposure;extremes;statistics-causal-ml,statistical_ml,train
https://doi.org/10.1016/j.apr.2020.05.009,"Machine-learning algorithms for predicting land susceptibility to dust emissions: The case of the Jazmurian Basin, Iran",2020,Atmospheric Pollution Research,dynamics-weather-systems;cloud-precipitation-microphysics;aerosols,unspecified,development
https://doi.org/10.1016/j.apr.2020.05.015,An LSTM-based aggregated model for air pollution forecasting,2020,Atmospheric Pollution Research,forecasting-predictability;air-quality-exposure,numerical_modeling,train
https://doi.org/10.1016/j.apr.2020.06.030,"Impacts of PM2.5 sources on variations in particulate chemical compounds in ambient air of Bangkok, Thailand",2020,Atmospheric Pollution Research,atmospheric-chemistry;aerosols;air-quality-exposure,unspecified,train
https://doi.org/10.1016/j.apr.2020.07.016,"A long-term multi-parametric monitoring study: Indoor air quality (IAQ) and the sources of the pollutants, prevalence of sick building syndrome (SBS) symptoms, and respiratory health indicators",2020,Atmospheric Pollution Research,air-quality-exposure,unspecified,train
https://doi.org/10.1016/j.apr.2020.08.029,Evaluation of machine learning models for predicting the temporal variations of dust storm index in arid regions of Iran,2020,Atmospheric Pollution Research,dynamics-weather-systems;cloud-precipitation-microphysics;aerosols;remote-sensing-retrieval;statistics-causal-ml,remote_sensing;numerical_modeling;statistical_ml,train
https://doi.org/10.1016/j.apr.2020.09.003,Air quality predictions with a semi-supervised bidirectional LSTM neural network,2020,Atmospheric Pollution Research,forecasting-predictability;atmospheric-chemistry;aerosols;air-quality-exposure;observations-instruments;statistics-causal-ml,statistical_ml,train
https://doi.org/10.1016/j.apr.2020.09.017,"Seasonal variations, source apportionment, and health risk assessment of trace metals in PM2.5 in the typical industrial city of changzhi, China",2020,Atmospheric Pollution Research,atmospheric-chemistry;aerosols;air-quality-exposure,review_synthesis,train
https://doi.org/10.1016/j.apr.2020.10.002,How do low wind speeds and high levels of air pollution support the spread of COVID-19?,2020,Atmospheric Pollution Research,air-quality-exposure,unspecified,train
https://doi.org/10.1016/j.apr.2020.11.006,A review on ambient and indoor air pollution status in Africa,2020,Atmospheric Pollution Research,atmospheric-chemistry;aerosols;air-quality-exposure,review_synthesis,train
https://doi.org/10.1016/j.apr.2020.12.016,Presence of SARS-CoV-2 in the air of public places and transportation,2021,Atmospheric Pollution Research,air-quality-exposure,unspecified,train
https://doi.org/10.1016/j.apr.2021.01.013,"Characteristics, secondary transformation, and health risk assessment of ambient volatile organic compounds (VOCs) in urban Beijing, China",2021,Atmospheric Pollution Research,forecasting-predictability;atmospheric-chemistry;aerosols;air-quality-exposure;land-atmosphere,review_synthesis,train
https://doi.org/10.1016/j.apr.2021.02.002,"Global, continental, and national variation in PM2.5, O3, and NO2 concentrations during the early 2020 COVID-19 lockdown",2021,Atmospheric Pollution Research,air-quality-exposure;climate-variability-change,unspecified,train
https://doi.org/10.1016/j.apr.2021.101115,Evaluating the CO2 emission reduction effect of China's battery electric vehicle promotion efforts,2021,Atmospheric Pollution Research,unclassified,unspecified,train
https://doi.org/10.1016/j.apr.2021.101136,Indoor and outdoor microbiological air quality in naturally and mechanically ventilated university libraries,2021,Atmospheric Pollution Research,air-quality-exposure,unspecified,train
https://doi.org/10.1016/j.apr.2021.101150,A graph-based LSTM model for PM2.5 forecasting,2021,Atmospheric Pollution Research,forecasting-predictability;atmospheric-chemistry;aerosols;air-quality-exposure,numerical_modeling,train
https://doi.org/10.1016/j.apr.2021.101258,Influence of waste oil-biodiesel on toxic pollutants from marine engine coupled with emission reduction measures at various loads,2021,Atmospheric Pollution Research,ocean-atmosphere,unspecified,train
https://doi.org/10.1016/j.apr.2021.101272,Physical and chemical characterization of fugitive particulate matter emissions of the iron and steel industry,2021,Atmospheric Pollution Research,dynamics-weather-systems;atmospheric-chemistry;aerosols;air-quality-exposure,unspecified,train
https://doi.org/10.1016/j.apr.2022.101446,Evaluation of China's pilot low-carbon city program: A perspective of industrial carbon emission efficiency,2022,Atmospheric Pollution Research,aerosols;air-quality-exposure,review_synthesis,train
https://doi.org/10.1016/j.apr.2022.101533,Composition and transformation chemistry of tire-wear derived organic chemicals and implications for air pollution,2022,Atmospheric Pollution Research,atmospheric-chemistry;air-quality-exposure,unspecified,train
https://doi.org/10.1016/j.apr.2022.101547,"Short-term prediction of particulate matter (PM10 and PM2.5) in Seoul, South Korea using tree-based machine learning algorithms",2022,Atmospheric Pollution Research,forecasting-predictability;atmospheric-chemistry;aerosols;air-quality-exposure;statistics-causal-ml,statistical_ml,development
https://doi.org/10.1016/j.apr.2023.101651,Challenges of using leaves as a biomonitoring system to assess airborne microplastic deposition on urban tree canopies,2023,Atmospheric Pollution Research,land-atmosphere,unspecified,train
https://doi.org/10.1016/j.apr.2023.101761,Air pollutant prediction based on ARIMA-WOA-LSTM model,2023,Atmospheric Pollution Research,forecasting-predictability;air-quality-exposure,numerical_modeling,train
https://doi.org/10.1016/j.apr.2023.101833,Deep learning methods for atmospheric PM2.5 prediction: A comparative study of transformer and CNN-LSTM-attention,2023,Atmospheric Pollution Research,forecasting-predictability;air-quality-exposure;statistics-causal-ml,unspecified,train
https://doi.org/10.1016/j.apr.2023.101846,"The nexus between agricultural land use, urbanization, and greenhouse gas emissions: Novel implications from different stages of income levels",2023,Atmospheric Pollution Research,land-atmosphere,unspecified,train
https://doi.org/10.1016/j.apr.2023.101912,Remotely visible impacts on air quality after a year-round full-scale Russian invasion of Ukraine,2023,Atmospheric Pollution Research,air-quality-exposure,unspecified,train
https://doi.org/10.1016/j.atmosenv.2016.02.014,Laboratory testing of airborne brake wear particle emissions using a dynamometer system under urban city driving cycles,2016,Atmospheric Environment,air-quality-exposure;land-atmosphere,unspecified,train
https://doi.org/10.1016/j.atmosenv.2016.03.010,Towards a quantitative understanding of total OH reactivity: A review,2016,Atmospheric Environment,forecasting-predictability;atmospheric-chemistry;aerosols;air-quality-exposure,review_synthesis,blind_test
https://doi.org/10.1016/j.atmosenv.2016.03.017,Non-exhaust PM emissions from electric vehicles,2016,Atmospheric Environment,air-quality-exposure,unspecified,train
https://doi.org/10.1016/j.atmosenv.2016.03.045,Persistent inversion dynamics and wintertime PM10 air pollution in Alpine valleys,2016,Atmospheric Environment,dynamics-weather-systems;atmospheric-chemistry;aerosols;air-quality-exposure,unspecified,development
https://doi.org/10.1016/j.atmosenv.2016.03.056,A novel hybrid decomposition-and-ensemble model based on CEEMD and GWO for short-term PM2.5 concentration forecasting,2016,Atmospheric Environment,forecasting-predictability;air-quality-exposure,numerical_modeling,train
https://doi.org/10.1016/j.atmosenv.2016.04.002,"Relationships linking primary production, sea ice melting, and biogenic aerosol in the Arctic",2016,Atmospheric Environment,dynamics-weather-systems;atmospheric-chemistry;aerosols;ocean-atmosphere,unspecified,train
https://doi.org/10.1016/j.atmosenv.2016.04.023,The contribution of atmospheric deposition and forest harvesting to forest soil acidification in China since 1980,2016,Atmospheric Environment,dynamics-weather-systems;land-atmosphere,unspecified,train
https://doi.org/10.1016/j.atmosenv.2016.05.014,Influence of roadside hedgerows on air quality in urban street canyons,2016,Atmospheric Environment,dynamics-weather-systems;air-quality-exposure;land-atmosphere,unspecified,train
https://doi.org/10.1016/j.atmosenv.2016.05.031,Catalytic oxidation of volatile organic compounds (VOCs) – A review,2016,Atmospheric Environment,atmospheric-chemistry,review_synthesis,blind_test
https://doi.org/10.1016/j.atmosenv.2016.05.038,"Airborne bacteria in the atmosphere: Presence, purpose, and potential",2016,Atmospheric Environment,atmospheric-chemistry;aerosols;air-quality-exposure,unspecified,train
https://doi.org/10.1016/j.atmosenv.2016.05.062,All-optical automatic pollen identification: Towards an operational system,2016,Atmospheric Environment,air-quality-exposure;climate-variability-change,unspecified,development
https://doi.org/10.1016/j.atmosenv.2016.06.030,Air pollution trends over Indian megacities and their local-to-global implications,2016,Atmospheric Environment,atmospheric-chemistry;aerosols;air-quality-exposure,unspecified,train
https://doi.org/10.1016/j.atmosenv.2016.06.060,"VOC characteristics, emissions and contributions to SOA formation during hazy episodes",2016,Atmospheric Environment,atmospheric-chemistry;aerosols;air-quality-exposure,unspecified,train
https://doi.org/10.1016/j.atmosenv.2016.06.069,Sources of chemical species in rainwater during monsoon and non-monsoonal periods over two mega cities in India and dominant source region of secondary aerosols,2016,Atmospheric Environment,dynamics-weather-systems;atmospheric-chemistry;aerosols;air-quality-exposure;land-atmosphere,unspecified,blind_test
https://doi.org/10.1016/j.atmosenv.2016.07.002,Air pollutants degrade floral scents and increase insect foraging times,2016,Atmospheric Environment,unclassified,unspecified,train
https://doi.org/10.1016/j.atmosenv.2016.07.018,"Acid deposition in Asia: Emissions, deposition, and ecosystem effects",2016,Atmospheric Environment,dynamics-weather-systems;atmospheric-chemistry;land-atmosphere,unspecified,train
https://doi.org/10.1016/j.atmosenv.2016.07.021,"Effect of hygroscopic growth on the aerosol light-scattering coefficient: A review of measurements, techniques and error sources",2016,Atmospheric Environment,cloud-precipitation-microphysics;atmospheric-chemistry;aerosols;air-quality-exposure;observations-instruments;quality-control-uncertainty,observation;review_synthesis,development
https://doi.org/10.1016/j.atmosenv.2016.08.025,Compilation of a source profile database for hydrocarbon and OVOC emissions in China,2016,Atmospheric Environment,atmospheric-chemistry;aerosols;air-quality-exposure,unspecified,train
https://doi.org/10.1016/j.atmosenv.2016.08.034,Long-term temporal trends and spatial patterns in the acid-base chemistry of lakes in the Adirondack region of New York in response to decreases in acidic deposition,2016,Atmospheric Environment,dynamics-weather-systems;atmospheric-chemistry;land-atmosphere;ocean-atmosphere,unspecified,train
https://doi.org/10.1016/j.atmosenv.2016.08.071,A bias in the “mass-normalized” DTT response – An effect of non-linear concentration-response curves for copper and manganese,2016,Atmospheric Environment,atmospheric-chemistry,unspecified,blind_test
https://doi.org/10.1016/j.atmosenv.2016.08.086,"Estimating ship emissions based on AIS data for port of Tianjin, China",2016,Atmospheric Environment,atmospheric-chemistry;aerosols,unspecified,train
https://doi.org/10.1016/j.atmosenv.2016.09.002,Critical review of black carbon and elemental carbon source apportionment in Europe and the United States,2016,Atmospheric Environment,atmospheric-chemistry;aerosols;air-quality-exposure,review_synthesis,train
https://doi.org/10.1016/j.atmosenv.2016.09.033,Modelling the effectiveness of urban trees and grass on PM2.5 reduction via dispersion and deposition at a city scale,2016,Atmospheric Environment,air-quality-exposure;land-atmosphere,numerical_modeling,train
https://doi.org/10.1016/j.atmosenv.2016.09.035,A European aerosol phenomenology-5: Climatology of black carbon optical properties at 9 regional background sites across Europe,2016,Atmospheric Environment,cloud-precipitation-microphysics;atmospheric-chemistry;aerosols,unspecified,train
https://doi.org/10.1016/j.atmosenv.2016.09.039,Net global warming potential and greenhouse gas intensity of conventional and conservation agriculture system in rainfed semi arid tropics of India,2016,Atmospheric Environment,climate-variability-change,unspecified,train
https://doi.org/10.1016/j.atmosenv.2016.09.050,Assessment of air quality microsensors versus reference methods: The EuNetAir joint exercise,2016,Atmospheric Environment,forecasting-predictability;atmospheric-chemistry;aerosols;air-quality-exposure;observations-instruments;climate-variability-change,review_synthesis,train
https://doi.org/10.1016/j.atmosenv.2016.10.019,Acid rain and its environmental effects: Recent scientific advances,2016,Atmospheric Environment,dynamics-weather-systems;forecasting-predictability;atmospheric-chemistry;aerosols;air-quality-exposure,unspecified,train
https://doi.org/10.1016/j.atmosenv.2016.10.024,Development of a baseline-temperature correction methodology for electrochemical sensors and its implications for long-term stability,2016,Atmospheric Environment,forecasting-predictability;atmospheric-chemistry;air-quality-exposure;observations-instruments;climate-variability-change,unspecified,train
https://doi.org/10.1016/j.atmosenv.2016.10.046,Air quality early-warning system for cities in China,2016,Atmospheric Environment,forecasting-predictability;air-quality-exposure,unspecified,development
https://doi.org/10.1016/j.atmosenv.2016.11.040,Global anthropogenic heat flux database with high spatial resolution,2016,Atmospheric Environment,air-quality-exposure;climate-variability-change;land-atmosphere,unspecified,train
https://doi.org/10.1016/j.atmosenv.2016.11.066,Exposure assessment models for elemental components of particulate matter in an urban environment: A comparison of regression and random forest approaches,2016,Atmospheric Environment,forecasting-predictability;aerosols;air-quality-exposure;land-atmosphere;statistics-causal-ml,numerical_modeling;statistical_ml;review_synthesis,train
https://doi.org/10.1016/j.atmosenv.2017.01.004,Point-surface fusion of station measurements and satellite observations for mapping PM2.5 distribution in China: Methods and assessment,2017,Atmospheric Environment,forecasting-predictability;atmospheric-chemistry;aerosols;air-quality-exposure;remote-sensing-retrieval;observations-instruments,observation;remote_sensing;review_synthesis,train
https://doi.org/10.1016/j.atmosenv.2017.01.014,Evaluation of Bayesian source estimation methods with Prairie Grass observations and Gaussian plume model: A comparison of likelihood functions and distance measures,2017,Atmospheric Environment,dynamics-weather-systems;observations-instruments;statistics-causal-ml,observation;numerical_modeling;statistical_ml,development
https://doi.org/10.1016/j.atmosenv.2017.01.018,Atmospheric nitrogen deposition to China: A model analysis on nitrogen budget and critical load exceedance,2017,Atmospheric Environment,dynamics-weather-systems;atmospheric-chemistry;aerosols,numerical_modeling,train
https://doi.org/10.1016/j.atmosenv.2017.02.010,"Global isoprene and monoterpene emissions under changing climate, vegetation, CO 2 and land use",2017,Atmospheric Environment,dynamics-weather-systems;atmospheric-chemistry;aerosols;land-atmosphere,unspecified,train
https://doi.org/10.1016/j.atmosenv.2017.02.023,Spatiotemporal prediction of continuous daily PM2.5 concentrations across China using a spatially explicit machine learning algorithm,2017,Atmospheric Environment,forecasting-predictability;atmospheric-chemistry;aerosols;air-quality-exposure;statistics-causal-ml,statistical_ml,train
https://doi.org/10.1016/j.atmosenv.2017.02.027,Real-time chemical characterization of atmospheric particulate matter in China: A review,2017,Atmospheric Environment,forecasting-predictability;atmospheric-chemistry;aerosols;air-quality-exposure,review_synthesis,blind_test
https://doi.org/10.1016/j.atmosenv.2017.03.024,Effects of warming and nitrogen fertilization on GHG flux in the permafrost region of an alpine meadow,2017,Atmospheric Environment,observations-instruments;climate-variability-change,observation,blind_test
https://doi.org/10.1016/j.atmosenv.2017.03.051,Air quality in the megacity of São Paulo: Evolution over the last 30 years and future perspectives,2017,Atmospheric Environment,atmospheric-chemistry;aerosols;air-quality-exposure,review_synthesis,blind_test
https://doi.org/10.1016/j.atmosenv.2017.03.054,The contribution of residential coal combustion to PM 2.5 pollution over China's Beijing-Tianjin-Hebei region in winter,2017,Atmospheric Environment,forecasting-predictability;atmospheric-chemistry;aerosols;air-quality-exposure,unspecified,train
https://doi.org/10.1016/j.atmosenv.2017.05.014,Air pollution abatement performances of green infrastructure in open road and built-up street canyon environments – A review,2017,Atmospheric Environment,air-quality-exposure;land-atmosphere,review_synthesis,development
https://doi.org/10.1016/j.atmosenv.2017.05.021,Influence of Saharan dust outbreaks and carbon content on oxidative potential of water-soluble fractions of PM2.5 and PM10,2017,Atmospheric Environment,forecasting-predictability;aerosols;air-quality-exposure;climate-variability-change,unspecified,development
https://doi.org/10.1016/j.atmosenv.2017.05.024,Photochemical ozone creation potentials for volatile organic compounds: Rationalization and estimation,2017,Atmospheric Environment,atmospheric-chemistry;aerosols;air-quality-exposure,unspecified,train
https://doi.org/10.1016/j.atmosenv.2017.06.010,"Evaluation of the chemical composition and correlation between the calculated and measured odour concentration of odorous gases from a landfill in Beijing, China",2017,Atmospheric Environment,forecasting-predictability;atmospheric-chemistry;air-quality-exposure;observations-instruments;climate-variability-change,unspecified,train
https://doi.org/10.1016/j.atmosenv.2017.06.020,"Isotopic signatures suggest important contributions from recycled gasoline, road dust and non-exhaust traffic sources for copper, zinc and lead in PM10 in London, United Kingdom",2017,Atmospheric Environment,aerosols;air-quality-exposure;observations-instruments,observation,development
https://doi.org/10.1016/j.atmosenv.2017.08.042,Global assessment of shipping emissions in 2015 on a high spatial and temporal resolution,2017,Atmospheric Environment,atmospheric-chemistry;aerosols,review_synthesis,development
https://doi.org/10.1016/j.atmosenv.2017.09.024,Influence of the West Pacific subtropical high on surface ozone daily variability in summertime over eastern China,2017,Atmospheric Environment,atmospheric-chemistry;aerosols;climate-variability-change,numerical_modeling,train
https://doi.org/10.1016/j.atmosenv.2017.09.032,Carbon dioxide emissions from lakes and reservoirs of China: A regional estimate based on the calculated p CO 2,2017,Atmospheric Environment,ocean-atmosphere,unspecified,blind_test
https://doi.org/10.1016/j.atmosenv.2017.09.039,"A high-resolution air pollutants emission inventory in 2013 for the Beijing-Tianjin-Hebei region, China",2017,Atmospheric Environment,atmospheric-chemistry;aerosols;air-quality-exposure,unspecified,train
https://doi.org/10.1016/j.atmosenv.2017.10.024,"Seasonal impact of regional outdoor biomass burning on air pollution in three Indian cities: Delhi, Bengaluru, and Pune",2017,Atmospheric Environment,atmospheric-chemistry;aerosols;air-quality-exposure,unspecified,train
https://doi.org/10.1016/j.atmosenv.2017.10.028,Assessing temporal trends and source regions of per- and polyfluoroalkyl substances (PFASs) in air under the Arctic Monitoring and Assessment Programme (AMAP),2017,Atmospheric Environment,atmospheric-chemistry;aerosols,review_synthesis,development
https://doi.org/10.1016/j.atmosenv.2017.11.014,Ground-level ozone pollution and its health impacts in China,2017,Atmospheric Environment,forecasting-predictability;atmospheric-chemistry;aerosols;air-quality-exposure,unspecified,train
https://doi.org/10.1016/j.atmosenv.2017.11.054,Straw enhanced CO2 and CH4 but decreased N2O emissions from flooded paddy soils: Changes in microbial community compositions,2017,Atmospheric Environment,dynamics-weather-systems;air-quality-exposure;extremes;land-atmosphere,unspecified,blind_test
https://doi.org/10.1016/j.atmosenv.2017.12.001,CFD simulation of pesticide spray from air-assisted sprayers in an apple orchard: Tree deposition and off-target losses,2017,Atmospheric Environment,hydrometeorology,numerical_modeling,train
https://doi.org/10.1016/j.atmosenv.2017.12.031,"Secondary inorganic aerosols formation during haze episodes at an urban site in Beijing, China",2017,Atmospheric Environment,forecasting-predictability;atmospheric-chemistry;aerosols;air-quality-exposure;land-atmosphere,unspecified,development
https://doi.org/10.1016/j.atmosenv.2018.01.002,Impact of regional haze towards air quality in Malaysia: A review,2018,Atmospheric Environment,atmospheric-chemistry;aerosols;air-quality-exposure,review_synthesis,train
https://doi.org/10.1016/j.atmosenv.2018.01.026,Isoprene emission response to drought and the impact on global atmospheric chemistry,2018,Atmospheric Environment,dynamics-weather-systems;atmospheric-chemistry;aerosols;extremes,unspecified,train
https://doi.org/10.1016/j.atmosenv.2018.02.027,"Long-term aerosol climatology over Indo-Gangetic Plain: Trend, prediction and potential source fields",2018,Atmospheric Environment,forecasting-predictability;cloud-precipitation-microphysics;atmospheric-chemistry;aerosols;air-quality-exposure,unspecified,development
https://doi.org/10.1016/j.atmosenv.2018.02.038,A new approach for modeling dry deposition velocity of particles,2018,Atmospheric Environment,dynamics-weather-systems;cloud-precipitation-microphysics;aerosols;air-quality-exposure,numerical_modeling,train
https://doi.org/10.1016/j.atmosenv.2018.03.033,Characteristics and sources of nitrous acid in an urban atmosphere of northern China: Results from 1-yr continuous observations,2018,Atmospheric Environment,atmospheric-chemistry;aerosols;air-quality-exposure;observations-instruments;land-atmosphere,observation,train
https://doi.org/10.1016/j.atmosenv.2018.03.041,Evolution of the spatiotemporal pattern of PM2.5 concentrations in China – A case study from the Beijing-Tianjin-Hebei region,2018,Atmospheric Environment,air-quality-exposure;land-atmosphere,unspecified,train
https://doi.org/10.1016/j.atmosenv.2018.03.053,Global distribution and evolvement of urbanization and PM2.5 (1998–2015),2018,Atmospheric Environment,air-quality-exposure;land-atmosphere,unspecified,train
https://doi.org/10.1016/j.atmosenv.2018.04.040,"How clean are electric vehicles? Evidence-based review of the effects of electric mobility on air pollutants, greenhouse gas emissions and human health",2018,Atmospheric Environment,air-quality-exposure,review_synthesis,blind_test
https://doi.org/10.1016/j.atmosenv.2018.05.056,"Impact on air quality of cruise ship emissions in Naples, Italy",2018,Atmospheric Environment,air-quality-exposure,unspecified,train
https://doi.org/10.1016/j.atmosenv.2018.06.038,"Characterizing remarkable changes of severe haze events and chemical compositions in multi-size airborne particles (PM1, PM2.5 and PM10) from January 2013 to 2016–2017 winter in Beijing, China",2018,Atmospheric Environment,cloud-precipitation-microphysics;atmospheric-chemistry;aerosols;air-quality-exposure,unspecified,train
https://doi.org/10.1016/j.atmosenv.2018.07.022,"Characteristics and source apportionment of black carbon in the Helsinki metropolitan area, Finland",2018,Atmospheric Environment,dynamics-weather-systems;atmospheric-chemistry;aerosols;air-quality-exposure,unspecified,train
https://doi.org/10.1016/j.atmosenv.2018.07.058,Spatial estimation of urban air pollution with the use of artificial neural network models,2018,Atmospheric Environment,forecasting-predictability;air-quality-exposure;observations-instruments;land-atmosphere;statistics-causal-ml,numerical_modeling;statistical_ml,train
https://doi.org/10.1016/j.atmosenv.2018.08.012,Diurnal and seasonal variability of PM2.5 and AOD in North China plain: Comparison of MERRA-2 products and ground measurements,2018,Atmospheric Environment,cloud-precipitation-microphysics;atmospheric-chemistry;aerosols;air-quality-exposure;observations-instruments,observation;reanalysis,train
https://doi.org/10.1016/j.atmosenv.2018.08.042,"Characteristics, source apportionment and contribution of VOCs to ozone formation in Wuhan, Central China",2018,Atmospheric Environment,atmospheric-chemistry;aerosols;air-quality-exposure,unspecified,train
https://doi.org/10.1016/j.atmosenv.2018.09.030,Use of networks of low cost air quality sensors to quantify air quality in urban settings,2018,Atmospheric Environment,forecasting-predictability;air-quality-exposure;observations-instruments;climate-variability-change;land-atmosphere,unspecified,train
https://doi.org/10.1016/j.atmosenv.2018.10.038,Temporal and spatial variability of traffic-related PM2.5 sources: Comparison of exhaust and non-exhaust emissions,2018,Atmospheric Environment,forecasting-predictability;atmospheric-chemistry;aerosols;air-quality-exposure,unspecified,development
https://doi.org/10.1016/j.atmosenv.2018.11.007,"Multi-isotope approach of Pb, Cu and Zn in urban aerosols and anthropogenic sources improves tracing of the atmospheric pollutant sources in megacities",2018,Atmospheric Environment,aerosols;observations-instruments;climate-variability-change;land-atmosphere,observation,blind_test
https://doi.org/10.1016/j.atmosenv.2018.11.058,"Improving indoor air quality, health and performance within environments where people live, travel, learn and work",2018,Atmospheric Environment,forecasting-predictability;air-quality-exposure,unspecified,blind_test
https://doi.org/10.1016/j.atmosenv.2018.11.060,"Multipollutant modeling of ozone, reactive nitrogen and HAPs across the continental US with CMAQ-CB6",2018,Atmospheric Environment,dynamics-weather-systems;atmospheric-chemistry;aerosols,numerical_modeling,train
https://doi.org/10.1016/j.atmosenv.2018.12.003,Biochar improved rice yield and mitigated CH4 and N2O emissions from paddy field under controlled irrigation in the Taihu Lake Region of China,2018,Atmospheric Environment,dynamics-weather-systems;atmospheric-chemistry;land-atmosphere,unspecified,blind_test
https://doi.org/10.1016/j.atmosenv.2018.12.004,MODIS Collection 6.1 aerosol optical depth products over land and ocean: validation and comparison,2018,Atmospheric Environment,cloud-precipitation-microphysics;atmospheric-chemistry;aerosols;quality-control-uncertainty,unspecified,train
https://doi.org/10.1016/j.atmosenv.2018.12.027,Role of vegetation in deposition and dispersion of air pollution in urban parks,2018,Atmospheric Environment,air-quality-exposure;land-atmosphere,unspecified,train
https://doi.org/10.1016/j.atmosenv.2018.12.031,"Global and regional trends in mercury emissions and concentrations, 2010–2015",2018,Atmospheric Environment,air-quality-exposure,unspecified,train
https://doi.org/10.1016/j.atmosenv.2018.12.036,Field investigations for evaluating green infrastructure effects on air quality in open-road conditions,2019,Atmospheric Environment,atmospheric-chemistry;aerosols;air-quality-exposure,unspecified,train
https://doi.org/10.1016/j.atmosenv.2018.12.040,Identifying major influencing factors of CO2 emissions in China: Regional disparities analysis based on STIRPAT model from 1996 to 2015,2019,Atmospheric Environment,air-quality-exposure,numerical_modeling,train
https://doi.org/10.1016/j.atmosenv.2018.12.042,Real world emissions performance of heavy-duty Euro VI diesel vehicles,2019,Atmospheric Environment,air-quality-exposure,unspecified,train
https://doi.org/10.1016/j.atmosenv.2019.01.027,Extreme gradient boosting model to estimate PM2.5 concentrations with missing-filled satellite data in China,2019,Atmospheric Environment,forecasting-predictability;cloud-precipitation-microphysics;aerosols;air-quality-exposure;remote-sensing-retrieval;extremes,remote_sensing;numerical_modeling,train
https://doi.org/10.1016/j.atmosenv.2019.02.003,Ammonia losses following surface application of enhanced-efficiency nitrogen fertilizers and urea,2019,Atmospheric Environment,dynamics-weather-systems;land-atmosphere,unspecified,development
https://doi.org/10.1016/j.atmosenv.2019.02.008,Impacts of local vs. trans-boundary emissions from different sectors on PM2.5 exposure in South Korea during the KORUS-AQ campaign,2019,Atmospheric Environment,atmospheric-chemistry;aerosols;air-quality-exposure;observations-instruments,observation,train
https://doi.org/10.1016/j.atmosenv.2019.116885,Improving air quality prediction accuracy at larger temporal resolutions using deep learning and transfer learning techniques,2019,Atmospheric Environment,forecasting-predictability;atmospheric-chemistry;aerosols;air-quality-exposure;statistics-causal-ml,unspecified,development
https://doi.org/10.1016/j.atmosenv.2019.116946,Performance evaluation of twelve low-cost PM2.5 sensors at an ambient air monitoring site,2019,Atmospheric Environment,forecasting-predictability;atmospheric-chemistry;aerosols;air-quality-exposure;observations-instruments;climate-variability-change,unspecified,blind_test
https://doi.org/10.1016/j.atmosenv.2019.117066,A comprehensive analysis of the spatio-temporal variation of urban air pollution in China during 2014–2018,2019,Atmospheric Environment,forecasting-predictability;atmospheric-chemistry;aerosols;air-quality-exposure;land-atmosphere,unspecified,train
https://doi.org/10.1016/j.atmosenv.2019.117067,Laboratory evaluation of low-cost PurpleAir PM monitors and in-field correction using co-located portable filter samplers,2019,Atmospheric Environment,forecasting-predictability;atmospheric-chemistry;aerosols;air-quality-exposure,unspecified,blind_test
https://doi.org/10.1016/j.atmosenv.2019.117125,What caused severe air pollution episode of November 2016 in New Delhi?,2019,Atmospheric Environment,cloud-precipitation-microphysics;atmospheric-chemistry;aerosols;air-quality-exposure,unspecified,train
https://doi.org/10.1016/j.atmosenv.2019.117216,Worldwide validation of CAMS and MERRA-2 reanalysis aerosol optical depth products using 15 years of AERONET observations,2019,Atmospheric Environment,cloud-precipitation-microphysics;atmospheric-chemistry;aerosols;observations-instruments;quality-control-uncertainty,observation;reanalysis,train
https://doi.org/10.1016/j.atmosenv.2019.117252,Physical and chemical properties of non-exhaust particles generated from wear between pavements and tyres,2019,Atmospheric Environment,dynamics-weather-systems;atmospheric-chemistry;air-quality-exposure,unspecified,train
https://doi.org/10.1016/j.atmosenv.2020.117834,The contribution of global aviation to anthropogenic climate forcing for 2000 to 2018,2020,Atmospheric Environment,atmospheric-chemistry;aerosols;air-quality-exposure;climate-variability-change,unspecified,train
https://doi.org/10.1016/j.atmosenv.2020.117886,PM10 and PM2.5 emission factors for non-exhaust particles from road vehicles: Dependence upon vehicle mass and implications for battery electric vehicles,2020,Atmospheric Environment,air-quality-exposure,unspecified,development
https://doi.org/10.1016/j.atmosenv.2020.117921,Evaluation of gap-filling approaches in satellite-based daily PM2.5 prediction models,2020,Atmospheric Environment,forecasting-predictability;atmospheric-chemistry;aerosols;air-quality-exposure;remote-sensing-retrieval,remote_sensing;numerical_modeling,train
https://doi.org/10.1016/j.atmosenv.2020.118038,Preferential transport of microplastics by wind,2020,Atmospheric Environment,unclassified,unspecified,development
https://doi.org/10.1016/j.atmosenv.2021.118389,The abundance and characteristics of atmospheric microplastic deposition in the northwestern South China Sea in the fall,2021,Atmospheric Environment,unclassified,unspecified,train
https://doi.org/10.1016/j.atmosenv.2021.118512,Household indoor microplastics within the Humber region (United Kingdom): Quantification and chemical characterisation of particles present,2021,Atmospheric Environment,atmospheric-chemistry,unspecified,train
https://doi.org/10.1016/j.atmosenv.2021.118592,Non-exhaust vehicle emissions of particulate matter and VOC from road traffic: A review,2021,Atmospheric Environment,atmospheric-chemistry;aerosols;air-quality-exposure,review_synthesis,train
https://doi.org/10.1016/j.atmosenv.2022.119347,Deep learning for air pollutant concentration prediction: A review,2022,Atmospheric Environment,forecasting-predictability;air-quality-exposure;statistics-causal-ml,review_synthesis,train
https://doi.org/10.1016/j.atmosenv.2024.120797,Interpretable machine learning for weather and climate prediction: A review,2024,Atmospheric Environment,forecasting-predictability;hydrometeorology;statistics-causal-ml,statistical_ml;review_synthesis,train
https://doi.org/10.1016/j.atmosres.2015.12.017,Coupling machine learning methods with wavelet transforms and the bootstrap and boosting ensemble approaches for drought prediction,2016,Atmospheric Research,dynamics-weather-systems;forecasting-predictability;extremes;hydrometeorology;statistics-causal-ml,numerical_modeling;statistical_ml,train
https://doi.org/10.1016/j.atmosres.2015.12.023,On the use of a coupled ocean–atmosphere–wave model during an extreme cold air outbreak over the Adriatic Sea,2016,Atmospheric Research,dynamics-weather-systems;remote-sensing-retrieval;extremes,remote_sensing;numerical_modeling,train
https://doi.org/10.1016/j.atmosres.2016.02.003,Concentrations and chemical compositions of fine particles (PM2.5) during haze and non-haze days in Beijing,2016,Atmospheric Research,forecasting-predictability;atmospheric-chemistry;aerosols;air-quality-exposure,unspecified,train
https://doi.org/10.1016/j.atmosres.2016.02.008,Analysis of seasonal and annual rainfall trends in the northern region of Bangladesh,2016,Atmospheric Research,cloud-precipitation-microphysics;observations-instruments;climate-variability-change;extremes;hydrometeorology,observation;numerical_modeling,train
https://doi.org/10.1016/j.atmosres.2016.02.012,Hail observations and hailstorm characteristics in Europe: A review,2016,Atmospheric Research,dynamics-weather-systems;observations-instruments,observation;numerical_modeling;review_synthesis,train
https://doi.org/10.1016/j.atmosres.2016.02.015,"Source apportionment of VOCs and the contribution to photochemical ozone formation during summer in the typical industrial area in the Yangtze River Delta, China",2016,Atmospheric Research,atmospheric-chemistry;aerosols;air-quality-exposure,unspecified,train
https://doi.org/10.1016/j.atmosres.2016.02.018,Role of long-range transport and local meteorology in seasonal variation of surface ozone and its precursors at an urban site in India,2016,Atmospheric Research,atmospheric-chemistry;aerosols;air-quality-exposure;land-atmosphere,unspecified,train
https://doi.org/10.1016/j.atmosres.2016.02.020,Early assessment of Integrated Multi-satellite Retrievals for Global Precipitation Measurement over China,2016,Atmospheric Research,cloud-precipitation-microphysics;remote-sensing-retrieval;observations-instruments;climate-variability-change,observation;remote_sensing;numerical_modeling;review_synthesis,blind_test
https://doi.org/10.1016/j.atmosres.2016.02.024,"Sensitivity of boundary-layer variables to PBL schemes in the WRF model based on surface meteorological observations, lidar, and radiosondes during the HygrA-CD campaign",2016,Atmospheric Research,cloud-precipitation-microphysics;atmospheric-chemistry;aerosols;remote-sensing-retrieval;observations-instruments;numerical-weather-prediction,observation;remote_sensing;numerical_modeling,train
https://doi.org/10.1016/j.atmosres.2016.03.006,The design of an optimal fog water collector: A theoretical analysis,2016,Atmospheric Research,dynamics-weather-systems,unspecified,train
https://doi.org/10.1016/j.atmosres.2016.03.015,Potential threat of heavy metals and PAHs in PM2.5 in different urban functional areas of Beijing,2016,Atmospheric Research,atmospheric-chemistry;aerosols;air-quality-exposure;land-atmosphere,unspecified,development
https://doi.org/10.1016/j.atmosres.2016.03.017,Physical climatology of Indonesian maritime continent: An outline to comprehend observational studies,2016,Atmospheric Research,dynamics-weather-systems;observations-instruments;climate-variability-change,observation;numerical_modeling,blind_test
https://doi.org/10.1016/j.atmosres.2016.03.027,High-speed video observations of the fine structure of a natural negative stepped leader at close distance,2016,Atmospheric Research,observations-instruments,observation,blind_test
https://doi.org/10.1016/j.atmosres.2016.04.018,"Impacts of climate change on streamflows under RCP scenarios: A case study in Xin River Basin, China",2016,Atmospheric Research,forecasting-predictability;climate-variability-change;hydrometeorology,numerical_modeling,train
https://doi.org/10.1016/j.atmosres.2016.05.008,Seasonal cycle of precipitation over major river basins in South and Southeast Asia: A review of the CMIP5 climate models data for present climate and future climate projections,2016,Atmospheric Research,cloud-precipitation-microphysics;climate-variability-change;earth-system-models,numerical_modeling;review_synthesis,train
https://doi.org/10.1016/j.atmosres.2016.05.013,"Polycyclic aromatic hydrocarbons (PAHs) and their derivatives (oxygenated-PAHs, nitrated-PAHs and azaarenes) in size-fractionated particles emitted in an urban road tunnel",2016,Atmospheric Research,air-quality-exposure;land-atmosphere,unspecified,train
https://doi.org/10.1016/j.atmosres.2016.06.009,"Chemical compositions of precipitation at three non-urban sites of Hebei Province, North China: Influence of terrestrial sources on ionic composition",2016,Atmospheric Research,dynamics-weather-systems;cloud-precipitation-microphysics;atmospheric-chemistry;land-atmosphere,review_synthesis,development
https://doi.org/10.1016/j.atmosres.2016.07.005,Chemical characterization and source apportionment of PM2.5 aerosols in a megacity of Southeast China,2016,Atmospheric Research,forecasting-predictability;atmospheric-chemistry;aerosols;air-quality-exposure,unspecified,blind_test
https://doi.org/10.1016/j.atmosres.2016.07.016,"Chemical partitioning of fine particle-bound metals on haze–fog and non-haze–fog days in Nanjing, China and its contribution to human health risks",2016,Atmospheric Research,atmospheric-chemistry;air-quality-exposure,unspecified,development
https://doi.org/10.1016/j.atmosres.2016.07.018,"Bioaerosols in the Earth system: Climate, health, and ecosystem interactions",2016,Atmospheric Research,atmospheric-chemistry;aerosols;air-quality-exposure,unspecified,train
https://doi.org/10.1016/j.atmosres.2016.07.029,Assessment of atmospheric moisture harvesting by direct cooling,2016,Atmospheric Research,observations-instruments,review_synthesis,development
https://doi.org/10.1016/j.atmosres.2016.09.014,Temporal and spatial variations of precipitation in Northwest China during 1960–2013,2016,Atmospheric Research,cloud-precipitation-microphysics;observations-instruments;climate-variability-change,observation;numerical_modeling,train
https://doi.org/10.1016/j.atmosres.2016.10.004,"Drought forecasting in eastern Australia using multivariate adaptive regression spline, least square support vector machine and M5Tree model",2016,Atmospheric Research,forecasting-predictability;climate-variability-change;extremes;hydrometeorology,numerical_modeling;statistical_ml,train
https://doi.org/10.1016/j.atmosres.2016.10.017,Modelling study of boundary-layer ozone over northern China - Part I: Ozone budget in summer,2016,Atmospheric Research,atmospheric-chemistry;aerosols;air-quality-exposure,numerical_modeling,train
https://doi.org/10.1016/j.atmosres.2016.11.006,Evaluating satellite-derived long-term historical precipitation datasets for drought monitoring in Chile,2016,Atmospheric Research,cloud-precipitation-microphysics;remote-sensing-retrieval;observations-instruments;climate-variability-change;extremes;hydrometeorology,observation;remote_sensing;numerical_modeling,train
https://doi.org/10.1016/j.atmosres.2016.11.010,Quantifying the relationship between extreme air pollution events and extreme weather events,2016,Atmospheric Research,atmospheric-chemistry;aerosols;air-quality-exposure;climate-variability-change;extremes,unspecified,train
https://doi.org/10.1016/j.atmosres.2016.12.006,"Characteristics of surface ozone and nitrogen oxides at urban, suburban and rural sites in Ningbo, China",2016,Atmospheric Research,atmospheric-chemistry;aerosols;air-quality-exposure;land-atmosphere,unspecified,train
https://doi.org/10.1016/j.atmosres.2016.12.007,Evaluation of topographical and seasonal feature using GPM IMERG and TRMM 3B42 over Far-East Asia,2016,Atmospheric Research,cloud-precipitation-microphysics;remote-sensing-retrieval;observations-instruments;hydrometeorology;land-atmosphere,observation;remote_sensing;numerical_modeling,development
https://doi.org/10.1016/j.atmosres.2017.01.008,"Climate change impacts under CMIP5 RCP scenarios on water resources of the Kelantan River Basin, Malaysia",2017,Atmospheric Research,climate-variability-change;extremes;hydrometeorology;earth-system-models,numerical_modeling;review_synthesis,train
https://doi.org/10.1016/j.atmosres.2017.06.003,"Meteorological and chemical impacts on ozone formation: A case study in Hangzhou, China",2017,Atmospheric Research,forecasting-predictability;atmospheric-chemistry;aerosols;air-quality-exposure,unspecified,train
https://doi.org/10.1016/j.atmosres.2017.06.014,Input selection and performance optimization of ANN-based streamflow forecasts in the drought-prone Murray Darling Basin region using IIS and MODWT algorithm,2017,Atmospheric Research,forecasting-predictability;extremes;hydrometeorology,unspecified,train
https://doi.org/10.1016/j.atmosres.2017.06.020,Evaluation of the GPM IMERG satellite-based precipitation products and the hydrological utility,2017,Atmospheric Research,cloud-precipitation-microphysics;remote-sensing-retrieval;observations-instruments;hydrometeorology;land-atmosphere,observation;remote_sensing;numerical_modeling,development
https://doi.org/10.1016/j.atmosres.2017.06.021,Global precipitation measurements for validating climate models,2017,Atmospheric Research,cloud-precipitation-microphysics;observations-instruments;climate-variability-change,observation;numerical_modeling,blind_test
https://doi.org/10.1016/j.atmosres.2017.07.017,Changes of extreme precipitation and nonlinear influence of climate variables over monsoon region in China,2017,Atmospheric Research,dynamics-weather-systems;cloud-precipitation-microphysics;climate-variability-change;extremes,numerical_modeling,train
https://doi.org/10.1016/j.atmosres.2017.07.021,"Evaluation of radiosonde, MODIS-NIR-Clear, and AERONET precipitable water vapor using IGS ground-based GPS measurements over China",2017,Atmospheric Research,cloud-precipitation-microphysics;atmospheric-chemistry;aerosols;air-quality-exposure;observations-instruments,observation,train
https://doi.org/10.1016/j.atmosres.2017.08.011,Long-term trends in daily temperature extremes in Iraq,2017,Atmospheric Research,air-quality-exposure;climate-variability-change;extremes;hydrometeorology,numerical_modeling,blind_test
https://doi.org/10.1016/j.atmosres.2017.08.023,Temporal and spatial analyses of particulate matter (PM 10 and PM 2.5 ) and its relationship with meteorological parameters over an urban city in northeast China,2017,Atmospheric Research,cloud-precipitation-microphysics;atmospheric-chemistry;aerosols;air-quality-exposure;land-atmosphere,unspecified,development
https://doi.org/10.1016/j.atmosres.2017.08.027,An overview of particulate emissions from residential biomass combustion,2017,Atmospheric Research,atmospheric-chemistry;aerosols;air-quality-exposure,unspecified,development
https://doi.org/10.1016/j.atmosres.2017.09.016,Spatial and temporal analysis of drought variability at several time scales in Syria during 1961–2012,2017,Atmospheric Research,climate-variability-change;extremes;hydrometeorology,numerical_modeling,train
https://doi.org/10.1016/j.atmosres.2017.11.006,"Comparison of GPM IMERG, TMPA 3B42 and PERSIANN-CDR satellite precipitation products over Malaysia",2017,Atmospheric Research,cloud-precipitation-microphysics;remote-sensing-retrieval;observations-instruments;climate-variability-change,observation;remote_sensing;numerical_modeling,train
https://doi.org/10.1016/j.atmosres.2017.11.022,Reviews and perspectives of high impact atmospheric processes in the Mediterranean,2017,Atmospheric Research,cloud-precipitation-microphysics;aerosols,numerical_modeling;review_synthesis,blind_test
https://doi.org/10.1016/j.atmosres.2017.12.003,Spatial distribution of the daily precipitation concentration index in Southern Russia,2017,Atmospheric Research,cloud-precipitation-microphysics;climate-variability-change;ocean-atmosphere,numerical_modeling,blind_test
https://doi.org/10.1016/j.atmosres.2017.12.007,"Detection of spatio-temporal variability of air temperature and precipitation based on long-term meteorological station observations over Tianshan Mountains, Central Asia",2017,Atmospheric Research,cloud-precipitation-microphysics;observations-instruments;climate-variability-change,observation;numerical_modeling,train
https://doi.org/10.1016/j.atmosres.2017.12.013,PMF and PSCF based source apportionment of PM2.5 at a regional background site in North China,2017,Atmospheric Research,forecasting-predictability;atmospheric-chemistry;aerosols;air-quality-exposure,unspecified,train
https://doi.org/10.1016/j.atmosres.2018.02.010,Performance evaluation of latest integrated multi-satellite retrievals for Global Precipitation Measurement (IMERG) over the northern highlands of Pakistan,2018,Atmospheric Research,cloud-precipitation-microphysics;remote-sensing-retrieval;observations-instruments;climate-variability-change,observation;remote_sensing;numerical_modeling,train
https://doi.org/10.1016/j.atmosres.2018.04.007,Observed changes in precipitation in China-Pakistan economic corridor during 1980–2016,2018,Atmospheric Research,cloud-precipitation-microphysics;observations-instruments;climate-variability-change,observation;numerical_modeling,train
https://doi.org/10.1016/j.atmosres.2018.05.011,Temporal and spatial evaluation of satellite rainfall estimates over different regions in Latin-America,2018,Atmospheric Research,cloud-precipitation-microphysics;remote-sensing-retrieval;observations-instruments;hydrometeorology;land-atmosphere,observation;remote_sensing;numerical_modeling,train
https://doi.org/10.1016/j.atmosres.2018.05.022,Statistical downscaling of precipitation using machine learning techniques,2018,Atmospheric Research,forecasting-predictability;cloud-precipitation-microphysics;climate-variability-change;extremes;hydrometeorology;model-evaluation-downscaling;statistics-causal-ml,numerical_modeling;statistical_ml,train
https://doi.org/10.1016/j.atmosres.2018.05.024,Trends in temperature extremes and their association with circulation patterns in China during 1961–2015,2018,Atmospheric Research,dynamics-weather-systems;climate-variability-change;extremes,numerical_modeling,train
https://doi.org/10.1016/j.atmosres.2018.06.006,Model output statistics downscaling using support vector machine for the projection of spatial and temporal changes in rainfall of Bangladesh,2018,Atmospheric Research,cloud-precipitation-microphysics;observations-instruments;climate-variability-change;extremes;hydrometeorology;model-evaluation-downscaling,observation;numerical_modeling,train
https://doi.org/10.1016/j.atmosres.2018.06.019,"Spatiotemporal analysis of precipitation variability in annual, seasonal and extreme values over upper Indus River basin",2018,Atmospheric Research,cloud-precipitation-microphysics;climate-variability-change;extremes;hydrometeorology,numerical_modeling,train
https://doi.org/10.1016/j.atmosres.2018.06.023,Validation of CHIRPS precipitation dataset along the Central Andes of Argentina,2018,Atmospheric Research,cloud-precipitation-microphysics;observations-instruments;climate-variability-change;quality-control-uncertainty,observation;numerical_modeling,train
https://doi.org/10.1016/j.atmosres.2018.07.008,Selection of climate models for projection of spatiotemporal changes in temperature of Iraq with uncertainties,2018,Atmospheric Research,climate-variability-change;extremes;hydrometeorology,numerical_modeling,train
https://doi.org/10.1016/j.atmosres.2018.07.015,"Effect of sea breeze propagation on the urban boundary layer of the metropolitan region of Sao Paulo, Brazil",2018,Atmospheric Research,boundary-layer-turbulence;land-atmosphere,numerical_modeling,train
https://doi.org/10.1016/j.atmosres.2018.08.020,Impacts of climate variability and change on seasonal drought characteristics of Pakistan,2018,Atmospheric Research,climate-variability-change;extremes;hydrometeorology,numerical_modeling,train
https://doi.org/10.1016/j.atmosres.2018.09.014,Atmosphere boundary layer height and its effect on air pollutants in Beijing during winter heavy pollution,2018,Atmospheric Research,boundary-layer-turbulence;cloud-precipitation-microphysics;atmospheric-chemistry;aerosols,numerical_modeling,train
https://doi.org/10.1016/j.atmosres.2018.09.015,Turbulent Prandtl number in the atmospheric boundary layer - where are we now?,2018,Atmospheric Research,dynamics-weather-systems;boundary-layer-turbulence,unspecified,train
https://doi.org/10.1016/j.atmosres.2019.01.004,Levoglucosan as a tracer of biomass burning: Recent progress and perspectives,2019,Atmospheric Research,dynamics-weather-systems;atmospheric-chemistry;aerosols,review_synthesis,train
https://doi.org/10.1016/j.atmosres.2019.02.009,Assessment of climate extremes in future projections downscaled by multiple statistical downscaling methods over Pakistan,2019,Atmospheric Research,climate-variability-change;extremes;hydrometeorology;model-evaluation-downscaling;statistics-causal-ml,numerical_modeling;statistical_ml;review_synthesis,train
https://doi.org/10.1016/j.atmosres.2019.03.001,Evaluation of the TRMM 3B42 and GPM IMERG products for extreme precipitation analysis over China,2019,Atmospheric Research,cloud-precipitation-microphysics;observations-instruments;climate-variability-change;extremes,observation;numerical_modeling,train
https://doi.org/10.1016/j.atmosres.2019.06.013,Atmospheric dust dynamics in southern Central Asia: Implications for buildup of Tajikistan loess sediments,2019,Atmospheric Research,dynamics-weather-systems;aerosols;land-atmosphere,unspecified,train
https://doi.org/10.1016/j.atmosres.2019.104656,Estimation of biogenic VOC emissions and their corresponding impact on ozone and secondary organic aerosol formation in China,2019,Atmospheric Research,atmospheric-chemistry;aerosols;air-quality-exposure,unspecified,blind_test
https://doi.org/10.1016/j.atmosres.2019.104673,"Innovative trend analysis of annual and seasonal rainfall in the Yangtze River Delta, eastern China",2019,Atmospheric Research,cloud-precipitation-microphysics;climate-variability-change;extremes;hydrometeorology,numerical_modeling,train
https://doi.org/10.1016/j.atmosres.2019.104680,Added value of CMIP6 over CMIP5 models in simulating Indian summer monsoon rainfall,2019,Atmospheric Research,dynamics-weather-systems;cloud-precipitation-microphysics;climate-variability-change;earth-system-models,numerical_modeling,train
https://doi.org/10.1016/j.atmosres.2019.104716,Spatial mapping of the provenance of storm dust: Application of data mining and ensemble modelling,2019,Atmospheric Research,dynamics-weather-systems;forecasting-predictability;aerosols;remote-sensing-retrieval;land-atmosphere,remote_sensing;numerical_modeling,train
https://doi.org/10.1016/j.atmosres.2019.104743,Investigation to the relation between meteorological drought and hydrological drought in the upper Shaying River Basin using wavelet analysis,2019,Atmospheric Research,dynamics-weather-systems;climate-variability-change;extremes;hydrometeorology,numerical_modeling,train
https://doi.org/10.1016/j.atmosres.2019.104785,Regional climate models: 30 years of dynamical downscaling,2019,Atmospheric Research,dynamics-weather-systems;climate-variability-change;model-evaluation-downscaling,numerical_modeling,train
https://doi.org/10.1016/j.atmosres.2019.104806,Multi-model ensemble predictions of precipitation and temperature using machine learning algorithms,2019,Atmospheric Research,forecasting-predictability;cloud-precipitation-microphysics;climate-variability-change;hydrometeorology;statistics-causal-ml,numerical_modeling;statistical_ml,train
https://doi.org/10.1016/j.atmosres.2020.104845,Development of advanced artificial intelligence models for daily rainfall prediction,2020,Atmospheric Research,forecasting-predictability;cloud-precipitation-microphysics;hydrometeorology;statistics-causal-ml,numerical_modeling,train
https://doi.org/10.1016/j.atmosres.2020.104879,Evaluation of extreme rainfall indices from CHIRPS precipitation estimates over the Brazilian Amazonia,2020,Atmospheric Research,cloud-precipitation-microphysics;observations-instruments;climate-variability-change;extremes;hydrometeorology,observation;numerical_modeling,train
https://doi.org/10.1016/j.atmosres.2020.104923,"Characteristics of summertime ambient VOCs and their contributions to O3 and SOA formation in a suburban area of Nanjing, China",2020,Atmospheric Research,atmospheric-chemistry;aerosols;air-quality-exposure;land-atmosphere,unspecified,train
https://doi.org/10.1016/j.atmosres.2020.104953,Evaluation of the ability of CMIP6 models to simulate precipitation over Southwestern South America: Climatic features and long-term trends (1901–2014),2020,Atmospheric Research,cloud-precipitation-microphysics;climate-variability-change;extremes;hydrometeorology;earth-system-models,numerical_modeling,train
https://doi.org/10.1016/j.atmosres.2020.105032,Assessment of satellite precipitation product estimates over Bali Island,2020,Atmospheric Research,cloud-precipitation-microphysics;remote-sensing-retrieval;observations-instruments;hydrometeorology;land-atmosphere,observation;remote_sensing;numerical_modeling;review_synthesis,train
https://doi.org/10.1016/j.atmosres.2020.105096,Changes in reference evapotranspiration and its driving factors in peninsular Malaysia,2020,Atmospheric Research,dynamics-weather-systems;hydrometeorology,unspecified,train
https://doi.org/10.1016/j.atmosres.2020.105111,Future drought characteristics through a multi-model ensemble from CMIP6 over South Asia,2020,Atmospheric Research,forecasting-predictability;climate-variability-change;extremes;hydrometeorology;earth-system-models,numerical_modeling,development
https://doi.org/10.1016/j.atmosres.2020.105125,The impact of climate change and human activities on the Aral Sea Basin over the past 50 years,2020,Atmospheric Research,climate-variability-change;extremes;hydrometeorology,review_synthesis,train
https://doi.org/10.1016/j.atmosres.2020.105132,Comprehensive evaluation of latest GPM era IMERG and GSMaP precipitation products over mainland China,2020,Atmospheric Research,cloud-precipitation-microphysics;observations-instruments;climate-variability-change,observation;numerical_modeling,blind_test
https://doi.org/10.1016/j.atmosres.2020.105134,"Interaction between heat wave and urban heat island: A case study in a tropical coastal city, Singapore",2020,Atmospheric Research,dynamics-weather-systems;air-quality-exposure;climate-variability-change;land-atmosphere,unspecified,train
https://doi.org/10.1016/j.atmosres.2020.105220,Highly resolved WRF-BEP/BEM simulations over Barcelona urban area with LCZ,2020,Atmospheric Research,numerical-weather-prediction;land-atmosphere,numerical_modeling,train
https://doi.org/10.1016/j.atmosres.2020.105344,"Source apportionment of volatile organic compounds: Implications to reactivity, ozone formation, and secondary organic aerosol potential",2020,Atmospheric Research,atmospheric-chemistry;aerosols;air-quality-exposure,unspecified,blind_test
https://doi.org/10.1016/j.atmosres.2020.105362,"COVID-19 pandemic in Wuhan: Ambient air quality and the relationships between criteria air pollutants and meteorological variables before, during, and after lockdown",2020,Atmospheric Research,forecasting-predictability;air-quality-exposure,unspecified,train
https://doi.org/10.1016/j.atmosres.2020.105363,Co-occurrence of ozone and PM2.5 pollution in the Yangtze River Delta over 2013–2019: Spatiotemporal distribution and meteorological conditions,2020,Atmospheric Research,cloud-precipitation-microphysics;atmospheric-chemistry;aerosols;air-quality-exposure,unspecified,development
https://doi.org/10.1016/j.atmosres.2020.105365,Spatial performance of multiple reanalysis precipitation datasets on the southern slope of central Himalaya,2020,Atmospheric Research,cloud-precipitation-microphysics;observations-instruments;climate-variability-change,observation;numerical_modeling;reanalysis,train
https://doi.org/10.1016/j.atmosres.2020.105369,Evaluation of CMIP6 precipitation simulations across different climatic zones: Uncertainty and model intercomparison,2020,Atmospheric Research,cloud-precipitation-microphysics;climate-variability-change;extremes;hydrometeorology;earth-system-models;quality-control-uncertainty,numerical_modeling,train
https://doi.org/10.1016/j.atmosres.2020.105375,Insight from CMIP6 SSP-RCP scenarios for future drought characteristics in China,2020,Atmospheric Research,dynamics-weather-systems;climate-variability-change;extremes;hydrometeorology;earth-system-models,numerical_modeling,train
https://doi.org/10.1016/j.atmosres.2021.105451,Assessment of CMIP6 in simulating precipitation over arid Central Asia,2021,Atmospheric Research,cloud-precipitation-microphysics;observations-instruments;climate-variability-change;earth-system-models,observation;numerical_modeling;review_synthesis,development
https://doi.org/10.1016/j.atmosres.2021.105509,Evaluation of CMIP6 models in simulating the statistics of extreme precipitation over Eastern Africa,2021,Atmospheric Research,cloud-precipitation-microphysics;observations-instruments;climate-variability-change;extremes;earth-system-models,observation;numerical_modeling,blind_test
https://doi.org/10.1016/j.atmosres.2021.105525,Evaluation of CMIP6 GCM rainfall in mainland Southeast Asia,2021,Atmospheric Research,cloud-precipitation-microphysics;climate-variability-change;earth-system-models,numerical_modeling,development
https://doi.org/10.1016/j.atmosres.2021.105574,A downscaling approach for constructing high-resolution precipitation dataset over the Tibetan Plateau from ERA5 reanalysis,2021,Atmospheric Research,cloud-precipitation-microphysics;observations-instruments;climate-variability-change;model-evaluation-downscaling,observation;numerical_modeling;reanalysis,development
https://doi.org/10.1016/j.atmosres.2021.105576,"Intercomparison of the expected change in the temperature and the precipitation retrieved from CMIP6 and CMIP5 climate projections: A Mediterranean hot spot case, Turkey",2021,Atmospheric Research,dynamics-weather-systems;cloud-precipitation-microphysics;climate-variability-change;earth-system-models;quality-control-uncertainty,numerical_modeling,train
https://doi.org/10.1016/j.atmosres.2021.105599,"A comprehensive investigation of surface ozone pollution in China, 2015–2019: Separating the contributions from meteorology and precursor emissions",2021,Atmospheric Research,atmospheric-chemistry;aerosols;air-quality-exposure,unspecified,development
https://doi.org/10.1016/j.atmosres.2021.105740,Road dust resuspension: A review,2021,Atmospheric Research,atmospheric-chemistry;aerosols;air-quality-exposure,review_synthesis,train
https://doi.org/10.1016/j.atmosres.2021.105823,Air quality changes in cities during the COVID-19 lockdown: A critical review,2021,Atmospheric Research,forecasting-predictability;air-quality-exposure,review_synthesis,blind_test
https://doi.org/10.1016/j.atmosres.2021.105828,Future changes in precipitation and temperature over the Yangtze River Basin in China based on CMIP6 GCMs,2021,Atmospheric Research,cloud-precipitation-microphysics;observations-instruments;climate-variability-change;earth-system-models,observation;numerical_modeling,blind_test
https://doi.org/10.1016/j.atmosres.2021.105927,Inconsistency in historical simulations and future projections of temperature and rainfall: A comparison of CMIP5 and CMIP6 models over Southeast Asia,2021,Atmospheric Research,cloud-precipitation-microphysics;climate-variability-change;extremes;hydrometeorology;earth-system-models,numerical_modeling,blind_test
https://doi.org/10.1016/j.atmosres.2022.106040,Changes of Southern Hemisphere westerlies in the future warming climate,2022,Atmospheric Research,dynamics-weather-systems;climate-variability-change;ocean-atmosphere,numerical_modeling,train
https://doi.org/10.1016/j.atmosres.2022.106157,Machine learning regression and classification methods for fog events prediction,2022,Atmospheric Research,forecasting-predictability;statistics-causal-ml,statistical_ml,train
https://doi.org/10.1016/j.atmosres.2022.106238,Application of XGBoost algorithm in the optimization of pollutant concentration,2022,Atmospheric Research,forecasting-predictability;atmospheric-chemistry;aerosols;air-quality-exposure,unspecified,train
https://doi.org/10.1016/j.atmosres.2022.106247,High-precision GNSS PWV retrieval using dense GNSS sites and in-situ meteorological observations for the evaluation of MERRA-2 and ERA5 reanalysis products over China,2022,Atmospheric Research,dynamics-weather-systems;remote-sensing-retrieval;observations-instruments,observation;remote_sensing;reanalysis,train
https://doi.org/10.1016/j.atmosres.2023.106606,Evaluation of ERA5 and ERA5-Land reanalysis precipitation datasets over Spain (1951–2020),2023,Atmospheric Research,cloud-precipitation-microphysics;observations-instruments;climate-variability-change,observation;numerical_modeling;reanalysis,train
https://doi.org/10.1029/2017jd027468,Statistical Downscaling of GRACE‐Derived Groundwater Storage Using ET Data in the North China Plain,2018,Journal of Geophysical Research: Atmospheres,observations-instruments;model-evaluation-downscaling;statistics-causal-ml,observation;statistical_ml,train
https://doi.org/10.1029/2017jd028033,Marine and Terrestrial Organic Ice‐Nucleating Particles in Pristine Marine to Continentally Influenced Northeast Atlantic Air Masses,2018,Journal of Geophysical Research: Atmospheres,cloud-precipitation-microphysics;atmospheric-chemistry;aerosols;ocean-atmosphere,unspecified,blind_test
https://doi.org/10.1029/2017jd028130,The Role of Atmospheric Rivers in Extratropical and Polar Hydroclimate,2018,Journal of Geophysical Research: Atmospheres,dynamics-weather-systems;observations-instruments;climate-variability-change,observation;numerical_modeling,train
https://doi.org/10.1029/2017jd028200,An Ensemble Version of the E‐OBS Temperature and Precipitation Data Sets,2018,Journal of Geophysical Research: Atmospheres,forecasting-predictability;cloud-precipitation-microphysics;climate-variability-change;extremes;hydrometeorology,numerical_modeling,train
https://doi.org/10.1029/2018ef000822,"Long‐Term Trends of Anthropogenic SO 2 , NO x , CO, and NMVOCs Emissions in China",2018,Earth's Future,atmospheric-chemistry;aerosols;air-quality-exposure;climate-variability-change,unspecified,train
https://doi.org/10.1029/2018ef000825,Hurricane Harvey Links to Ocean Heat Content and Climate Change Adaptation,2018,Earth's Future,dynamics-weather-systems;climate-variability-change;extremes,numerical_modeling;review_synthesis,train
https://doi.org/10.1029/2018ef000840,China's Energy Consumption in the New Normal,2018,Earth's Future,unclassified,unspecified,train
https://doi.org/10.1029/2018ef000841,Twelve Questions for the Participatory Modeling Community,2018,Earth's Future,climate-variability-change,numerical_modeling,train
https://doi.org/10.1029/2018ef000878,Climate Change and Future Wildfire in the Western United States: An Ecological Approach to Nonstationarity,2018,Earth's Future,dynamics-weather-systems;climate-variability-change,observation,train
https://doi.org/10.1029/2018ef000890,Satellite‐Observed Major Greening and Biomass Increase in South China Karst During Recent Decade,2018,Earth's Future,dynamics-weather-systems;remote-sensing-retrieval,remote_sensing,development
https://doi.org/10.1029/2018ef000891,Cooling Effect of Urban Trees on the Built Environment of Contiguous United States,2018,Earth's Future,air-quality-exposure;land-atmosphere,unspecified,train
https://doi.org/10.1029/2018ef000922,The Effects of Climate Change on GDP by Country and the Global Economic Gains From Complying With the Paris Climate Accord,2018,Earth's Future,climate-variability-change,numerical_modeling,blind_test
https://doi.org/10.1029/2018ef000926,"Interdependent Infrastructure as Linked Social, Ecological, and Technological Systems (SETSs) to Address Lock‐in and Enhance Resilience",2018,Earth's Future,dynamics-weather-systems;climate-variability-change,unspecified,train
https://doi.org/10.1029/2018ef000939,Groundwater Depletion and Associated CO2 Emissions in India,2018,Earth's Future,atmospheric-chemistry;observations-instruments,observation,train
https://doi.org/10.1029/2018ef000952,Local Arctic Air Pollution: A Neglected but Serious Problem,2018,Earth's Future,dynamics-weather-systems;atmospheric-chemistry;aerosols;air-quality-exposure,unspecified,train
https://doi.org/10.1029/2018ef000964,Effect of Fertility Policy Changes on the Population Structure and Economy of China: From the Perspective of the Shared Socioeconomic Pathways,2019,Earth's Future,dynamics-weather-systems,review_synthesis,train
https://doi.org/10.1029/2018ef000989,Temporally Compound Heat Wave Events and Global Warming: An Emerging Hazard,2019,Earth's Future,dynamics-weather-systems;air-quality-exposure;climate-variability-change,numerical_modeling,train
https://doi.org/10.1029/2018ef000991,Evolution of 21st Century Sea Level Rise Projections,2018,Earth's Future,observations-instruments;climate-variability-change,observation,blind_test
https://doi.org/10.1029/2018ef001014,Bioeconomy and SDGs: Does the Bioeconomy Support the Achievement of the SDGs?,2018,Earth's Future,unclassified,unspecified,train
https://doi.org/10.1029/2018ef001050,Attribution of the Influence of Human‐Induced Climate Change on an Extreme Fire Season,2018,Earth's Future,dynamics-weather-systems;climate-variability-change;extremes,unspecified,train
https://doi.org/10.1029/2018ef001071,Meeting User Needs for Sea Level Rise Information: A Decision Analysis Perspective,2019,Earth's Future,observations-instruments;climate-variability-change,observation;numerical_modeling;review_synthesis,train
https://doi.org/10.1029/2018ef001091,Adaptation to Future Water Shortages in the United States Caused by Population Growth and Climate Change,2019,Earth's Future,climate-variability-change;extremes;hydrometeorology,unspecified,train
https://doi.org/10.1029/2018ef001097,Global Opportunities to Increase Agricultural Independence Through Phosphorus Recycling,2019,Earth's Future,dynamics-weather-systems;land-atmosphere,unspecified,train
https://doi.org/10.1029/2018ef001113,China's Urban Methane Emissions From Municipal Wastewater Treatment Plant,2019,Earth's Future,atmospheric-chemistry;land-atmosphere,unspecified,development
https://doi.org/10.1029/2018gl077317,Multihazard Scenarios for Analysis of Compound Extreme Events,2018,Geophysical Research Letters,extremes;hydrometeorology,review_synthesis,development
https://doi.org/10.1029/2018gl077787,CloudNet: Ground‐Based Cloud Classification With Deep Convolutional Neural Network,2018,Geophysical Research Letters,cloud-precipitation-microphysics;atmospheric-radiation;aerosols;observations-instruments;statistics-causal-ml,statistical_ml,train
https://doi.org/10.1029/2018gl077870,Machine Learning Seismic Wave Discrimination: Application to Earthquake Early Warning,2018,Geophysical Research Letters,dynamics-weather-systems;statistics-causal-ml,statistical_ml,train
https://doi.org/10.1029/2018gl077905,Soil Moisture Sensing Using Spaceborne GNSS Reflections: Comparison of CYGNSS Reflectivity to SMAP Soil Moisture,2018,Geophysical Research Letters,cloud-precipitation-microphysics;remote-sensing-retrieval;observations-instruments;hydrometeorology;land-atmosphere,observation;remote_sensing,blind_test
https://doi.org/10.1029/2018gl078202,Could Machine Learning Break the Convection Parameterization Deadlock?,2018,Geophysical Research Letters,dynamics-weather-systems;climate-variability-change;model-evaluation-downscaling;statistics-causal-ml,numerical_modeling;statistical_ml,train
https://doi.org/10.1029/2018gl078430,The Inequality of Climate Change From 1.5 to 2°C of Global Warming,2018,Geophysical Research Letters,climate-variability-change,unspecified,blind_test
https://doi.org/10.1029/2018gl078510,Prognostic Validation of a Neural Network Unified Physics Parameterization,2018,Geophysical Research Letters,observations-instruments;climate-variability-change;model-evaluation-downscaling;statistics-causal-ml;quality-control-uncertainty,numerical_modeling;statistical_ml,train
https://doi.org/10.1029/2018gl079031,Global Retrievals of Solar‐Induced Chlorophyll Fluorescence With TROPOMI: First Results and Intersensor Comparison to OCO‐2,2018,Geophysical Research Letters,dynamics-weather-systems;remote-sensing-retrieval;observations-instruments;climate-variability-change,remote_sensing,train
https://doi.org/10.1029/2018gl080704,Toward Data‐Driven Weather and Climate Forecasting: Approximating a Simple General Circulation Model With Deep Learning,2018,Geophysical Research Letters,dynamics-weather-systems;forecasting-predictability;climate-variability-change;statistics-causal-ml,numerical_modeling,train
https://doi.org/10.1029/2018gl080959,Global Emergence of Anthropogenic Climate Change in Fire Weather Indices,2018,Geophysical Research Letters,dynamics-weather-systems;atmospheric-chemistry;aerosols;climate-variability-change,unspecified,train
https://doi.org/10.1029/2018gl081052,Initial Geostationary Lightning Mapper Observations,2018,Geophysical Research Letters,cloud-precipitation-microphysics;aerosols;observations-instruments,observation,train
https://doi.org/10.1029/2018gl081095,High‐Resolution Mapping of Nitrogen Dioxide With TROPOMI: First Results and Validation Over the Canadian Oil Sands,2018,Geophysical Research Letters,dynamics-weather-systems;atmospheric-chemistry;aerosols;quality-control-uncertainty,unspecified,train
https://doi.org/10.1029/2018gl081816,Greening in Rural Areas Increases the Surface Urban Heat Island Intensity,2019,Geophysical Research Letters,remote-sensing-retrieval;land-atmosphere,remote_sensing,train
https://doi.org/10.1029/2018jd028375,Short‐Term Precipitation Forecast Based on the PERSIANN System and LSTM Recurrent Neural Networks,2018,Journal of Geophysical Research: Atmospheres,forecasting-predictability;cloud-precipitation-microphysics;observations-instruments;hydrometeorology;statistics-causal-ml,observation;numerical_modeling;statistical_ml,train
https://doi.org/10.1029/2018jd028447,Evaluating Different Machine Learning Methods for Upscaling Evapotranspiration from Flux Towers to the Regional Scale,2018,Journal of Geophysical Research: Atmospheres,dynamics-weather-systems;hydrometeorology;land-atmosphere;statistics-causal-ml,statistical_ml,train
https://doi.org/10.1029/2018jd028473,Future Changes of Wind Speed and Wind Energy Potentials in EURO‐CORDEX Ensemble Simulations,2018,Journal of Geophysical Research: Atmospheres,forecasting-predictability;climate-variability-change,numerical_modeling,blind_test
https://doi.org/10.1029/2018jd028714,Atmospheric River Impacts on Greenland Ice Sheet Surface Mass Balance,2018,Journal of Geophysical Research: Atmospheres,observations-instruments;climate-variability-change,observation;numerical_modeling,train
https://doi.org/10.1029/2018jd028776,Volcanic Radiative Forcing From 1979 to 2015,2018,Journal of Geophysical Research: Atmospheres,atmospheric-radiation;atmospheric-chemistry;aerosols;climate-variability-change,numerical_modeling,train
https://doi.org/10.1029/2018jd028969,How Important Is Humidity in Heat Stress?,2018,Journal of Geophysical Research: Atmospheres,air-quality-exposure;climate-variability-change,unspecified,development
https://doi.org/10.1029/2018jd029145,"Meteorological and Hydrological Drought on the Loess Plateau, China: Evolutionary Characteristics, Impact, and Propagation",2018,Journal of Geophysical Research: Atmospheres,extremes;hydrometeorology,unspecified,train
https://doi.org/10.1029/2018jd029245,Changes in Aerosol Chemistry From 2014 to 2016 in Winter in Beijing: Insights From High‐Resolution Aerosol Mass Spectrometry,2018,Journal of Geophysical Research: Atmospheres,cloud-precipitation-microphysics;atmospheric-chemistry;aerosols;air-quality-exposure,unspecified,train
https://doi.org/10.1029/2018jd029336,"Desert Dust, Industrialization, and Agricultural Fires: Health Impacts of Outdoor Air Pollution in Africa",2019,Journal of Geophysical Research: Atmospheres,atmospheric-chemistry;aerosols;air-quality-exposure,unspecified,train
https://doi.org/10.1029/2018jd029356,New Particle Formation in the Atmosphere: From Molecular Clusters to Global Climate,2019,Journal of Geophysical Research: Atmospheres,cloud-precipitation-microphysics;atmospheric-chemistry;aerosols;air-quality-exposure,unspecified,train
https://doi.org/10.1029/2018jd029501,"Light Absorption by Ambient Black and Brown Carbon and its Dependence on Black Carbon Coating State for Two California, USA, Cities in Winter and Summer",2019,Journal of Geophysical Research: Atmospheres,atmospheric-chemistry;aerosols;air-quality-exposure,unspecified,train
https://doi.org/10.1029/2018jd029522,Improvements in the GISTEMP Uncertainty Model,2019,Journal of Geophysical Research: Atmospheres,climate-variability-change;quality-control-uncertainty,numerical_modeling,train
https://doi.org/10.1029/2018jd029552,Changes in Terrestrial Water Storage During 2003–2014 and Possible Causes in Tibetan Plateau,2019,Journal of Geophysical Research: Atmospheres,dynamics-weather-systems;observations-instruments,observation,development
https://doi.org/10.1029/2018jd029597,Aeolian Dispersal of Bacteria Associated With Desert Dust and Anthropogenic Particles Over Continental and Oceanic Surfaces,2019,Journal of Geophysical Research: Atmospheres,atmospheric-chemistry;aerosols;air-quality-exposure;climate-variability-change,unspecified,train
https://doi.org/10.1029/2018jd029598,"Validation, Stability, and Consistency of MODIS Collection 6.1 and VIIRS Version 1 Deep Blue Aerosol Data Over Land",2019,Journal of Geophysical Research: Atmospheres,cloud-precipitation-microphysics;atmospheric-chemistry;aerosols;quality-control-uncertainty,unspecified,train
https://doi.org/10.1029/2018jd029634,"The South American Low‐Level Jet: A New Climatology, Variability, and Changes",2019,Journal of Geophysical Research: Atmospheres,cloud-precipitation-microphysics;aerosols;climate-variability-change,numerical_modeling,train
https://doi.org/10.1029/2018jd029688,VIIRS Deep Blue Aerosol Products Over Land: Extending the EOS Long‐Term Aerosol Data Records,2019,Journal of Geophysical Research: Atmospheres,dynamics-weather-systems;cloud-precipitation-microphysics;atmospheric-chemistry;aerosols,unspecified,blind_test
https://doi.org/10.1029/2018jd029850,Complementary‐Relationship‐Based Modeling of Terrestrial Evapotranspiration Across China During 1982–2012: Validations and Spatiotemporal Analyses,2019,Journal of Geophysical Research: Atmospheres,dynamics-weather-systems;climate-variability-change;hydrometeorology;quality-control-uncertainty,numerical_modeling,train
https://doi.org/10.1029/2018jd029867,An Ensemble Data Set of Sea Surface Temperature Change From 1850: The Met Office Hadley Centre HadSST.4.0.0.0 Data Set,2019,Journal of Geophysical Research: Atmospheres,forecasting-predictability;climate-variability-change;ocean-atmosphere,numerical_modeling,train
https://doi.org/10.1029/2018jd030094,Thirty Years of Regional Climate Modeling: Where Are We and Where Are We Going next?,2019,Journal of Geophysical Research: Atmospheres,climate-variability-change;model-evaluation-downscaling,numerical_modeling,train
https://doi.org/10.1029/2018jd030230,Amplified Urban Heat Islands during Heat Wave Periods,2019,Journal of Geophysical Research: Atmospheres,dynamics-weather-systems;air-quality-exposure;land-atmosphere,unspecified,train
https://doi.org/10.1029/2019ef001170,The Exceptional 2018 European Water Seesaw Calls for Action on Adaptation,2019,Earth's Future,dynamics-weather-systems;climate-variability-change,numerical_modeling,train
https://doi.org/10.1029/2019ef001178,Observed Northward Migration of Agro‐Climate Zones in Europe Will Further Accelerate Under Climate Change,2019,Earth's Future,climate-variability-change,unspecified,development
https://doi.org/10.1029/2019ef001189,Concurrent 2018 Hot Extremes Across Northern Hemisphere Due to Human‐Induced Climate Change,2019,Earth's Future,dynamics-weather-systems;climate-variability-change;extremes,numerical_modeling,blind_test
https://doi.org/10.1029/2019ef001210,Observed Impacts of Anthropogenic Climate Change on Wildfire in California,2019,Earth's Future,dynamics-weather-systems;climate-variability-change,numerical_modeling,train
https://doi.org/10.1029/2019ef001222,A World of Cobenefits: Solving the Global Nitrogen Challenge,2019,Earth's Future,unclassified,unspecified,train
https://doi.org/10.1029/2019ef001287,Agricultural Development and Land Use Change in India: A Scenario Analysis of Trade‐Offs Between UN Sustainable Development Goals (SDGs),2020,Earth's Future,climate-variability-change,unspecified,development
https://doi.org/10.1029/2019ef001382,The Role of Urban Growth in Resilience of Communities Under Flood Risk,2020,Earth's Future,dynamics-weather-systems;extremes;land-atmosphere,review_synthesis,train
https://doi.org/10.1029/2019ef001386,"Similarities and Differences in the Mechanisms Causing the European Summer Heatwaves in 2003, 2010, and 2018",2020,Earth's Future,dynamics-weather-systems;climate-variability-change;extremes,numerical_modeling,train
https://doi.org/10.1029/2019ef001425,Why We Can No Longer Ignore Consecutive Disasters,2020,Earth's Future,extremes,review_synthesis,development
https://doi.org/10.1029/2019ef001461,Twenty‐First Century Drought Projections in the CMIP6 Forcing Scenarios,2020,Earth's Future,climate-variability-change;extremes;hydrometeorology;earth-system-models,numerical_modeling,train
https://doi.org/10.1029/2019ef001469,Insights From CMIP6 for Australia's Future Climate,2020,Earth's Future,dynamics-weather-systems;climate-variability-change;earth-system-models,numerical_modeling,train
https://doi.org/10.1029/2019ef001470,Partitioning the Uncertainty of Ensemble Projections of Global Glacier Mass Change,2020,Earth's Future,dynamics-weather-systems;forecasting-predictability;observations-instruments;climate-variability-change;quality-control-uncertainty,observation;numerical_modeling,train
https://doi.org/10.1029/2019ef001474,Regional Climate Sensitivity of Climate Extremes in CMIP6 Versus CMIP5 Multimodel Ensembles,2020,Earth's Future,dynamics-weather-systems;forecasting-predictability;climate-variability-change;extremes;earth-system-models;model-evaluation-downscaling,numerical_modeling,train
https://doi.org/10.1029/2019gl082182,Trends in Antarctic Ice Sheet Elevation and Mass,2019,Geophysical Research Letters,observations-instruments,observation,blind_test
https://doi.org/10.1029/2019gl082187,Climate Change Drives Widespread and Rapid Thermokarst Development in Very Cold Permafrost in the Canadian High Arctic,2019,Geophysical Research Letters,dynamics-weather-systems;observations-instruments;climate-variability-change,observation,train
https://doi.org/10.1029/2019gl082781,Improved Performance of ERA5 in Arctic Gateway Relative to Four Global Atmospheric Reanalyses,2019,Geophysical Research Letters,dynamics-weather-systems;climate-variability-change,numerical_modeling;reanalysis,train
https://doi.org/10.1029/2019gl083699,Climate Change Increases the Potential for Extreme Wildfires,2019,Geophysical Research Letters,observations-instruments;climate-variability-change;extremes,observation;numerical_modeling,development
https://doi.org/10.1029/2019gl083798,Satellite Discovery of Anomalously Large Methane Point Sources From Oil/Gas Production,2019,Geophysical Research Letters,dynamics-weather-systems;atmospheric-chemistry;remote-sensing-retrieval,remote_sensing,train
https://doi.org/10.1029/2019gl083826,"Continent‐Wide, Interferometric SAR Phase, Mapping of Antarctic Ice Velocity",2019,Geophysical Research Letters,dynamics-weather-systems;observations-instruments,observation,development
https://doi.org/10.1029/2019gl083978,High Climate Sensitivity in the Community Earth System Model Version 2 (CESM2),2019,Geophysical Research Letters,dynamics-weather-systems;climate-variability-change;earth-system-models,numerical_modeling,development
https://doi.org/10.1029/2019gl085027,Instantaneous Antarctic ice sheet mass loss driven by thinning ice shelves,2019,Geophysical Research Letters,observations-instruments,observation,blind_test
https://doi.org/10.1029/2019gl085291,Physics‐Constrained Machine Learning of Evapotranspiration,2019,Geophysical Research Letters,dynamics-weather-systems;hydrometeorology;land-atmosphere;statistics-causal-ml,statistical_ml,development
https://doi.org/10.1029/2019gl085488,Replacing GRACE/GRACE‐FO C30 With Satellite Laser Ranging: Impacts on Antarctic Ice Sheet Mass Change,2020,Geophysical Research Letters,dynamics-weather-systems;remote-sensing-retrieval;observations-instruments,observation;remote_sensing,development
https://doi.org/10.1029/2019gl085782,Causes of Higher Climate Sensitivity in CMIP6 Models,2020,Geophysical Research Letters,dynamics-weather-systems;atmospheric-chemistry;aerosols;climate-variability-change;earth-system-models,numerical_modeling,train
https://doi.org/10.1029/2019gl085976,A Machine‐Learning Approach for Earthquake Magnitude Estimation,2019,Geophysical Research Letters,unclassified,unspecified,blind_test
https://doi.org/10.1029/2019gl086075,CMIP6 Models Predict Significant 21st Century Decline of the Atlantic Meridional Overturning Circulation,2020,Geophysical Research Letters,dynamics-weather-systems;climate-variability-change;ocean-atmosphere;earth-system-models,numerical_modeling,train
https://doi.org/10.1029/2019gl086729,Antarctic Sea Ice Area in CMIP6,2020,Geophysical Research Letters,dynamics-weather-systems;observations-instruments;climate-variability-change;earth-system-models,observation;numerical_modeling,train
https://doi.org/10.1029/2019gl086749,Arctic Sea Ice in CMIP6,2020,Geophysical Research Letters,dynamics-weather-systems;atmospheric-chemistry;climate-variability-change;earth-system-models,numerical_modeling,train
https://doi.org/10.1029/2019gl086841,COSMIC‐2 Radio Occultation Constellation: First Results,2020,Geophysical Research Letters,dynamics-weather-systems;remote-sensing-retrieval;observations-instruments,observation;remote_sensing,train
https://doi.org/10.1029/2019jd030481,Climate Change Trends and Impacts on Vegetation Greening Over the Tibetan Plateau,2019,Journal of Geophysical Research: Atmospheres,remote-sensing-retrieval;climate-variability-change;land-atmosphere,remote_sensing,train
https://doi.org/10.1029/2019jd030635,Identifying Key Driving Processes of Major Recent Heat Waves,2019,Journal of Geophysical Research: Atmospheres,dynamics-weather-systems;climate-variability-change,numerical_modeling,development
https://doi.org/10.1029/2019jd030758,"East Asian Study of Tropospheric Aerosols and their Impact on Regional Clouds, Precipitation, and Climate (EAST‐AIRCPC)",2019,Journal of Geophysical Research: Atmospheres,cloud-precipitation-microphysics;atmospheric-chemistry;aerosols,unspecified,blind_test
https://doi.org/10.1029/2019jd030911,"Fifty Years of Research on the Madden‐Julian Oscillation: Recent Progress, Challenges, and Perspectives",2020,Journal of Geophysical Research: Atmospheres,dynamics-weather-systems;climate-variability-change,numerical_modeling;review_synthesis,development
https://doi.org/10.1029/2019jd030923,The Role of the Stratosphere in Subseasonal to Seasonal Prediction: 2. Predictability Arising From Stratosphere‐Troposphere Coupling,2019,Journal of Geophysical Research: Atmospheres,dynamics-weather-systems;forecasting-predictability;atmospheric-chemistry;climate-variability-change,numerical_modeling,train
https://doi.org/10.1029/2019jd030936,The Atmospheric River Tracking Method Intercomparison Project (ARTMIP): Quantifying Uncertainties in Atmospheric River Climatology,2019,Journal of Geophysical Research: Atmospheres,dynamics-weather-systems;climate-variability-change;quality-control-uncertainty,numerical_modeling,blind_test
https://doi.org/10.1029/2019jd030943,The Whole Atmosphere Community Climate Model Version 6 (WACCM6),2019,Journal of Geophysical Research: Atmospheres,dynamics-weather-systems;atmospheric-chemistry;aerosols,numerical_modeling,development
https://doi.org/10.1029/2019jd031093,The Regional Hydroclimate Response to Stratospheric Sulfate Geoengineering and the Role of Stratospheric Heating,2019,Journal of Geophysical Research: Atmospheres,atmospheric-chemistry;climate-variability-change,unspecified,development
https://doi.org/10.1029/2019jd031155,Does ERA‐5 Outperform Other Reanalysis Products for Hydrologic Applications in India?,2019,Journal of Geophysical Research: Atmospheres,climate-variability-change;extremes;hydrometeorology,numerical_modeling;reanalysis,blind_test
https://doi.org/10.1029/2019jd031205,Tracking Atmospheric Rivers Globally: Spatial Distributions and Temporal Evolution of Life Cycle Characteristics,2019,Journal of Geophysical Research: Atmospheres,climate-variability-change;ocean-atmosphere,numerical_modeling,development
https://doi.org/10.1029/2019jd031295,"Estimating the Increase in Regional Evaporative Water Consumption as a Result of Vegetation Restoration Over the Loess Plateau, China",2019,Journal of Geophysical Research: Atmospheres,dynamics-weather-systems;hydrometeorology;land-atmosphere,unspecified,blind_test
https://doi.org/10.1029/2019jd031496,Multiscale Variability of Meiyu and Its Prediction: A New Review,2020,Journal of Geophysical Research: Atmospheres,forecasting-predictability;observations-instruments;climate-variability-change,observation;numerical_modeling;review_synthesis,blind_test
https://doi.org/10.1029/2019jd032263,Development of an Updated Global Land In Situ‐Based Data Set of Temperature and Precipitation Extremes: HadEX3,2020,Journal of Geophysical Research: Atmospheres,cloud-precipitation-microphysics;climate-variability-change;extremes;hydrometeorology,numerical_modeling,train
https://doi.org/10.1029/2019jd032321,Quantifying Progress Across Different CMIP Phases With the ESMValTool,2020,Journal of Geophysical Research: Atmospheres,dynamics-weather-systems;climate-variability-change;earth-system-models,numerical_modeling,blind_test
https://doi.org/10.1029/2019jd032344,Evaluation of the Large EURO‐CORDEX Regional Climate Model Ensemble,2020,Journal of Geophysical Research: Atmospheres,dynamics-weather-systems;forecasting-predictability;climate-variability-change;model-evaluation-downscaling,numerical_modeling,train
https://doi.org/10.1029/2019jd032356,Assessment of the European Climate Projections as Simulated by the Large EURO‐CORDEX Regional and Global Climate Model Ensemble,2020,Journal of Geophysical Research: Atmospheres,dynamics-weather-systems;forecasting-predictability;climate-variability-change,numerical_modeling;review_synthesis,train
https://doi.org/10.1029/2019jd032361,An Updated Assessment of Near‐Surface Temperature Change From 1850: The HadCRUT5 Data Set,2020,Journal of Geophysical Research: Atmospheres,dynamics-weather-systems;climate-variability-change,numerical_modeling;review_synthesis,development
https://doi.org/10.1029/2020ef001502,Projected Impacts of Climate Change on Drought Patterns Over East Africa,2020,Earth's Future,climate-variability-change;extremes;hydrometeorology,numerical_modeling,train
https://doi.org/10.1029/2020ef001520,"Intercomparison of Magnitudes and Trends in Anthropogenic Surface Emissions From Bottom‐Up Inventories, Top‐Down Estimates, and Emission Scenarios",2020,Earth's Future,dynamics-weather-systems;atmospheric-chemistry;aerosols;air-quality-exposure;climate-variability-change;quality-control-uncertainty,unspecified,train
https://doi.org/10.1029/2020ef001665,"TROPOMI NO 2 in the United States: A Detailed Look at the Annual Averages, Weekly Cycles, Effects of Temperature, and Correlation With Surface NO 2 Concentrations",2021,Earth's Future,atmospheric-chemistry;aerosols;air-quality-exposure,unspecified,train
https://doi.org/10.1029/2020ef001778,Increased Flood Exposure Due to Climate Change and Population Growth in the United States,2020,Earth's Future,air-quality-exposure;climate-variability-change;extremes,numerical_modeling;review_synthesis,train
https://doi.org/10.1029/2020ef001783,Event‐Based Storylines to Address Climate Risk,2020,Earth's Future,extremes,review_synthesis,train
https://doi.org/10.1029/2020ef001801,The State of the Art in Modeling Waterlogging Impacts on Plants: What Do We Know and What Do We Need to Know,2020,Earth's Future,unclassified,numerical_modeling,train
https://doi.org/10.1029/2020ef001837,Climate Warming Consistently Reduces Grassland Ecosystem Productivity,2021,Earth's Future,dynamics-weather-systems;climate-variability-change;land-atmosphere,unspecified,train
https://doi.org/10.1029/2020ef001866,Identifying a Safe and Just Corridor for People and the Planet,2021,Earth's Future,unclassified,unspecified,train
https://doi.org/10.1029/2020ef001885,Heat Stress Indicators in CMIP6: Estimating Future Trends and Exceedances of Impact‐Relevant Thresholds,2021,Earth's Future,air-quality-exposure;climate-variability-change;land-atmosphere;earth-system-models,numerical_modeling,train
https://doi.org/10.1029/2020ef001896,The Anthropocene: Comparing Its Meaning in Geology (Chronostratigraphy) with Conceptual Approaches Arising in Other Disciplines,2021,Earth's Future,dynamics-weather-systems,unspecified,train
https://doi.org/10.1029/2020ef001938,Global CO2Consumption by Silicate Rock Chemical Weathering: Its Past and Future,2021,Earth's Future,dynamics-weather-systems;atmospheric-chemistry,unspecified,train
https://doi.org/10.1029/2020ef001965,Coastal Migration due to 21st Century Sea‐Level Rise,2021,Earth's Future,dynamics-weather-systems;climate-variability-change;ocean-atmosphere,unspecified,train
https://doi.org/10.1029/2020gl087232,"The Double‐ITCZ Bias in CMIP3, CMIP5, and CMIP6 Models Based on Annual Mean Precipitation",2020,Geophysical Research Letters,dynamics-weather-systems;cloud-precipitation-microphysics;climate-variability-change;earth-system-models,numerical_modeling,train
https://doi.org/10.1029/2020gl087291,Continuity of Ice Sheet Mass Loss in Greenland and Antarctica From the GRACE and GRACE Follow‐On Missions,2020,Geophysical Research Letters,observations-instruments,observation,train
https://doi.org/10.1029/2020gl087820,Robust Future Changes in Meteorological Drought in CMIP6 Projections Despite Uncertainty in Precipitation,2020,Geophysical Research Letters,cloud-precipitation-microphysics;climate-variability-change;extremes;hydrometeorology;earth-system-models;quality-control-uncertainty,numerical_modeling,train
https://doi.org/10.1029/2020gl087978,Impact of Coronavirus Outbreak on NO 2 Pollution Assessed Using TROPOMI and OMI Observations,2020,Geophysical Research Letters,forecasting-predictability;atmospheric-chemistry;air-quality-exposure;observations-instruments,observation,train
https://doi.org/10.1029/2020gl088070,The Response in Air Quality to the Reduction of Chinese Economic Activities During the COVID‐19 Outbreak,2020,Geophysical Research Letters,forecasting-predictability;air-quality-exposure,unspecified,blind_test
https://doi.org/10.1029/2020gl088229,Improving AI System Awareness of Geoscience Knowledge: Symbiotic Integration of Physical Approaches and Deep Learning,2020,Geophysical Research Letters,dynamics-weather-systems;statistics-causal-ml,unspecified,train
https://doi.org/10.1029/2020gl088306,Extending the Global Mass Change Data Record: GRACE Follow‐On Instrument and Science Data Performance,2020,Geophysical Research Letters,dynamics-weather-systems;observations-instruments,observation,blind_test
https://doi.org/10.1029/2020gl089269,Disentangling the Impact of the COVID‐19 Lockdowns on Urban NO 2 From Natural Variability,2020,Geophysical Research Letters,forecasting-predictability;air-quality-exposure;land-atmosphere,unspecified,train
https://doi.org/10.1029/2020gl089858,Warmer and Drier Fire Seasons Contribute to Increases in Area Burned at High Severity in Western US Forests From 1985 to 2017,2020,Geophysical Research Letters,dynamics-weather-systems,unspecified,development
https://doi.org/10.1029/2020gl090617,Increase in Compound Drought and Heatwaves in a Warming World,2020,Geophysical Research Letters,dynamics-weather-systems;climate-variability-change;extremes;hydrometeorology,numerical_modeling,train
https://doi.org/10.1029/2020gl090814,Hydrogen Wettability of Sandstone Reservoirs: Implications for Hydrogen Geo‐Storage,2020,Geophysical Research Letters,atmospheric-chemistry,unspecified,train
https://doi.org/10.1029/2020gl092069,"A Unified Clumped Isotope Thermometer Calibration (0.5–1,100°C) Using Carbonate‐Based Standardization",2021,Geophysical Research Letters,atmospheric-chemistry,unspecified,train
https://doi.org/10.1029/2020jd032701,"The Response of the Northern Hemisphere Storm Tracks and Jet Streams to Climate Change in the CMIP3, CMIP5, and CMIP6 Climate Models",2020,Journal of Geophysical Research: Atmospheres,dynamics-weather-systems;climate-variability-change;earth-system-models,numerical_modeling,train
https://doi.org/10.1029/2020jd033271,The Remarkably Strong Arctic Stratospheric Polar Vortex of Winter 2020: Links to Record‐Breaking Arctic Oscillation and Ozone Loss,2020,Journal of Geophysical Research: Atmospheres,atmospheric-chemistry;aerosols;climate-variability-change,numerical_modeling,development
https://doi.org/10.1029/2020jd033455,Propagation of Meteorological to Hydrological Droughts in India,2020,Journal of Geophysical Research: Atmospheres,extremes;hydrometeorology,review_synthesis,blind_test
https://doi.org/10.1029/2020jd033788,Antarctic Atmospheric River Climatology and Precipitation Impacts,2021,Journal of Geophysical Research: Atmospheres,dynamics-weather-systems;cloud-precipitation-microphysics;observations-instruments;climate-variability-change,observation;numerical_modeling,train
https://doi.org/10.1029/2020jd034202,"A Global High‐Resolution Mesoscale Convective System Database Using Satellite‐Derived Cloud Tops, Surface Precipitation, and Tracking",2021,Journal of Geophysical Research: Atmospheres,cloud-precipitation-microphysics;remote-sensing-retrieval;observations-instruments;climate-variability-change,observation;remote_sensing;numerical_modeling,development
https://doi.org/10.1029/2020jd034213,Global Changes in Secondary Atmospheric Pollutants During the 2020 COVID‐19 Pandemic,2021,Journal of Geophysical Research: Atmospheres,forecasting-predictability;air-quality-exposure,unspecified,development
https://doi.org/10.1029/2021ef001996,"The COVID‐19 Pandemic Not Only Poses Challenges, but Also Opens Opportunities for Sustainable Transformation",2021,Earth's Future,air-quality-exposure,unspecified,development
https://doi.org/10.1029/2021ef002016,Widespread Race and Class Disparities in Surface Urban Heat Extremes Across the United States,2021,Earth's Future,air-quality-exposure;climate-variability-change;extremes;land-atmosphere,unspecified,train
https://doi.org/10.1029/2021ef002178,Time Evolution of the Surface Urban Heat Island,2021,Earth's Future,land-atmosphere,unspecified,train
https://doi.org/10.1029/2021ef002241,Assessment to China's Recent Emission Pattern Shifts,2021,Earth's Future,dynamics-weather-systems;air-quality-exposure,review_synthesis,train
https://doi.org/10.1029/2021ef002275,Tropical Cyclone Frequency,2021,Earth's Future,dynamics-weather-systems;remote-sensing-retrieval;climate-variability-change,remote_sensing;numerical_modeling,blind_test
https://doi.org/10.1029/2021ef002289,"Remote Sensing Big Data for Water Environment Monitoring: Current Status, Challenges, and Future Prospects",2022,Earth's Future,forecasting-predictability;remote-sensing-retrieval;extremes;hydrometeorology,remote_sensing;review_synthesis,blind_test
https://doi.org/10.1029/2021ef002334,Explicit Calculations of Wet‐Bulb Globe Temperature Compared With Approximations and Why It Matters for Labor Productivity,2022,Earth's Future,dynamics-weather-systems;air-quality-exposure;observations-instruments;climate-variability-change;statistics-causal-ml,observation;statistical_ml,train
https://doi.org/10.1029/2021ef002340,Guidelines for Studying Diverse Types of Compound Weather and Climate Events,2021,Earth's Future,dynamics-weather-systems;extremes;hydrometeorology,review_synthesis,train
https://doi.org/10.1029/2021ef002394,The 2018–2020 Multi‐Year Drought Sets a New Benchmark in Europe,2022,Earth's Future,dynamics-weather-systems;climate-variability-change;extremes;hydrometeorology;quality-control-uncertainty,numerical_modeling,blind_test
https://doi.org/10.1029/2021ef002396,Rates of Historical Anthropogenic Soil Erosion in the Midwestern United States,2022,Earth's Future,climate-variability-change;hydrometeorology;land-atmosphere,unspecified,development
https://doi.org/10.1029/2021ef002566,Dual Influence of Climate Change and Anthropogenic Activities on the Spatiotemporal Vegetation Dynamics Over the Qinghai‐Tibetan Plateau From 1981 to 2015,2022,Earth's Future,dynamics-weather-systems;remote-sensing-retrieval;climate-variability-change;land-atmosphere,remote_sensing,train
https://doi.org/10.1029/2021ef002567,Global Agricultural Water Scarcity Assessment Incorporating Blue and Green Water Availability Under Future Climate Change,2022,Earth's Future,climate-variability-change,review_synthesis,train
https://doi.org/10.1029/2021ef002612,Impact of Rocket Launch and Space Debris Air Pollutant Emissions on Stratospheric Ozone and Global Climate,2022,Earth's Future,dynamics-weather-systems;atmospheric-chemistry,unspecified,development
https://doi.org/10.1029/2021ef002621,Multisector Dynamics: Advancing the Science of Complex Adaptive Human‐Earth Systems,2022,Earth's Future,dynamics-weather-systems;climate-variability-change,unspecified,train
https://doi.org/10.1029/2021gl092976,Hydrogen Adsorption on Sub‐Bituminous Coal: Implications for Hydrogen Geo‐Storage,2021,Geophysical Research Letters,atmospheric-chemistry,unspecified,development
https://doi.org/10.1029/2021gl093047,Satellite and Ocean Data Reveal Marked Increase in Earth’s Heating Rate,2021,Geophysical Research Letters,dynamics-weather-systems;remote-sensing-retrieval;climate-variability-change,remote_sensing;numerical_modeling,train
https://doi.org/10.1029/2021gl093799,"Mapping Forest Height and Aboveground Biomass by Integrating ICESat‐2, Sentinel‐1 and Sentinel‐2 Data Using Random Forest Algorithm in Northwest Himalayan Foothills of India",2021,Geophysical Research Letters,remote-sensing-retrieval;statistics-causal-ml,remote_sensing,blind_test
https://doi.org/10.1029/2022ef002674,The Carbon Sink Potential of Southern China After Two Decades of Afforestation,2022,Earth's Future,land-atmosphere,observation,train
https://doi.org/10.1029/2022ef002682,Integrated Assessment of Urban Overheating Impacts on Human Life,2022,Earth's Future,air-quality-exposure;climate-variability-change;land-atmosphere,review_synthesis,train
https://doi.org/10.1029/2022ef002746,High‐Resolution Data Sets for Global Carbonate and Silicate Rock Weathering Carbon Sinks and Their Change Trends,2022,Earth's Future,atmospheric-chemistry,unspecified,blind_test
https://doi.org/10.1029/2022ef002987,Irreversible and Large‐Scale Heavy Metal Pollution Arising From Increased Damming and Untreated Water Reuse in the Nile Delta,2023,Earth's Future,unclassified,review_synthesis,train
https://doi.org/10.1029/2022ef003230,The Pakistan Flood of August 2022: Causes and Implications,2023,Earth's Future,cloud-precipitation-microphysics;observations-instruments;climate-variability-change;extremes,observation;numerical_modeling;review_synthesis,development
https://doi.org/10.1029/2022ef003452,Conflict or Coordination? The Spatiotemporal Relationship Between Humans and Nature on the Qinghai‐Tibet Plateau,2023,Earth's Future,air-quality-exposure;land-atmosphere,unspecified,train
https://doi.org/10.1029/2022gl098158,Global Propagation of Ionospheric Disturbances Associated With the 2022 Tonga Volcanic Eruption,2022,Geophysical Research Letters,dynamics-weather-systems;land-atmosphere,unspecified,train
https://doi.org/10.1029/2023gl107652,The Surface Water and Ocean Topography Mission: A Breakthrough in Radar Remote Sensing of the Ocean and Land Surface Water,2024,Geophysical Research Letters,dynamics-weather-systems;remote-sensing-retrieval;extremes;land-atmosphere,remote_sensing;review_synthesis,train
https://doi.org/10.1029/2023jd039538,Anzali Wetland Crisis: Unraveling the Decline of Iran's Ecological Gem,2024,Journal of Geophysical Research: Atmospheres,ocean-atmosphere,unspecified,train
https://doi.org/10.1029/2024ef004540,How Interpretable Machine Learning Can Benefit Process Understanding in the Geosciences,2024,Earth's Future,statistics-causal-ml,numerical_modeling;statistical_ml,train
https://doi.org/10.1038/s41612-017-0004-6,Extratropical forcing and tropical rainfall distribution: energetics framework and ocean Ekman advection,2017,npj Climate and Atmospheric Science,cloud-precipitation-microphysics;climate-variability-change,numerical_modeling,train
https://doi.org/10.1038/s41612-017-0007-3,Severe effects of long-term drought on calcareous grassland seed banks,2018,npj Climate and Atmospheric Science,dynamics-weather-systems;extremes;land-atmosphere,unspecified,blind_test
https://doi.org/10.1038/s41612-017-0008-2,Skillful empirical subseasonal prediction of landfalling atmospheric river activity using the Madden–Julian oscillation and quasi-biennial oscillation,2017,npj Climate and Atmospheric Science,dynamics-weather-systems;forecasting-predictability;climate-variability-change,numerical_modeling,train
https://doi.org/10.1038/s41612-017-0010-8,Urban atmospheric chemistry: a very special case for study,2017,npj Climate and Atmospheric Science,forecasting-predictability;atmospheric-chemistry;aerosols;air-quality-exposure;land-atmosphere,unspecified,train
https://doi.org/10.1038/s41612-018-0012-1,Dramatic declines in snowpack in the western US,2018,npj Climate and Atmospheric Science,observations-instruments;climate-variability-change;hydrometeorology,observation;numerical_modeling,train
https://doi.org/10.1038/s41612-018-0013-0,The sub-seasonal to seasonal prediction project (S2S) and the prediction of extreme events,2018,npj Climate and Atmospheric Science,dynamics-weather-systems;forecasting-predictability;climate-variability-change;extremes,numerical_modeling,train
https://doi.org/10.1038/s41612-018-0014-z,Progress in subseasonal to seasonal prediction through a joint weather and climate community effort,2018,npj Climate and Atmospheric Science,forecasting-predictability;climate-variability-change,numerical_modeling,train
https://doi.org/10.1038/s41612-018-0023-y,Dynamics of coarse and fine particle exposure in transport microenvironments,2018,npj Climate and Atmospheric Science,dynamics-weather-systems;forecasting-predictability;air-quality-exposure,unspecified,blind_test
https://doi.org/10.1038/s41612-018-0026-8,A solution to the misrepresentations of CO2-equivalent emissions of short-lived climate pollutants under ambitious mitigation,2018,npj Climate and Atmospheric Science,dynamics-weather-systems;air-quality-exposure;climate-variability-change,unspecified,blind_test
https://doi.org/10.1038/s41612-018-0030-z,Does elevation-dependent warming hold true above 5000 m elevation? Lessons from the Tibetan Plateau,2018,npj Climate and Atmospheric Science,dynamics-weather-systems;observations-instruments;climate-variability-change,observation;numerical_modeling,development
https://doi.org/10.1038/s41612-018-0037-5,"Vehicle criteria pollutant (PM, NOx, CO, HCs) emissions: how low should we go?",2018,npj Climate and Atmospheric Science,atmospheric-chemistry;aerosols;air-quality-exposure,unspecified,blind_test
https://doi.org/10.1038/s41612-018-0038-4,A signal-to-noise paradox in climate science,2018,npj Climate and Atmospheric Science,dynamics-weather-systems;climate-variability-change,numerical_modeling,train
https://doi.org/10.1038/s41612-018-0039-3,Wildfire-driven thunderstorms cause a volcano-like stratospheric injection of smoke,2018,npj Climate and Atmospheric Science,dynamics-weather-systems;cloud-precipitation-microphysics;atmospheric-chemistry;aerosols,unspecified,train
https://doi.org/10.1038/s41612-018-0040-x,Short Black Carbon lifetime inferred from a global set of aircraft observations,2018,npj Climate and Atmospheric Science,atmospheric-chemistry;aerosols;air-quality-exposure;observations-instruments,observation,train
https://doi.org/10.1038/s41612-018-0041-9,"Tropospheric OH and stratospheric OH and Cl concentrations determined from CH4, CH3Cl, and SF6 measurements",2018,npj Climate and Atmospheric Science,dynamics-weather-systems;atmospheric-chemistry;aerosols;observations-instruments,observation,train
https://doi.org/10.1038/s41612-018-0042-8,Global urban climatology: a meta-analysis of air temperature trends (1960–2009),2018,npj Climate and Atmospheric Science,land-atmosphere,unspecified,train
https://doi.org/10.1038/s41612-018-0043-7,Synchronization and causality across time scales in El Niño Southern Oscillation,2018,npj Climate and Atmospheric Science,dynamics-weather-systems;climate-variability-change;statistics-causal-ml,numerical_modeling;statistical_ml,development
https://doi.org/10.1038/s41612-018-0046-4,Mitigating the contrail cirrus climate impact by reducing aircraft soot number emissions,2018,npj Climate and Atmospheric Science,cloud-precipitation-microphysics;atmospheric-chemistry;aerosols,unspecified,development
https://doi.org/10.1038/s41612-018-0048-2,Spatial trends in United States tornado frequency,2018,npj Climate and Atmospheric Science,dynamics-weather-systems;climate-variability-change,numerical_modeling,train
https://doi.org/10.1038/s41612-018-0054-4,The different stratospheric influence on cold-extremes in Eurasia and North America,2018,npj Climate and Atmospheric Science,atmospheric-chemistry;climate-variability-change;extremes,numerical_modeling,train
https://doi.org/10.1038/s41612-018-0056-2,Evidence of major secondary organic aerosol contribution to lensing effect black carbon absorption enhancement,2018,npj Climate and Atmospheric Science,atmospheric-chemistry;aerosols;air-quality-exposure,unspecified,train
https://doi.org/10.1038/s41612-019-0065-9,Impacts of orography on large-scale atmospheric circulation,2019,npj Climate and Atmospheric Science,dynamics-weather-systems;climate-variability-change,numerical_modeling,train
https://doi.org/10.1038/s41612-019-0069-5,Infrared-absorbing carbonaceous tar can dominate light absorption by marine-engine exhaust,2019,npj Climate and Atmospheric Science,atmospheric-chemistry;aerosols;air-quality-exposure;ocean-atmosphere,unspecified,train
https://doi.org/10.1038/s41612-019-0071-y,Robust skill of decadal climate predictions,2019,npj Climate and Atmospheric Science,forecasting-predictability;observations-instruments;climate-variability-change,observation;numerical_modeling,train
https://doi.org/10.1038/s41612-019-0072-x,Persistent cloud cover over mega-cities linked to surface heat release,2019,npj Climate and Atmospheric Science,cloud-precipitation-microphysics;air-quality-exposure;land-atmosphere,unspecified,train
https://doi.org/10.1038/s41612-019-0073-9,Observationally constrained aerosol–cloud semi-direct effects,2019,npj Climate and Atmospheric Science,cloud-precipitation-microphysics;atmospheric-chemistry;aerosols;observations-instruments,observation,train
https://doi.org/10.1038/s41612-019-0074-8,Hurricane stalling along the North American coast and implications for rainfall,2019,npj Climate and Atmospheric Science,dynamics-weather-systems;cloud-precipitation-microphysics;remote-sensing-retrieval;climate-variability-change,remote_sensing;numerical_modeling,blind_test
https://doi.org/10.1038/s41612-019-0077-5,Recent changes in the South America low-level jet,2019,npj Climate and Atmospheric Science,cloud-precipitation-microphysics;observations-instruments;climate-variability-change,observation;numerical_modeling,train
https://doi.org/10.1038/s41612-019-0083-7,Frequency of severe thunderstorms across Europe expected to increase in the 21st century due to rising instability,2019,npj Climate and Atmospheric Science,dynamics-weather-systems;climate-variability-change,numerical_modeling,train
https://doi.org/10.1038/s41612-019-0084-6,The Cape Town “Day Zero” drought and Hadley cell expansion,2019,npj Climate and Atmospheric Science,climate-variability-change;extremes;hydrometeorology,numerical_modeling;review_synthesis,train
https://doi.org/10.1038/s41612-019-0086-4,Improved calculation of warming-equivalent emissions for short-lived climate pollutants,2019,npj Climate and Atmospheric Science,dynamics-weather-systems;atmospheric-chemistry;aerosols;climate-variability-change,unspecified,development
https://doi.org/10.1038/s41612-019-0091-7,‘Eastern African Paradox’ rainfall decline due to shorter not less intense Long Rains,2019,npj Climate and Atmospheric Science,cloud-precipitation-microphysics;climate-variability-change,numerical_modeling,train
https://doi.org/10.1038/s41612-019-0093-5,Biomass waste utilisation in low-carbon products: harnessing a major potential resource,2019,npj Climate and Atmospheric Science,atmospheric-chemistry;aerosols,unspecified,train
https://doi.org/10.1038/s41612-019-0095-3,Causes of large projected increases in hurricane precipitation rates with global warming,2019,npj Climate and Atmospheric Science,dynamics-weather-systems;cloud-precipitation-microphysics;climate-variability-change,numerical_modeling,development
https://doi.org/10.1038/s41612-019-0098-0,Nowcasting lightning occurrence from commonly available meteorological parameters using machine learning techniques,2019,npj Climate and Atmospheric Science,forecasting-predictability;statistics-causal-ml,numerical_modeling;statistical_ml,train
https://doi.org/10.1038/s41612-019-0103-7,Trends in United States large hail environments and observations,2019,npj Climate and Atmospheric Science,observations-instruments;climate-variability-change,observation;numerical_modeling,train
https://doi.org/10.1038/s41612-020-00131-0,Historical total ozone radiative forcing derived from CMIP6 simulations,2020,npj Climate and Atmospheric Science,dynamics-weather-systems;atmospheric-radiation;atmospheric-chemistry;aerosols;earth-system-models,numerical_modeling,train
https://doi.org/10.1038/s41612-020-00142-x,Exploring dependence of COVID-19 on environmental factors and spread prediction in India,2020,npj Climate and Atmospheric Science,forecasting-predictability;air-quality-exposure,unspecified,train
https://doi.org/10.1038/s41612-020-00145-8,Lifecycle of light-absorbing carbonaceous aerosols in the atmosphere,2020,npj Climate and Atmospheric Science,cloud-precipitation-microphysics;atmospheric-chemistry;aerosols,unspecified,train
https://doi.org/10.1038/s41612-020-00146-7,Sea ice and atmospheric circulation shape the high-latitude lapse rate feedback,2020,npj Climate and Atmospheric Science,dynamics-weather-systems;observations-instruments;climate-variability-change,observation;numerical_modeling,train
https://doi.org/10.1038/s41612-020-00148-5,Predicting global patterns of long-term climate change from short-term simulations using machine learning,2020,npj Climate and Atmospheric Science,observations-instruments;climate-variability-change;statistics-causal-ml,observation;numerical_modeling;statistical_ml,train
https://doi.org/10.1038/s41612-020-00149-4,Using UNSEEN trends to detect decadal changes in 100-year precipitation extremes,2020,npj Climate and Atmospheric Science,cloud-precipitation-microphysics;climate-variability-change;extremes,numerical_modeling,train
https://doi.org/10.1038/s41612-020-00151-w,Future changes in monsoon duration and precipitation using CMIP6,2020,npj Climate and Atmospheric Science,dynamics-weather-systems;cloud-precipitation-microphysics;climate-variability-change;earth-system-models,numerical_modeling,train
https://doi.org/10.1038/s41612-020-00153-8,"On the curious case of the recent decade, mid-spring precipitation deficit in central Europe",2020,npj Climate and Atmospheric Science,cloud-precipitation-microphysics;climate-variability-change;extremes;hydrometeorology,numerical_modeling,train
https://doi.org/10.1038/s41612-020-00154-7,Global phosphorus dynamics in terms of phosphine,2020,npj Climate and Atmospheric Science,dynamics-weather-systems;land-atmosphere,unspecified,train
https://doi.org/10.1038/s41612-020-00158-3,Anthropogenic warming and intraseasonal summer monsoon variability amplify the risk of future flash droughts in India,2021,npj Climate and Atmospheric Science,dynamics-weather-systems;climate-variability-change;extremes;hydrometeorology,numerical_modeling,train
https://doi.org/10.1038/s41612-020-00159-2,Incorrect Asian aerosols affecting the attribution and projection of regional climate change in CMIP6 models,2021,npj Climate and Atmospheric Science,cloud-precipitation-microphysics;atmospheric-chemistry;aerosols;climate-variability-change;earth-system-models;model-evaluation-downscaling,numerical_modeling,train
https://doi.org/10.1038/s41612-020-0106-4,Stochastic nucleation processes and substrate abundance explain time-dependent freezing in supercooled droplets,2020,npj Climate and Atmospheric Science,cloud-precipitation-microphysics;atmospheric-chemistry;aerosols,unspecified,train
https://doi.org/10.1038/s41612-020-0110-8,Increased European heat waves in recent decades in response to shrinking Arctic sea ice and Eurasian snow cover,2020,npj Climate and Atmospheric Science,dynamics-weather-systems;climate-variability-change,numerical_modeling,train
https://doi.org/10.1038/s41612-020-0113-5,Future exacerbation of hot and dry summer monsoon extremes in India,2020,npj Climate and Atmospheric Science,dynamics-weather-systems;climate-variability-change;extremes;hydrometeorology,numerical_modeling,train
https://doi.org/10.1038/s41612-020-0115-3,Designing vegetation barriers for urban air pollution abatement: a practical review for appropriate plant species selection,2020,npj Climate and Atmospheric Science,air-quality-exposure;land-atmosphere,review_synthesis,train
https://doi.org/10.1038/s41612-020-0116-2,Sea-spray regulates sulfate cloud droplet activation over oceans,2020,npj Climate and Atmospheric Science,cloud-precipitation-microphysics;atmospheric-chemistry;aerosols,unspecified,train
https://doi.org/10.1038/s41612-020-0120-6,Decadal predictability of North Atlantic blocking and the NAO,2020,npj Climate and Atmospheric Science,dynamics-weather-systems;forecasting-predictability;climate-variability-change,numerical_modeling,train
https://doi.org/10.1038/s41612-020-0121-5,Estimating global mean sea-level rise and its uncertainties by 2100 and 2300 from an expert survey,2020,npj Climate and Atmospheric Science,observations-instruments;climate-variability-change,observation;numerical_modeling,train
https://doi.org/10.1038/s41612-020-0124-2,Half the world’s population are exposed to increasing air pollution,2020,npj Climate and Atmospheric Science,air-quality-exposure;climate-variability-change,unspecified,train
https://doi.org/10.1038/s41612-020-0130-4,Increased rainfall stimulates permafrost thaw across a variety of Interior Alaskan boreal ecosystems,2020,npj Climate and Atmospheric Science,dynamics-weather-systems;cloud-precipitation-microphysics;observations-instruments;climate-variability-change,observation,blind_test
https://doi.org/10.1038/s41612-021-00165-y,The impacts of the atmospheric boundary layer on regional haze in North China,2021,npj Climate and Atmospheric Science,boundary-layer-turbulence;cloud-precipitation-microphysics;atmospheric-chemistry;aerosols,numerical_modeling,train
https://doi.org/10.1038/s41612-021-00169-8,Further improvement of warming-equivalent emissions calculation,2021,npj Climate and Atmospheric Science,dynamics-weather-systems;climate-variability-change,unspecified,train
https://doi.org/10.1038/s41612-021-00178-7,Business-as-usual will lead to super and ultra-extreme heatwaves in the Middle East and North Africa,2021,npj Climate and Atmospheric Science,dynamics-weather-systems;atmospheric-chemistry;aerosols;air-quality-exposure;climate-variability-change;extremes,numerical_modeling,train
https://doi.org/10.1038/s41612-021-00185-8,Ocean fertilization by pyrogenic aerosol iron,2021,npj Climate and Atmospheric Science,dynamics-weather-systems;atmospheric-chemistry;aerosols;ocean-atmosphere,unspecified,train
https://doi.org/10.1038/s41612-021-00190-x,Global climatology and trends in convective environments from ERA5 and rawinsonde data,2021,npj Climate and Atmospheric Science,dynamics-weather-systems;climate-variability-change,numerical_modeling;reanalysis,train
https://doi.org/10.1038/s41612-021-00192-9,Australia’s Black Summer pyrocumulonimbus super outbreak reveals potential for increasingly extreme stratospheric smoke events,2021,npj Climate and Atmospheric Science,cloud-precipitation-microphysics;atmospheric-chemistry;aerosols;extremes,unspecified,train
https://doi.org/10.1038/s41612-021-00202-w,Increasing heat and rainfall extremes now far outside the historical climate,2021,npj Climate and Atmospheric Science,dynamics-weather-systems;cloud-precipitation-microphysics;climate-variability-change;extremes,numerical_modeling,train
https://doi.org/10.1038/s41612-021-00211-9,Drivers behind the summer 2010 wave train leading to Russian heatwave and Pakistan flooding,2021,npj Climate and Atmospheric Science,dynamics-weather-systems;climate-variability-change;extremes,numerical_modeling,train
https://doi.org/10.1038/s41612-021-00218-2,Northern Hemisphere drought risk in a warming climate,2021,npj Climate and Atmospheric Science,climate-variability-change;extremes;hydrometeorology,numerical_modeling,train
https://doi.org/10.1038/s41612-021-00220-8,Likelihood of unprecedented drought and fire weather during Australia’s 2019 megafires,2021,npj Climate and Atmospheric Science,climate-variability-change;extremes,numerical_modeling,train
https://doi.org/10.1038/s41612-021-00224-4,Increased occurrence of high impact compound events under climate change,2022,npj Climate and Atmospheric Science,dynamics-weather-systems;climate-variability-change;extremes,numerical_modeling,train
https://doi.org/10.1038/s41612-021-00226-2,Indicate separate contributions of long-lived and short-lived greenhouse gases in emission targets,2022,npj Climate and Atmospheric Science,dynamics-weather-systems;atmospheric-chemistry;aerosols;climate-variability-change,unspecified,train
https://doi.org/10.1038/s41612-022-00238-6,Formation of secondary organic aerosols from anthropogenic precursors in laboratory studies,2022,npj Climate and Atmospheric Science,atmospheric-chemistry;aerosols;air-quality-exposure;climate-variability-change,unspecified,train
https://doi.org/10.1038/s41612-022-00239-5,Ecological and societal effects of Central Asian streamflow variation over the past eight centuries,2022,npj Climate and Atmospheric Science,extremes;hydrometeorology,unspecified,train
https://doi.org/10.1038/s41612-022-00248-4,Global increase in wildfire potential from compound fire weather and drought,2022,npj Climate and Atmospheric Science,dynamics-weather-systems;extremes,unspecified,train
https://doi.org/10.1038/s41612-022-00249-3,Seasonality and reduced nitric oxide titration dominated ozone increase during COVID-19 lockdown in eastern China,2022,npj Climate and Atmospheric Science,forecasting-predictability;atmospheric-chemistry;air-quality-exposure,unspecified,train
https://doi.org/10.1038/s41612-022-00255-5,Changes in temporal inequality of precipitation extremes over China due to anthropogenic forcings,2022,npj Climate and Atmospheric Science,dynamics-weather-systems;cloud-precipitation-microphysics;climate-variability-change;extremes,numerical_modeling,development
https://doi.org/10.1038/s41612-022-00265-3,Addressing nitrogenous gases from croplands toward low-emission agriculture,2022,npj Climate and Atmospheric Science,dynamics-weather-systems;land-atmosphere,unspecified,train
https://doi.org/10.1038/s41612-022-00272-4,Dynamics and characteristics of dry and moist heatwaves over East Asia,2022,npj Climate and Atmospheric Science,dynamics-weather-systems;climate-variability-change;extremes,numerical_modeling,train
https://doi.org/10.1038/s41612-022-00301-2,"On the future zonal contrasts of equatorial Pacific climate: Perspectives from Observations, Simulations, and Theories",2022,npj Climate and Atmospheric Science,observations-instruments;climate-variability-change,observation;numerical_modeling;review_synthesis,blind_test
https://doi.org/10.1038/s41612-022-00303-0,Recent frontiers of climate changes in East Asia at global warming of 1.5°C and 2°C,2022,npj Climate and Atmospheric Science,dynamics-weather-systems;climate-variability-change;extremes;hydrometeorology,numerical_modeling,train
https://doi.org/10.1038/s41612-022-00305-y,Single- and multi-year ENSO events controlled by pantropical climate interactions,2022,npj Climate and Atmospheric Science,climate-variability-change,numerical_modeling,blind_test
https://doi.org/10.1038/s41612-022-00325-8,Changes in land-atmosphere coupling increase compound drought and heatwaves over northern East Asia,2022,npj Climate and Atmospheric Science,dynamics-weather-systems;climate-variability-change;extremes;hydrometeorology;land-atmosphere,numerical_modeling,development
https://doi.org/10.1038/s41612-023-00365-8,"Local mechanisms for global daytime, nighttime, and compound heatwaves",2023,npj Climate and Atmospheric Science,dynamics-weather-systems;air-quality-exposure;climate-variability-change;extremes,numerical_modeling,train
https://doi.org/10.1038/s41612-023-00386-3,Linkages of unprecedented 2022 Yangtze River Valley heatwaves to Pakistan flood and triple-dip La Niña,2023,npj Climate and Atmospheric Science,dynamics-weather-systems;climate-variability-change;extremes,numerical_modeling,train
https://doi.org/10.1038/s41612-023-00388-1,AI for climate impacts: applications in flood risk,2023,npj Climate and Atmospheric Science,extremes;hydrometeorology,numerical_modeling;review_synthesis,development
https://doi.org/10.1038/s41612-023-00401-7,Global risk assessment of compound hot-dry events in the context of future climate change and socioeconomic factors,2023,npj Climate and Atmospheric Science,climate-variability-change;extremes,numerical_modeling;review_synthesis,train
https://doi.org/10.1038/s41612-023-00423-1,Drivers of accelerated warming in Mediterranean climate-type regions,2023,npj Climate and Atmospheric Science,dynamics-weather-systems;climate-variability-change,numerical_modeling,development
https://doi.org/10.1038/s41612-023-00458-4,Drought characteristics in Mediterranean under future climate change,2023,npj Climate and Atmospheric Science,climate-variability-change;extremes;hydrometeorology,numerical_modeling,blind_test
https://doi.org/10.1038/s41612-023-00468-2,Increased risk of flash droughts with raised concurrent hot and dry extremes under global warming,2023,npj Climate and Atmospheric Science,dynamics-weather-systems;climate-variability-change;extremes;hydrometeorology,numerical_modeling,train
https://doi.org/10.1038/s41612-023-00479-z,Urbanization alters atmospheric dryness through land evapotranspiration,2023,npj Climate and Atmospheric Science,air-quality-exposure;hydrometeorology;land-atmosphere,unspecified,train
https://doi.org/10.1038/s41612-023-00486-0,Downscaling and bias-correction contribute considerable uncertainty to local climate projections in CMIP6,2023,npj Climate and Atmospheric Science,dynamics-weather-systems;climate-variability-change;earth-system-models;model-evaluation-downscaling;quality-control-uncertainty,numerical_modeling,blind_test
https://doi.org/10.1038/s41612-023-00507-y,Climate influence on compound solar and wind droughts in Australia,2023,npj Climate and Atmospheric Science,atmospheric-radiation;climate-variability-change;extremes,numerical_modeling,development
https://doi.org/10.1038/s41612-023-00512-1,FuXi: a cascade machine learning forecasting system for 15-day global weather forecast,2023,npj Climate and Atmospheric Science,forecasting-predictability;climate-variability-change;hydrometeorology;statistics-causal-ml,numerical_modeling;statistical_ml,blind_test
https://doi.org/10.1038/s41612-023-00529-6,Record-high Antarctic Peninsula temperatures and surface melt in February 2022: a compound event with an intense atmospheric river,2023,npj Climate and Atmospheric Science,dynamics-weather-systems;observations-instruments;climate-variability-change;extremes,observation;numerical_modeling,train
https://doi.org/10.1038/s41612-023-00531-y,Accelerated soil drying linked to increasing evaporative demand in wet regions,2023,npj Climate and Atmospheric Science,dynamics-weather-systems;remote-sensing-retrieval;hydrometeorology;land-atmosphere,remote_sensing,development
https://doi.org/10.1038/s41612-024-00575-8,Europe faces up to tenfold increase in extreme fires in a warming climate,2024,npj Climate and Atmospheric Science,dynamics-weather-systems;climate-variability-change;extremes,unspecified,development
https://doi.org/10.1038/s41612-024-00578-5,Understanding climate change impacts on drought in China over the 21st century: a multi-model assessment from CMIP6,2024,npj Climate and Atmospheric Science,dynamics-weather-systems;climate-variability-change;extremes;hydrometeorology;earth-system-models,numerical_modeling;review_synthesis,blind_test
https://doi.org/10.1038/s41612-024-00598-1,One-third of global population at cancer risk due to elevated volatile organic compounds levels,2024,npj Climate and Atmospheric Science,forecasting-predictability;atmospheric-chemistry;aerosols;air-quality-exposure,unspecified,blind_test
https://doi.org/10.1038/s41612-024-00708-z,Urbanization-induced warming amplifies population exposure to compound heatwaves but narrows exposure inequality between global North and South cities,2024,npj Climate and Atmospheric Science,dynamics-weather-systems;air-quality-exposure;climate-variability-change;extremes;land-atmosphere,unspecified,train
https://doi.org/10.1038/s41612-024-00751-w,Land use and cover change accelerated China’s land carbon sinks limits soil carbon,2024,npj Climate and Atmospheric Science,dynamics-weather-systems;land-atmosphere,unspecified,train
https://doi.org/10.1038/s41612-024-00888-8,Soil moisture controls over carbon sequestration and greenhouse gas emissions: a review,2025,npj Climate and Atmospheric Science,dynamics-weather-systems;hydrometeorology;land-atmosphere,review_synthesis,train
https://doi.org/10.1038/s41612-025-00914-3,Global atmospheric distribution of microplastics with evidence of low oceanic emissions,2025,npj Climate and Atmospheric Science,unclassified,unspecified,development
https://doi.org/10.1038/s41612-025-01070-4,AirGPT: pioneering the convergence of conversational AI with atmospheric science,2025,npj Climate and Atmospheric Science,air-quality-exposure;statistics-causal-ml,unspecified,train
https://doi.org/10.1080/16000889.2017.1291158,A decadal inversion of CO2 using the Global Eulerian–Lagrangian Coupled Atmospheric model (GELCA): sensitivity to the ground-based observation network,2017,Tellus B: Chemical and Physical Meteorology,dynamics-weather-systems;atmospheric-chemistry;aerosols;observations-instruments,observation;numerical_modeling,train
https://doi.org/10.1080/16000889.2017.1299672,Source appointment of nitrogen in PM2.5 based on bulk δ15N signatures and a Bayesian isotope mixing model,2017,Tellus B: Chemical and Physical Meteorology,dynamics-weather-systems;atmospheric-chemistry;aerosols;air-quality-exposure,numerical_modeling,train
https://doi.org/10.1080/16000889.2017.1303228,"Characterization of fine particles during the 2014 Asia-Pacific economic cooperation summit: Number concentration, size distribution and sources",2017,Tellus B: Chemical and Physical Meteorology,atmospheric-chemistry;aerosols;air-quality-exposure,unspecified,train
https://doi.org/10.1080/16000889.2017.1304064,Impact of fatty acid coating on the CCN activity of sea salt particles,2017,Tellus B: Chemical and Physical Meteorology,cloud-precipitation-microphysics;atmospheric-chemistry;aerosols;air-quality-exposure,unspecified,blind_test
https://doi.org/10.1080/16000889.2017.1311767,"Seasonal and short-term variations in atmospheric potential oxygen at Ny-Ålesund, Svalbard",2017,Tellus B: Chemical and Physical Meteorology,dynamics-weather-systems;atmospheric-chemistry;ocean-atmosphere,unspecified,development
https://doi.org/10.1080/16000889.2017.1325723,Estimation of observation errors for large-scale atmospheric inversion of CO2 emissions from fossil fuel combustion,2017,Tellus B: Chemical and Physical Meteorology,dynamics-weather-systems;atmospheric-chemistry;aerosols;observations-instruments;quality-control-uncertainty,observation,train
https://doi.org/10.1080/16000889.2017.1328945,Deposition of sulphur and nitrogen in Europe 1900–2050. Model calculations and comparison to historical observations,2017,Tellus B: Chemical and Physical Meteorology,dynamics-weather-systems;atmospheric-chemistry;aerosols;observations-instruments,observation;numerical_modeling,train
https://doi.org/10.1080/16000889.2017.1339548,"Impacts of aerosol-radiation feedback on local air quality during a severe haze episode in Nanjing megacity, eastern China",2017,Tellus B: Chemical and Physical Meteorology,cloud-precipitation-microphysics;atmospheric-radiation;atmospheric-chemistry;aerosols;air-quality-exposure,unspecified,train
https://doi.org/10.1080/16000889.2017.1347484,Characteristics of chemical composition and role of meteorological factors during heavy aerosol pollution episodes in northern Beijing area in autumn and winter of 2015,2017,Tellus B: Chemical and Physical Meteorology,cloud-precipitation-microphysics;atmospheric-chemistry;aerosols;air-quality-exposure,unspecified,train
https://doi.org/10.1080/16000889.2017.1353388,A CO-based method to determine the regional biospheric signal in atmospheric CO2,2017,Tellus B: Chemical and Physical Meteorology,dynamics-weather-systems;climate-variability-change,numerical_modeling,train
https://doi.org/10.1080/16000889.2017.1361757,Spatial variability of wind-induced air pressure fluctuations responsible for pressure pumping,2017,Tellus B: Chemical and Physical Meteorology,dynamics-weather-systems,unspecified,blind_test
https://doi.org/10.1080/16000889.2017.1369341,"Springtime influences of Asian outflow and photochemistry on the distributions of diacids, oxoacids and α-dicarbonyls in the aerosols from the western North Pacific Rim",2017,Tellus B: Chemical and Physical Meteorology,cloud-precipitation-microphysics;atmospheric-chemistry;aerosols,unspecified,train
https://doi.org/10.1080/16000889.2017.1369342,Black carbon indirect radiative effects in a climate model,2017,Tellus B: Chemical and Physical Meteorology,cloud-precipitation-microphysics;atmospheric-radiation;atmospheric-chemistry;aerosols,numerical_modeling,train
https://doi.org/10.1080/16000889.2017.1380497,"Long-term variations of the mole fraction and carbon isotope ratio of atmospheric methane observed at Ny-Ålesund, Svalbard from 1996 to 2013",2017,Tellus B: Chemical and Physical Meteorology,dynamics-weather-systems;atmospheric-chemistry;aerosols,unspecified,train
https://doi.org/10.1080/16000889.2017.1391663,Negligible local-factor influences on tree ring cellulose δ18O of Qilian juniper in the Animaqing Mountains of the eastern Tibetan Plateau,2017,Tellus B: Chemical and Physical Meteorology,dynamics-weather-systems,unspecified,blind_test
https://doi.org/10.1080/16000889.2017.1399047,"Emission factors of CO2, CO and CH4 from Sumatran peatland fires in 2013 based on shipboard measurements",2017,Tellus B: Chemical and Physical Meteorology,dynamics-weather-systems;atmospheric-chemistry;aerosols;observations-instruments,observation,blind_test
https://doi.org/10.1080/16000889.2017.1414571,Primary sources control the variability of aerosol optical properties in the Antarctic Peninsula,2018,Tellus B: Chemical and Physical Meteorology,cloud-precipitation-microphysics;atmospheric-chemistry;aerosols,unspecified,train
https://doi.org/10.1080/16000889.2018.1443655,"Tree-ring stable carbon isotope-based June–September maximum temperature reconstruction since AD 1788, north-west Thailand",2018,Tellus B: Chemical and Physical Meteorology,climate-variability-change,numerical_modeling,development
https://doi.org/10.1080/16000889.2018.1450589,"The observed relationship of cloud to surface longwave radiation and air temperature at Ny-Ålesund, Svalbard",2018,Tellus B: Chemical and Physical Meteorology,dynamics-weather-systems;cloud-precipitation-microphysics;atmospheric-radiation;atmospheric-chemistry;aerosols;climate-variability-change,numerical_modeling,train
https://doi.org/10.1080/16000889.2018.1463806,A continuous flow diffusion chamber study of sea salt particles acting as cloud nuclei: deliquescence and ice nucleation,2018,Tellus B: Chemical and Physical Meteorology,cloud-precipitation-microphysics;atmospheric-chemistry;aerosols,unspecified,train
https://doi.org/10.1080/16000889.2018.1464871,Anthropogenic fine aerosols dominate the wintertime regime over the northern Indian Ocean,2018,Tellus B: Chemical and Physical Meteorology,cloud-precipitation-microphysics;atmospheric-chemistry;aerosols;climate-variability-change,unspecified,train
https://doi.org/10.1080/16000889.2018.1468705,"Distributions and light absorption property of water soluble organic carbon in a typical temperate glacier, southeastern Tibetan Plateau",2018,Tellus B: Chemical and Physical Meteorology,atmospheric-chemistry;aerosols;observations-instruments,observation,train
https://doi.org/10.1080/16000889.2018.1476435,Sensitivity assessment of PM2.5 simulation to the below-cloud washout schemes in an atmospheric chemical transport model,2018,Tellus B: Chemical and Physical Meteorology,cloud-precipitation-microphysics;atmospheric-chemistry;aerosols;air-quality-exposure,numerical_modeling;review_synthesis,train
https://doi.org/10.1080/16000889.2018.1478594,Estimates of methane emissions from the Southern Ocean from quasi-continuous underway measurements of the partial pressure of methane in surface seawater during the 2012/13 austral summer,2018,Tellus B: Chemical and Physical Meteorology,dynamics-weather-systems;atmospheric-chemistry;observations-instruments,observation,train
https://doi.org/10.1080/16000889.2018.1507390,Mass flux analysis of 137Cs plumes emitted from the Fukushima Daiichi nuclear power plant,2018,Tellus B: Chemical and Physical Meteorology,dynamics-weather-systems;observations-instruments,observation,development
https://doi.org/10.1080/16000889.2018.1513291,The seasonal characteristics of cloud condensation nuclei (CCN) in the arctic lower troposphere,2018,Tellus B: Chemical and Physical Meteorology,cloud-precipitation-microphysics;atmospheric-chemistry;aerosols,unspecified,train
https://doi.org/10.1080/16000889.2018.1528134,Reflections on the threshold for PM2.5 explosive growth in the cumulative stage of winter heavy aerosol pollution episodes (HPEs) in Beijing,2019,Tellus B: Chemical and Physical Meteorology,cloud-precipitation-microphysics;atmospheric-chemistry;aerosols;air-quality-exposure,unspecified,train
https://doi.org/10.1080/16000889.2018.1530031,Predicting atmospheric particle formation days by Bayesian classification of the time series features,2018,Tellus B: Chemical and Physical Meteorology,forecasting-predictability;atmospheric-chemistry;aerosols;air-quality-exposure,unspecified,train
https://doi.org/10.1080/16000889.2018.1539618,"Microphysical properties and radiative impact of an intense biomass burning aerosol event measured over Ny-Ålesund, Spitsbergen in July 2015",2018,Tellus B: Chemical and Physical Meteorology,dynamics-weather-systems;cloud-precipitation-microphysics;atmospheric-radiation;atmospheric-chemistry;aerosols,unspecified,train
https://doi.org/10.1080/16000889.2018.1550324,"The particle dry deposition component of total deposition from air quality models: right, wrong or uncertain?",2019,Tellus B: Chemical and Physical Meteorology,atmospheric-chemistry;aerosols;air-quality-exposure,numerical_modeling,train
https://doi.org/10.1080/16000889.2018.1554414,Trends in MODIS and AERONET derived aerosol optical thickness over Northern Europe,2019,Tellus B: Chemical and Physical Meteorology,cloud-precipitation-microphysics;atmospheric-chemistry;aerosols,unspecified,train
https://doi.org/10.1080/16000889.2018.1554415,Monte Carlo simulations of homogeneous nucleation and particle growth in the presence of background particles,2019,Tellus B: Chemical and Physical Meteorology,dynamics-weather-systems,numerical_modeling,blind_test
https://doi.org/10.1080/16000889.2018.1565030,Methane budget estimates in Finland from the CarbonTracker Europe-CH4 data assimilation system,2019,Tellus B: Chemical and Physical Meteorology,dynamics-weather-systems;atmospheric-chemistry;numerical-weather-prediction;climate-variability-change,unspecified,train
https://doi.org/10.1080/16000889.2019.1581004,Estimating methane emissions using vegetation mapping in the taiga–tundra boundary of a north-eastern Siberian lowland,2019,Tellus B: Chemical and Physical Meteorology,atmospheric-chemistry;observations-instruments;climate-variability-change;land-atmosphere,observation,development
https://doi.org/10.1080/16000889.2019.1601987,"Assessing moisture sources of precipitation in the Western Pamir Mountains (Tajikistan, Central Asia) using deuterium excess",2019,Tellus B: Chemical and Physical Meteorology,cloud-precipitation-microphysics;atmospheric-chemistry;observations-instruments;climate-variability-change,observation;numerical_modeling,train
https://doi.org/10.1080/16000889.2019.1613143,New insights in sources of the sub-micrometre aerosol at Mt. Zeppelin observatory (Spitsbergen) in the year 2015,2019,Tellus B: Chemical and Physical Meteorology,dynamics-weather-systems;atmospheric-chemistry;aerosols,unspecified,train
https://doi.org/10.1080/16000889.2019.1620079,Aqueous-phase reactions occurred in the PM2.5 cumulative explosive growth during the heavy pollution episode (HPE) in 2016 Beijing wintertime,2019,Tellus B: Chemical and Physical Meteorology,cloud-precipitation-microphysics;atmospheric-chemistry;aerosols;air-quality-exposure,unspecified,development
https://doi.org/10.1080/16000889.2019.1623639,The MACv2 aerosol climatology,2019,Tellus B: Chemical and Physical Meteorology,cloud-precipitation-microphysics;atmospheric-chemistry;aerosols,unspecified,train
https://doi.org/10.1080/16000889.2019.1627846,"Seasonal trends of the stable nitrogen isotope ratio in particulate nitrogen compounds and their gaseous precursors in Akita, Japan",2019,Tellus B: Chemical and Physical Meteorology,dynamics-weather-systems;atmospheric-chemistry;aerosols,unspecified,train
https://doi.org/10.1080/16000889.2019.1633848,North Atlantic weather regimes in δ18O of winter precipitation: isotopic fingerprint of the response in the atmospheric circulation after volcanic eruptions,2019,Tellus B: Chemical and Physical Meteorology,dynamics-weather-systems;cloud-precipitation-microphysics;atmospheric-chemistry;climate-variability-change,numerical_modeling,train
https://doi.org/10.1080/16000889.2019.1663994,"Aircraft measurements of aerosol distribution, warm cloud microphysical properties, and their relationship over the Eastern Loess Plateau in China",2019,Tellus B: Chemical and Physical Meteorology,cloud-precipitation-microphysics;atmospheric-chemistry;aerosols;observations-instruments,observation,train
https://doi.org/10.1080/16000889.2019.1695349,Airborne survey of trace gases and aerosols over the Southern Baltic Sea: from clean marine boundary layer to shipping corridor effect,2019,Tellus B: Chemical and Physical Meteorology,boundary-layer-turbulence;atmospheric-chemistry;aerosols;air-quality-exposure;ocean-atmosphere,unspecified,train
https://doi.org/10.1080/16000889.2020.1721224,The effects of moisture sources and local parameters on the 18O and 2H contents of precipitation in the west of Iran and the east of Iraq,2020,Tellus B: Chemical and Physical Meteorology,cloud-precipitation-microphysics;atmospheric-chemistry;observations-instruments;climate-variability-change,observation;numerical_modeling,train
https://doi.org/10.1080/16000889.2020.1721967,"The main controls of the precipitation stable isotopes at Kathmandu, Nepal",2020,Tellus B: Chemical and Physical Meteorology,cloud-precipitation-microphysics;atmospheric-chemistry;climate-variability-change,numerical_modeling,train
https://doi.org/10.1080/16000889.2020.1723346,Ozone exchange within and above an irrigated Californian orchard,2020,Tellus B: Chemical and Physical Meteorology,dynamics-weather-systems;atmospheric-chemistry;aerosols,unspecified,development
https://doi.org/10.1080/16000889.2020.1770509,A 210-year tree-ring δ18O record in North China and its relationship with large-scale circulations,2020,Tellus B: Chemical and Physical Meteorology,dynamics-weather-systems,unspecified,development
https://doi.org/10.1080/16000889.2020.1773722,"Deuterium excess and 17O-excess variability in meteoric water across the Pacific Northwest, USA",2020,Tellus B: Chemical and Physical Meteorology,atmospheric-chemistry,unspecified,blind_test
https://doi.org/10.1080/16000889.2020.1776080,Physical and chemical properties of aerosol particles and cloud residuals on Mt. Åreskutan in Central Sweden during summer 2014,2020,Tellus B: Chemical and Physical Meteorology,cloud-precipitation-microphysics;atmospheric-chemistry;aerosols;air-quality-exposure,unspecified,train
https://doi.org/10.1080/16000889.2020.1778968,"Dissolved organic carbon in Alaskan Arctic snow: concentrations, light-absorption properties, and bioavailability",2020,Tellus B: Chemical and Physical Meteorology,dynamics-weather-systems;atmospheric-chemistry;aerosols;observations-instruments,observation,blind_test
https://doi.org/10.1080/16000889.2020.1792756,Changes in aerosol size distributions over the Indian Ocean during different meteorological conditions,2020,Tellus B: Chemical and Physical Meteorology,cloud-precipitation-microphysics;atmospheric-chemistry;aerosols;air-quality-exposure,unspecified,train
https://doi.org/10.1080/16000889.2020.1794236,Summary of a workshop on extreme weather events in a warming world organized by the Royal Swedish Academy of Sciences,2020,Tellus B: Chemical and Physical Meteorology,climate-variability-change;extremes,numerical_modeling;review_synthesis,train
https://doi.org/10.1080/16000889.2020.1801305,"Exploring controlling factors for sea spray aerosol production: temperature, inorganic ions and organic surfactants",2020,Tellus B: Chemical and Physical Meteorology,dynamics-weather-systems;cloud-precipitation-microphysics;atmospheric-chemistry;aerosols;ocean-atmosphere,unspecified,blind_test
https://doi.org/10.1080/16000889.2020.1803708,"Aerosol carbonaceous, elemental and ionic composition variability and origin at the Siberian High Arctic, Cape Baranova",2020,Tellus B: Chemical and Physical Meteorology,dynamics-weather-systems;atmospheric-chemistry;aerosols,unspecified,blind_test
https://doi.org/10.1080/16000889.2020.1821512,"Increasing trends (2001–2018) in photochemical activity and secondary aerosols in Santiago, Chile",2020,Tellus B: Chemical and Physical Meteorology,atmospheric-chemistry;aerosols;air-quality-exposure,unspecified,development
https://doi.org/10.1080/16000889.2020.1822063,Net carbon ecosystem exchange during 24 years in the Sorø Beech Forest – relations to phenology and climate,2020,Tellus B: Chemical and Physical Meteorology,dynamics-weather-systems;climate-variability-change,numerical_modeling,train
https://doi.org/10.1080/16000889.2020.1823733,"Characterisation of methane sources in Lutjewad, The Netherlands, using quasi-continuous isotopic composition measurements",2020,Tellus B: Chemical and Physical Meteorology,dynamics-weather-systems;atmospheric-chemistry;aerosols;observations-instruments,observation,train
https://doi.org/10.1080/16000889.2020.1824486,Greenhouse gas observation network design for Africa,2020,Tellus B: Chemical and Physical Meteorology,dynamics-weather-systems;observations-instruments;climate-variability-change,observation;numerical_modeling,train
https://doi.org/10.1080/16000889.2020.1863707,"Analysis of the temporal variability of CO2, CH4 and CO concentrations at Lamto, West Africa",2020,Tellus B: Chemical and Physical Meteorology,dynamics-weather-systems;atmospheric-chemistry;aerosols,unspecified,blind_test
https://doi.org/10.1080/16000889.2021.1875585,Simultaneous measurement of methylamine in size-segregated aerosols and the gas phase,2021,Tellus B: Chemical and Physical Meteorology,atmospheric-chemistry;aerosols;air-quality-exposure;observations-instruments,observation,train
https://doi.org/10.1080/16000889.2021.1898906,Temperature inversions in China derived from sounding data from 1976 to 2015,2021,Tellus B: Chemical and Physical Meteorology,cloud-precipitation-microphysics;aerosols;climate-variability-change,numerical_modeling,blind_test
https://doi.org/10.1080/16000889.2021.1915614,The development of a miniaturised balloon-borne cloud water sampler and its first deployment in the high Arctic,2021,Tellus B: Chemical and Physical Meteorology,cloud-precipitation-microphysics;atmospheric-chemistry;aerosols,unspecified,development
https://doi.org/10.1080/16000889.2021.1915648,Selected breakpoints of net forest carbon uptake at four eddy-covariance sites,2021,Tellus B: Chemical and Physical Meteorology,dynamics-weather-systems,unspecified,development
https://doi.org/10.1080/16000889.2021.1917862,Society needs experts with climate change competencies – what is the role of higher education in atmospheric and Earth system sciences?,2021,Tellus B: Chemical and Physical Meteorology,climate-variability-change,unspecified,blind_test
https://doi.org/10.1080/16000889.2021.1933780,"The impact of a foehn wind on PM10 concentrations and the urban boundary layer in complex terrain: a case study from Kraków, Poland",2021,Tellus B: Chemical and Physical Meteorology,boundary-layer-turbulence;atmospheric-chemistry;aerosols;air-quality-exposure;land-atmosphere,unspecified,train
https://doi.org/10.1080/16000889.2021.1933783,"Evolution of observed ozone, trace gases, and meteorological variables over Arrival Heights, Antarctica (77.8°S, 166.7°E) during the 2019 Antarctic stratospheric sudden warming",2021,Tellus B: Chemical and Physical Meteorology,dynamics-weather-systems;atmospheric-chemistry;aerosols;climate-variability-change,unspecified,train
https://doi.org/10.1080/16000889.2021.1971924,Role of river discharge and warming on ocean acidification and pCO2 levels in the Bay of Bengal,2021,Tellus B: Chemical and Physical Meteorology,climate-variability-change;ocean-atmosphere,unspecified,train
https://doi.org/10.1080/16000889.2021.1971925,Assessment of COVID-19 effects on satellite-observed aerosol loading over China with machine learning,2021,Tellus B: Chemical and Physical Meteorology,cloud-precipitation-microphysics;aerosols;air-quality-exposure;remote-sensing-retrieval;statistics-causal-ml,remote_sensing;statistical_ml;review_synthesis,train
https://doi.org/10.1080/16000889.2021.1979856,Transport and chemistry of isoprene and its oxidation products in deep convective clouds,2021,Tellus B: Chemical and Physical Meteorology,cloud-precipitation-microphysics;atmospheric-chemistry;aerosols,unspecified,blind_test
https://doi.org/10.1175/2016bamsstateoftheclimate.1,State of the Climate in 2015,2016,Bulletin of the American Meteorological Society,climate-variability-change,unspecified,train
https://doi.org/10.1175/2018bamsstateoftheclimate.1,State of the Climate in 2017,2018,Bulletin of the American Meteorological Society,dynamics-weather-systems;climate-variability-change,unspecified,development
https://doi.org/10.1175/2019bamsstateoftheclimate.1,State of the Climate in 2018,2019,Bulletin of the American Meteorological Society,dynamics-weather-systems;atmospheric-chemistry;aerosols;climate-variability-change,numerical_modeling,train
https://doi.org/10.1175/2020bamsstateoftheclimate.1,State of the Climate in 2019,2020,Bulletin of the American Meteorological Society,dynamics-weather-systems;air-quality-exposure;climate-variability-change,unspecified,train
https://doi.org/10.1175/2021bamsstateoftheclimate.1,State of the Climate in 2020,2021,Bulletin of the American Meteorological Society,climate-variability-change;ocean-atmosphere,unspecified,train
https://doi.org/10.1175/bams-d-14-00173.1,Multi-Radar Multi-Sensor (MRMS) Severe Weather and Aviation Products: Initial Operating Capabilities,2016,Bulletin of the American Meteorological Society,cloud-precipitation-microphysics;aerosols;remote-sensing-retrieval;observations-instruments;climate-variability-change,observation;remote_sensing;numerical_modeling,train
https://doi.org/10.1175/bams-d-14-00193.1,Where Are the Lightning Hotspots on Earth?,2016,Bulletin of the American Meteorological Society,unclassified,numerical_modeling,train
https://doi.org/10.1175/bams-d-14-00226.1,Reanalyses and Observations: What’s the Difference?,2016,Bulletin of the American Meteorological Society,dynamics-weather-systems;observations-instruments;climate-variability-change,observation;numerical_modeling,train
https://doi.org/10.1175/bams-d-14-00246.1,Advancing Polar Prediction Capabilities on Daily to Seasonal Time Scales,2016,Bulletin of the American Meteorological Society,dynamics-weather-systems;forecasting-predictability;observations-instruments;climate-variability-change,observation,train
https://doi.org/10.1175/bams-d-14-00255.1,ACRIDICON–CHUVA Campaign: Studying Tropical Deep Convective Clouds and Precipitation over Amazonia Using the New German Research Aircraft HALO,2016,Bulletin of the American Meteorological Society,cloud-precipitation-microphysics;atmospheric-chemistry;aerosols;observations-instruments,observation,train
https://doi.org/10.1175/bams-d-14-00283.1,"So, How Much of the Earth’s Surface Is Covered by Rain Gauges?",2016,Bulletin of the American Meteorological Society,cloud-precipitation-microphysics;observations-instruments;climate-variability-change,observation;numerical_modeling,development
https://doi.org/10.1175/bams-d-15-00013.1,CMIP5 Scientific Gaps and Recommendations for CMIP6,2016,Bulletin of the American Meteorological Society,dynamics-weather-systems;climate-variability-change;earth-system-models,numerical_modeling,train
https://doi.org/10.1175/bams-d-15-0004.1,Do Convection-Permitting Regional Climate Models Improve Projections of Future Precipitation Change?,2016,Bulletin of the American Meteorological Society,dynamics-weather-systems;cloud-precipitation-microphysics;climate-variability-change;model-evaluation-downscaling,numerical_modeling,train
https://doi.org/10.1175/bams-d-15-00082.1,Smoke and Clouds above the Southeast Atlantic: Upcoming Field Campaigns Probe Absorbing Aerosol’s Impact on Climate,2016,Bulletin of the American Meteorological Society,cloud-precipitation-microphysics;atmospheric-chemistry;aerosols;observations-instruments,observation,development
https://doi.org/10.1175/bams-d-15-00135.1,The Art and Science of Climate Model Tuning,2016,Bulletin of the American Meteorological Society,dynamics-weather-systems;climate-variability-change,numerical_modeling,train
https://doi.org/10.1175/bams-d-15-00142.1,The Saharan Aerosol Long-Range Transport and Aerosol–Cloud-Interaction Experiment: Overview and Selected Highlights,2016,Bulletin of the American Meteorological Society,cloud-precipitation-microphysics;atmospheric-chemistry;aerosols,unspecified,blind_test
https://doi.org/10.1175/bams-d-15-00212.1,What Is the Polar Vortex and How Does It Influence Weather?,2016,Bulletin of the American Meteorological Society,atmospheric-chemistry;climate-variability-change,numerical_modeling,development
https://doi.org/10.1175/bams-d-15-00213.1,ML-CIRRUS: The Airborne Experiment on Natural Cirrus and Contrail Cirrus with the High-Altitude Long-Range Research Aircraft HALO,2016,Bulletin of the American Meteorological Society,cloud-precipitation-microphysics;atmospheric-chemistry;aerosols,unspecified,train
https://doi.org/10.1175/bams-d-15-00221.1,"The Green Ocean Amazon Experiment (GoAmazon2014/5) Observes Pollution Affecting Gases, Aerosols, Clouds, and Rainfall over the Rain Forest",2016,Bulletin of the American Meteorological Society,cloud-precipitation-microphysics;atmospheric-chemistry;aerosols;air-quality-exposure,unspecified,blind_test
https://doi.org/10.1175/bams-d-15-00224.1,"Reservoir Evaporation in the Western United States: Current Science, Challenges, and Future Needs",2017,Bulletin of the American Meteorological Society,dynamics-weather-systems;hydrometeorology,unspecified,train
https://doi.org/10.1175/bams-d-15-00230.1,A Closer Look at the ABI on the GOES-R Series,2016,Bulletin of the American Meteorological Society,dynamics-weather-systems;cloud-precipitation-microphysics;aerosols,numerical_modeling,blind_test
https://doi.org/10.1175/bams-d-15-00235.1,The Southern China Monsoon Rainfall Experiment (SCMREX),2016,Bulletin of the American Meteorological Society,dynamics-weather-systems;cloud-precipitation-microphysics;observations-instruments;climate-variability-change,observation;numerical_modeling,train
https://doi.org/10.1175/bams-d-15-00243.1,Real-Time Flood Forecasting and Information System for the State of Iowa,2016,Bulletin of the American Meteorological Society,forecasting-predictability;extremes;hydrometeorology,review_synthesis,development
https://doi.org/10.1175/bams-d-15-00247.1,The FLASH Project: Improving the Tools for Flash Flood Monitoring and Prediction across the United States,2016,Bulletin of the American Meteorological Society,forecasting-predictability;extremes;hydrometeorology,numerical_modeling;review_synthesis,train
https://doi.org/10.1175/bams-d-15-00257.1,The 2015 Plains Elevated Convection at Night Field Project,2016,Bulletin of the American Meteorological Society,dynamics-weather-systems;cloud-precipitation-microphysics;aerosols;climate-variability-change,numerical_modeling,development
https://doi.org/10.1175/bams-d-15-00267.1,"“The Stippling Shows Statistically Significant Grid Points”: How Research Results are Routinely Overstated and Overinterpreted, and What to Do about It",2016,Bulletin of the American Meteorological Society,statistics-causal-ml,numerical_modeling;statistical_ml,train
https://doi.org/10.1175/bams-d-15-00268.1,Stochastic Parameterization: Toward a New View of Weather and Climate Models,2016,Bulletin of the American Meteorological Society,dynamics-weather-systems;climate-variability-change;model-evaluation-downscaling,numerical_modeling,train
https://doi.org/10.1175/bams-d-15-00299.1,Global Climatologies of Eulerian and Lagrangian Flow Features based on ERA-Interim,2017,Bulletin of the American Meteorological Society,dynamics-weather-systems;climate-variability-change,numerical_modeling,train
https://doi.org/10.1175/bams-d-15-00306.1,The Global Precipitation Measurement (GPM) Mission for Science and Society,2016,Bulletin of the American Meteorological Society,cloud-precipitation-microphysics;remote-sensing-retrieval;observations-instruments;hydrometeorology;land-atmosphere,observation;remote_sensing;numerical_modeling,blind_test
https://doi.org/10.1175/bams-d-15-00308.1,"The Weather Research and Forecasting Model: Overview, System Efforts, and Future Directions",2017,Bulletin of the American Meteorological Society,dynamics-weather-systems;forecasting-predictability;climate-variability-change,numerical_modeling,train
https://doi.org/10.1175/bams-d-15-00324.1,Climate Engine: Cloud Computing and Visualization of Climate and Remote Sensing Data for Advanced Natural Resource Monitoring and Process Understanding,2017,Bulletin of the American Meteorological Society,dynamics-weather-systems;cloud-precipitation-microphysics;remote-sensing-retrieval,remote_sensing;numerical_modeling,train
https://doi.org/10.1175/bams-d-16-0007.1,Estimating Changes in Global Temperature since the Preindustrial Period,2017,Bulletin of the American Meteorological Society,dynamics-weather-systems;aerosols;climate-variability-change,numerical_modeling,train
https://doi.org/10.1175/bams-d-16-0009.1,Observing and Predicting the 2015/16 El Niño,2016,Bulletin of the American Meteorological Society,climate-variability-change,numerical_modeling,development
https://doi.org/10.1175/bams-d-16-0017.1,The Subseasonal to Seasonal (S2S) Prediction Project Database,2016,Bulletin of the American Meteorological Society,forecasting-predictability;climate-variability-change,numerical_modeling,train
https://doi.org/10.1175/bams-d-16-0019.1,PDRMIP: A Precipitation Driver and Response Model Intercomparison Project—Protocol and Preliminary Results,2016,Bulletin of the American Meteorological Society,cloud-precipitation-microphysics;climate-variability-change;hydrometeorology;quality-control-uncertainty,numerical_modeling,train
https://doi.org/10.1175/bams-d-16-0030.1,Climate Process Team on Internal Wave–Driven Ocean Mixing,2017,Bulletin of the American Meteorological Society,dynamics-weather-systems;remote-sensing-retrieval;climate-variability-change,remote_sensing;numerical_modeling,train
https://doi.org/10.1175/bams-d-16-0046.1,CASPER: Coupled Air–Sea Processes and Electromagnetic Ducting Research,2017,Bulletin of the American Meteorological Society,dynamics-weather-systems;cloud-precipitation-microphysics;remote-sensing-retrieval;observations-instruments,observation;remote_sensing,train
https://doi.org/10.1175/bams-d-16-0052.1,Capability of the SMAP Mission to Measure Ocean Surface Winds in Storms,2017,Bulletin of the American Meteorological Society,dynamics-weather-systems;remote-sensing-retrieval;hydrometeorology;land-atmosphere,remote_sensing,train
https://doi.org/10.1175/bams-d-16-0057.1,Overturning in the Subpolar North Atlantic Program: A New International Ocean Observing System,2016,Bulletin of the American Meteorological Society,climate-variability-change;ocean-atmosphere,numerical_modeling,development
https://doi.org/10.1175/bams-d-16-0065.1,"Introducing the New Generation of Chinese Geostationary Weather Satellites, Fengyun-4",2016,Bulletin of the American Meteorological Society,dynamics-weather-systems;cloud-precipitation-microphysics;aerosols;remote-sensing-retrieval,observation;remote_sensing;numerical_modeling,train
https://doi.org/10.1175/bams-d-16-0099.1,"Over 5,000 Years of Ensemble Future Climate Simulations by 60-km Global and 20-km Regional Atmospheric Models",2016,Bulletin of the American Meteorological Society,dynamics-weather-systems;forecasting-predictability;climate-variability-change,numerical_modeling,blind_test
https://doi.org/10.1175/bams-d-16-0123.1,Using Artificial Intelligence to Improve Real-Time Decision-Making for High-Impact Weather,2017,Bulletin of the American Meteorological Society,climate-variability-change;extremes;statistics-causal-ml,numerical_modeling;review_synthesis,development
https://doi.org/10.1175/bams-d-16-0134.1,Will Global Warming Make Hurricane Forecasting More Difficult?,2016,Bulletin of the American Meteorological Society,dynamics-weather-systems;forecasting-predictability;climate-variability-change,numerical_modeling,blind_test
https://doi.org/10.1175/bams-d-16-0182.1,The Olympic Mountains Experiment (OLYMPEX),2017,Bulletin of the American Meteorological Society,cloud-precipitation-microphysics;observations-instruments,observation;numerical_modeling,train
https://doi.org/10.1175/bams-d-16-0236.1,"WUDAPT: An Urban Weather, Climate, and Environmental Modeling Infrastructure for the Anthropocene",2018,Bulletin of the American Meteorological Society,remote-sensing-retrieval;land-atmosphere,remote_sensing;numerical_modeling,development
https://doi.org/10.1175/bams-d-16-0244.1,The Grape Remote Sensing Atmospheric Profile and Evapotranspiration Experiment,2018,Bulletin of the American Meteorological Society,dynamics-weather-systems;remote-sensing-retrieval;hydrometeorology,remote_sensing,train
https://doi.org/10.1175/bams-d-16-0259.1,More-Persistent Weak Stratospheric Polar Vortex States Linked to Cold Extremes,2017,Bulletin of the American Meteorological Society,dynamics-weather-systems;atmospheric-chemistry;climate-variability-change;extremes,numerical_modeling,blind_test
https://doi.org/10.1175/bams-d-16-0287.1,The ITCZ and the Seasonal Cycle over Equatorial Africa,2018,Bulletin of the American Meteorological Society,dynamics-weather-systems;climate-variability-change,numerical_modeling,blind_test
https://doi.org/10.1175/bams-d-16-0292.1,Defining Ecological Drought for the Twenty-First Century,2017,Bulletin of the American Meteorological Society,dynamics-weather-systems;climate-variability-change;extremes;hydrometeorology,numerical_modeling,train
https://doi.org/10.1175/bams-d-16-0301.1,PM2.5 Pollution in China and How It Has Been Exacerbated by Terrain and Meteorological Conditions,2017,Bulletin of the American Meteorological Society,cloud-precipitation-microphysics;atmospheric-chemistry;aerosols;air-quality-exposure,unspecified,blind_test
https://doi.org/10.1175/bams-d-16-0324.1,CloudSat and CALIPSO within the A-Train: Ten Years of Actively Observing the Earth System,2017,Bulletin of the American Meteorological Society,cloud-precipitation-microphysics;atmospheric-chemistry;aerosols,unspecified,train
https://doi.org/10.1175/bams-d-17-0001.1,Land–Atmosphere Interactions: The LoCo Perspective,2017,Bulletin of the American Meteorological Society,remote-sensing-retrieval;climate-variability-change;hydrometeorology;land-atmosphere,remote_sensing;numerical_modeling;review_synthesis,train
https://doi.org/10.1175/bams-d-17-0003.1,The North Atlantic Waveguide and Downstream Impact Experiment,2018,Bulletin of the American Meteorological Society,dynamics-weather-systems;cloud-precipitation-microphysics;aerosols;climate-variability-change,numerical_modeling,train
https://doi.org/10.1175/bams-d-17-0036.1,Coupled Data Assimilation for Integrated Earth System Analysis and Prediction,2017,Bulletin of the American Meteorological Society,forecasting-predictability;observations-instruments;numerical-weather-prediction;climate-variability-change,observation;numerical_modeling,train
https://doi.org/10.1175/bams-d-17-0057.1,"Recent Third Pole’s Rapid Warming Accompanies Cryospheric Melt and Water Cycle Intensification and Interactions between Monsoon and Environment: Multidisciplinary Approach with Observations, Modeling, and Analysis",2018,Bulletin of the American Meteorological Society,dynamics-weather-systems;observations-instruments;climate-variability-change;hydrometeorology,observation;numerical_modeling,train
https://doi.org/10.1175/bams-d-17-0098.1,Predicting Near-Term Changes in the Earth System: A Large Ensemble of Initialized Decadal Prediction Simulations Using the Community Earth System Model,2018,Bulletin of the American Meteorological Society,dynamics-weather-systems;forecasting-predictability;climate-variability-change;earth-system-models,numerical_modeling,train
https://doi.org/10.1175/bams-d-17-0133.1,"Comprehensive Study of Optical, Physical, Chemical, and Radiative Properties of Total Columnar Atmospheric Aerosols over China: An Overview of Sun–Sky Radiometer Observation Network (SONET) Measurements",2017,Bulletin of the American Meteorological Society,cloud-precipitation-microphysics;atmospheric-radiation;atmospheric-chemistry;aerosols;remote-sensing-retrieval;observations-instruments,observation,train
https://doi.org/10.1175/bams-d-17-0138.1,MSWEP V2 Global 3-Hourly 0.1° Precipitation: Methodology and Quantitative Assessment,2018,Bulletin of the American Meteorological Society,cloud-precipitation-microphysics;observations-instruments;climate-variability-change,observation;numerical_modeling;review_synthesis,train
https://doi.org/10.1175/bams-d-17-0149.1,Flash Droughts: A Review and Assessment of the Challenges Imposed by Rapid-Onset Droughts in the United States,2017,Bulletin of the American Meteorological Society,climate-variability-change;extremes;hydrometeorology,numerical_modeling;review_synthesis,train
https://doi.org/10.1175/bams-d-17-0157.1,Defining “Atmospheric River”: How the Glossary of Meteorology Helped Resolve a Debate,2018,Bulletin of the American Meteorological Society,climate-variability-change,numerical_modeling,train
https://doi.org/10.1175/bams-d-17-0184.1,Continental U.S. Hurricane Landfall Frequency and Associated Damage: Observations and Future Risks,2018,Bulletin of the American Meteorological Society,dynamics-weather-systems;observations-instruments;extremes,observation;numerical_modeling;review_synthesis,development
https://doi.org/10.1175/bams-d-17-0212.1,The Global N2O Model Intercomparison Project,2018,Bulletin of the American Meteorological Society,dynamics-weather-systems;atmospheric-chemistry;aerosols;quality-control-uncertainty,numerical_modeling,train
https://doi.org/10.1175/bams-d-17-0223.1,Earth Observations from DSCOVR EPIC Instrument,2018,Bulletin of the American Meteorological Society,cloud-precipitation-microphysics;atmospheric-chemistry;aerosols;observations-instruments,observation,train
https://doi.org/10.1175/bams-d-17-0227.1,The Perdigão: Peering into Microscale Details of Mountain Winds,2018,Bulletin of the American Meteorological Society,observations-instruments,observation;numerical_modeling,train
https://doi.org/10.1175/bams-d-17-0267.1,CESM1(WACCM) Stratospheric Aerosol Geoengineering Large Ensemble Project,2018,Bulletin of the American Meteorological Society,forecasting-predictability;cloud-precipitation-microphysics;atmospheric-chemistry;aerosols;climate-variability-change;earth-system-models,numerical_modeling,blind_test
https://doi.org/10.1175/bams-d-17-0278.1,"The Aerosols, Radiation and Clouds in Southern Africa Field Campaign in Namibia: Overview, Illustrative Observations, and Way Forward",2019,Bulletin of the American Meteorological Society,cloud-precipitation-microphysics;atmospheric-radiation;atmospheric-chemistry;aerosols;observations-instruments,observation,train
https://doi.org/10.1175/bams-d-18-0013.1,New Era of Air Quality Monitoring from Space: Geostationary Environment Monitoring Spectrometer (GEMS),2019,Bulletin of the American Meteorological Society,dynamics-weather-systems;atmospheric-chemistry;aerosols;air-quality-exposure,observation,train
https://doi.org/10.1175/bams-d-18-0023.1,A Scale to Characterize the Strength and Impacts of Atmospheric Rivers,2018,Bulletin of the American Meteorological Society,climate-variability-change;extremes;hydrometeorology,numerical_modeling;review_synthesis,blind_test
https://doi.org/10.1175/bams-d-18-0040.1,Improving Wind Energy Forecasting through Numerical Weather Prediction Model Development,2019,Bulletin of the American Meteorological Society,forecasting-predictability;numerical-weather-prediction;climate-variability-change,numerical_modeling,train
https://doi.org/10.1175/bams-d-18-0056.1,"The Plankton, Aerosol, Cloud, Ocean Ecosystem Mission: Status, Science, Advances",2019,Bulletin of the American Meteorological Society,cloud-precipitation-microphysics;atmospheric-chemistry;aerosols;ocean-atmosphere,unspecified,train
https://doi.org/10.1175/bams-d-18-0072.1,The Arctic Cloud Puzzle: Using ACLOUD/PASCAL Multiplatform Observations to Unravel the Role of Clouds and Aerosol Particles in Arctic Amplification,2018,Bulletin of the American Meteorological Society,dynamics-weather-systems;cloud-precipitation-microphysics;aerosols;observations-instruments,observation,train
https://doi.org/10.1175/bams-d-18-0109.1,The Exceptional Summer Heat Wave in Southern Europe 2017,2019,Bulletin of the American Meteorological Society,dynamics-weather-systems;air-quality-exposure;climate-variability-change;land-atmosphere,numerical_modeling,development
https://doi.org/10.1175/bams-d-18-0167.1,Kilometer-Scale Climate Models: Prospects and Challenges,2019,Bulletin of the American Meteorological Society,climate-variability-change;hydrometeorology,numerical_modeling,train
https://doi.org/10.1175/bams-d-18-0189.1,Tropical Cyclones and Climate Change Assessment: Part I: Detection and Attribution,2019,Bulletin of the American Meteorological Society,dynamics-weather-systems;climate-variability-change,numerical_modeling;review_synthesis,train
https://doi.org/10.1175/bams-d-18-0194.1,Tropical Cyclones and Climate Change Assessment: Part II: Projected Response to Anthropogenic Warming,2019,Bulletin of the American Meteorological Society,dynamics-weather-systems;remote-sensing-retrieval;climate-variability-change,remote_sensing;numerical_modeling;review_synthesis,train
https://doi.org/10.1175/bams-d-18-0195.1,Making the Black Box More Transparent: Understanding the Physical Implications of Machine Learning,2019,Bulletin of the American Meteorological Society,climate-variability-change;statistics-causal-ml,numerical_modeling;statistical_ml,train
https://doi.org/10.1175/bams-d-18-0211.1,Making Society Climate Resilient: International Progress under the Global Framework for Climate Services,2019,Bulletin of the American Meteorological Society,climate-variability-change,unspecified,development
https://doi.org/10.1175/bams-d-18-0268.1,"FLUXNET-CH4 Synthesis Activity: Objectives, Observations, and Future Directions",2019,Bulletin of the American Meteorological Society,dynamics-weather-systems;observations-instruments;climate-variability-change,observation;numerical_modeling;review_synthesis,train
https://doi.org/10.1175/bams-d-18-0270.1,The Subseasonal Experiment (SubX): A Multimodel Subseasonal Prediction Experiment,2019,Bulletin of the American Meteorological Society,dynamics-weather-systems;forecasting-predictability;climate-variability-change,numerical_modeling,train
https://doi.org/10.1175/bams-d-18-0280.1,Climate Science Needs to Take Risk Assessment Much More Seriously,2019,Bulletin of the American Meteorological Society,climate-variability-change,review_synthesis,train
https://doi.org/10.1175/bams-d-18-0290.1,"The COSMIC/FORMOSAT-3 Radio Occultation Mission after 12 Years: Accomplishments, Remaining Challenges, and Potential Impacts of COSMIC-2",2019,Bulletin of the American Meteorological Society,dynamics-weather-systems;atmospheric-chemistry,unspecified,development
https://doi.org/10.1175/bams-d-18-0326.1,Windows of Opportunity for Skillful Forecasts Subseasonal to Seasonal and Beyond,2020,Bulletin of the American Meteorological Society,dynamics-weather-systems;forecasting-predictability;climate-variability-change,numerical_modeling,blind_test
https://doi.org/10.1175/bams-d-18-0341.1,The Global Land Surface Satellite (GLASS) Product Suite,2020,Bulletin of the American Meteorological Society,dynamics-weather-systems;remote-sensing-retrieval;land-atmosphere,remote_sensing,train
https://doi.org/10.1175/bams-d-19-0001.1,Our Skill in Modeling Mountain Rain and Snow is Bypassing the Skill of Our Observational Networks,2019,Bulletin of the American Meteorological Society,observations-instruments;climate-variability-change,observation;numerical_modeling,train
https://doi.org/10.1175/bams-d-19-0017.1,Toward an Operational Anthropogenic CO2 Emissions Monitoring and Verification Support Capacity,2020,Bulletin of the American Meteorological Society,dynamics-weather-systems;atmospheric-chemistry;aerosols;climate-variability-change,unspecified,train
https://doi.org/10.1175/bams-d-19-0037.1,Current and Emerging Developments in Subseasonal to Decadal Prediction,2020,Bulletin of the American Meteorological Society,dynamics-weather-systems;forecasting-predictability;climate-variability-change,numerical_modeling,train
https://doi.org/10.1175/bams-d-19-0040.1,Unlocking Pre-1850 Instrumental Meteorological Records: A Global Inventory,2019,Bulletin of the American Meteorological Society,dynamics-weather-systems;observations-instruments;climate-variability-change,observation;numerical_modeling,train
https://doi.org/10.1175/bams-d-19-0113.1,The Ongoing Need for High-Resolution Regional Climate Models: Process Understanding and Stakeholder Information,2020,Bulletin of the American Meteorological Society,dynamics-weather-systems;climate-variability-change;model-evaluation-downscaling,numerical_modeling,train
https://doi.org/10.1175/bams-d-19-0165.1,Is Weather Chaotic?: Coexistence of Chaos and Order within a Generalized Lorenz Model,2020,Bulletin of the American Meteorological Society,dynamics-weather-systems,numerical_modeling,blind_test
https://doi.org/10.1175/bams-d-19-0198.1,Going to Extremes: Installing the World’s Highest Weather Stations on Mount Everest,2020,Bulletin of the American Meteorological Society,observations-instruments;extremes,observation,train
https://doi.org/10.1175/bams-d-19-0304.1,Meteosat Third Generation (MTG): Continuation and Innovation of Observations from Geostationary Orbit,2021,Bulletin of the American Meteorological Society,dynamics-weather-systems;observations-instruments,observation;numerical_modeling,development
https://doi.org/10.1175/bams-d-19-0308.1,"Statistical Postprocessing for Weather Forecasts: Review, Challenges, and Avenues in a Big Data World",2020,Bulletin of the American Meteorological Society,forecasting-predictability;cloud-precipitation-microphysics;observations-instruments;extremes;hydrometeorology;statistics-causal-ml,observation;numerical_modeling;statistical_ml;review_synthesis,train
https://doi.org/10.1175/bams-d-19-0335.1,Monsoons Climate Change Assessment,2020,Bulletin of the American Meteorological Society,dynamics-weather-systems;observations-instruments;climate-variability-change,observation;numerical_modeling;review_synthesis,train
https://doi.org/10.1175/bams-d-19-0337.1,Evaluating Climate Models with the CLIVAR 2020 ENSO Metrics Package,2020,Bulletin of the American Meteorological Society,climate-variability-change,numerical_modeling,blind_test
https://doi.org/10.1175/bams-d-19-0364.1,The Integrated Carbon Observation System in Europe,2021,Bulletin of the American Meteorological Society,dynamics-weather-systems;observations-instruments,observation,blind_test
https://doi.org/10.1175/bams-d-20-0132.1,"Observations of Clouds, Aerosols, Precipitation, and Surface Radiation over the Southern Ocean: An Overview of CAPRICORN, MARCUS, MICRE, and SOCRATES",2020,Bulletin of the American Meteorological Society,cloud-precipitation-microphysics;atmospheric-radiation;atmospheric-chemistry;aerosols;observations-instruments,observation,train
https://doi.org/10.1175/bams-d-20-0193.1,50 Grades of Shade,2021,Bulletin of the American Meteorological Society,air-quality-exposure;land-atmosphere,unspecified,train
https://doi.org/10.1175/bams-d-21-0075.1,The Global Wind Atlas: A High-Resolution Dataset of Climatologies and Associated Web-Based Application,2023,Bulletin of the American Meteorological Society,forecasting-predictability,numerical_modeling,train
https://doi.org/10.1175/bams-d-21-0125.1,MetPy: A Meteorological Python Library for Data Analysis and Visualization,2022,Bulletin of the American Meteorological Society,cloud-precipitation-microphysics;observations-instruments,observation;numerical_modeling,train
https://doi.org/10.1175/bams-d-23-0064.1,"Aerosol, Clouds and Trace Gases Research Infrastructure (ACTRIS): The European Research Infrastructure Supporting Atmospheric Science",2024,Bulletin of the American Meteorological Society,forecasting-predictability;cloud-precipitation-microphysics;atmospheric-chemistry;aerosols;air-quality-exposure,unspecified,train
https://doi.org/10.1175/jamc-d-15-0130.1,"The Microwave Radiative Properties of Falling Snow Derived from Nonspherical Ice Particle Models. Part I: An Extensive Database of Simulated Pristine Crystals and Aggregate Particles, and Their Scattering Properties",2016,Journal of Applied Meteorology and Climatology,dynamics-weather-systems;cloud-precipitation-microphysics;atmospheric-radiation;remote-sensing-retrieval;observations-instruments;hydrometeorology;land-atmosphere,observation;remote_sensing;numerical_modeling,train
https://doi.org/10.1175/jamc-d-15-0162.1,Two-Meter Temperature and Precipitation from Atmospheric Reanalysis Evaluated for Alaska,2016,Journal of Applied Meteorology and Climatology,dynamics-weather-systems;cloud-precipitation-microphysics;observations-instruments;climate-variability-change,observation;reanalysis,blind_test
https://doi.org/10.1175/jamc-d-15-0199.1,Influence of the Summer NAO on the Spring-NAO-Based Predictability of the East Asian Summer Monsoon,2016,Journal of Applied Meteorology and Climatology,dynamics-weather-systems;forecasting-predictability;climate-variability-change,numerical_modeling,train
https://doi.org/10.1175/jamc-d-15-0203.1,Polarimetric Radar Characteristics of Melting Hail. Part III: Validation of the Algorithm for Hail Size Discrimination,2016,Journal of Applied Meteorology and Climatology,cloud-precipitation-microphysics;remote-sensing-retrieval;observations-instruments;climate-variability-change;quality-control-uncertainty,observation;remote_sensing;numerical_modeling,train
https://doi.org/10.1175/jamc-d-15-0214.1,Assessing the Impact of Typhoons on Rice Production in the Philippines,2016,Journal of Applied Meteorology and Climatology,dynamics-weather-systems;climate-variability-change,unspecified,development
https://doi.org/10.1175/jamc-d-15-0217.1,Daytime Cirrus Cloud Top-of-the-Atmosphere Radiative Forcing Properties at a Midlatitude Site and Their Global Consequences,2016,Journal of Applied Meteorology and Climatology,dynamics-weather-systems;cloud-precipitation-microphysics;atmospheric-radiation;atmospheric-chemistry;aerosols,unspecified,train
https://doi.org/10.1175/jamc-d-15-0248.1,The Measured Relationship between Ice Water Content and Cloud Radar Reflectivity in Tropical Convective Clouds,2016,Journal of Applied Meteorology and Climatology,cloud-precipitation-microphysics;aerosols;remote-sensing-retrieval,remote_sensing;numerical_modeling,train
https://doi.org/10.1175/jamc-d-15-0249.1,A Probabilistic Multispectral Pattern Recognition Method for Detection of Overshooting Cloud Tops Using Passive Satellite Imager Observations,2016,Journal of Applied Meteorology and Climatology,dynamics-weather-systems;cloud-precipitation-microphysics;aerosols;remote-sensing-retrieval;observations-instruments,observation;remote_sensing;numerical_modeling,development
https://doi.org/10.1175/jamc-d-15-0261.1,Impact of the North Atlantic Oscillation on Transatlantic Flight Routes and Clear-Air Turbulence,2016,Journal of Applied Meteorology and Climatology,boundary-layer-turbulence;aerosols,unspecified,train
https://doi.org/10.1175/jamc-d-15-0265.1,"Trend Analysis and Forecast of Precipitation, Reference Evapotranspiration, and Rainfall Deficit in the Blackland Prairie of Eastern Mississippi",2016,Journal of Applied Meteorology and Climatology,dynamics-weather-systems;forecasting-predictability;cloud-precipitation-microphysics;climate-variability-change;extremes;hydrometeorology,numerical_modeling,blind_test
https://doi.org/10.1175/jamc-d-15-0276.1,Remotely Sensed Land Skin Temperature as a Spatial Predictor of Air Temperature across the Conterminous United States,2016,Journal of Applied Meteorology and Climatology,observations-instruments;climate-variability-change;land-atmosphere,observation;numerical_modeling,train
https://doi.org/10.1175/jamc-d-15-0297.1,The Potential Predictability of Fire Danger Provided by Numerical Weather Prediction,2016,Journal of Applied Meteorology and Climatology,dynamics-weather-systems;forecasting-predictability;numerical-weather-prediction,unspecified,train
https://doi.org/10.1175/jamc-d-15-0302.1,Probability-Weighted Ensembles of U.S. County-Level Climate Projections for Climate Risk Analysis,2016,Journal of Applied Meteorology and Climatology,dynamics-weather-systems;forecasting-predictability;climate-variability-change,numerical_modeling,train
https://doi.org/10.1175/jamc-d-15-0304.1,"The GEWEX Water Vapor Assessment: Results from Intercomparison, Trend, and Homogeneity Analysis of Total Column Water Vapor",2016,Journal of Applied Meteorology and Climatology,dynamics-weather-systems;climate-variability-change;quality-control-uncertainty,numerical_modeling;review_synthesis,development
https://doi.org/10.1175/jamc-d-15-0338.1,Connecting Microphysical Processes in Colorado Winter Storms with Vertical Profiles of Radar Observations,2016,Journal of Applied Meteorology and Climatology,dynamics-weather-systems;cloud-precipitation-microphysics;aerosols;remote-sensing-retrieval;observations-instruments,observation;remote_sensing;numerical_modeling,train
https://doi.org/10.1175/jamc-d-15-0342.1,Spatial Redistribution of U.S. Tornado Activity between 1954 and 2013,2016,Journal of Applied Meteorology and Climatology,dynamics-weather-systems;climate-variability-change,numerical_modeling,train
https://doi.org/10.1175/jamc-d-15-0355.1,Retrieval of Snow Properties for Ku- and Ka-Band Dual-Frequency Radar,2016,Journal of Applied Meteorology and Climatology,cloud-precipitation-microphysics;remote-sensing-retrieval;observations-instruments;hydrometeorology;land-atmosphere,observation;remote_sensing,train
https://doi.org/10.1175/jamc-d-16-0031.1,Local Complementarity of Wind and Solar Energy Resources over Europe: An Assessment Study from a Meteorological Perspective,2016,Journal of Applied Meteorology and Climatology,forecasting-predictability;atmospheric-radiation,review_synthesis,train
https://doi.org/10.1175/jamc-d-16-0082.1,"Radiation Fluxes in a Business District of Shanghai, China",2016,Journal of Applied Meteorology and Climatology,cloud-precipitation-microphysics;atmospheric-radiation;aerosols;land-atmosphere,unspecified,train
https://doi.org/10.1175/jamc-d-16-0096.1,Assessment of the Energy Balance Closure under Advective Conditions and Its Impact Using Remote Sensing Data,2016,Journal of Applied Meteorology and Climatology,dynamics-weather-systems;remote-sensing-retrieval;land-atmosphere,remote_sensing;review_synthesis,blind_test
https://doi.org/10.1175/jamc-d-16-0102.1,Changes in Wind Speed under Heat Waves Enhance Urban Heat Islands in the Beijing Metropolitan Area,2016,Journal of Applied Meteorology and Climatology,dynamics-weather-systems;air-quality-exposure;climate-variability-change;land-atmosphere,unspecified,blind_test
https://doi.org/10.1175/jamc-d-16-0143.1,The Observation Record Length Necessary to Generate Robust Soil Moisture Percentiles,2016,Journal of Applied Meteorology and Climatology,cloud-precipitation-microphysics;remote-sensing-retrieval;observations-instruments;hydrometeorology;land-atmosphere,observation;remote_sensing,train
https://doi.org/10.1175/jamc-d-16-0168.1,Characterizing Ventilation and Exposure in Street Canyons Using Lagrangian Particles,2017,Journal of Applied Meteorology and Climatology,air-quality-exposure;land-atmosphere,unspecified,blind_test
https://doi.org/10.1175/jamc-d-16-0175.1,Modeling Solar Irradiance and Solar PV Power Output to Create a Resource Assessment Using Linear Multiple Multivariate Regression,2016,Journal of Applied Meteorology and Climatology,atmospheric-radiation,numerical_modeling;statistical_ml;review_synthesis,train
https://doi.org/10.1175/jamc-d-16-0183.1,Solar Irradiance Nowcasting Case Studies near Sacramento,2016,Journal of Applied Meteorology and Climatology,forecasting-predictability;atmospheric-radiation,unspecified,train
https://doi.org/10.1175/jamc-d-16-0204.1,Seasonal Climate Prediction: A New Source of Information for the Management of Wind Energy Resources,2017,Journal of Applied Meteorology and Climatology,forecasting-predictability,numerical_modeling,train
https://doi.org/10.1175/jamc-d-16-0205.1,Prediction of Energy Dissipation Rates for Aviation Turbulence. Part I: Forecasting Nonconvective Turbulence,2016,Journal of Applied Meteorology and Climatology,forecasting-predictability;boundary-layer-turbulence,numerical_modeling,train
https://doi.org/10.1175/jamc-d-16-0216.1,Impact of Lake Breezes on Summer Ozone Concentrations in the Salt Lake Valley,2016,Journal of Applied Meteorology and Climatology,cloud-precipitation-microphysics;atmospheric-chemistry;aerosols,numerical_modeling,development
https://doi.org/10.1175/jamc-d-16-0249.1,The Impact of El Niño–Southern Oscillation (ENSO) on Winter and Early Spring U.S. Tornado Outbreaks,2017,Journal of Applied Meteorology and Climatology,dynamics-weather-systems;climate-variability-change,numerical_modeling,train
https://doi.org/10.1175/jamc-d-16-0258.1,Analyzing Temperature and Precipitation Influences on Yield Distributions of Canola and Spring Wheat in Saskatchewan,2017,Journal of Applied Meteorology and Climatology,cloud-precipitation-microphysics;climate-variability-change,numerical_modeling,development
https://doi.org/10.1175/jamc-d-16-0262.1,Daytime Top-of-the-Atmosphere Cirrus Cloud Radiative Forcing Properties at Singapore,2017,Journal of Applied Meteorology and Climatology,dynamics-weather-systems;cloud-precipitation-microphysics;atmospheric-radiation;atmospheric-chemistry;aerosols,unspecified,train
https://doi.org/10.1175/jamc-d-16-0284.1,Multimodel Ensemble Sea Level Forecasts for Tropical Pacific Islands,2017,Journal of Applied Meteorology and Climatology,forecasting-predictability;observations-instruments;climate-variability-change,observation;numerical_modeling,development
https://doi.org/10.1175/jamc-d-16-0298.1,Impacts of Stratospheric Sulfate Geoengineering on Global Solar Photovoltaic and Concentrating Solar Power Resource,2017,Journal of Applied Meteorology and Climatology,atmospheric-chemistry;climate-variability-change,unspecified,development
https://doi.org/10.1175/jamc-d-16-0304.1,"Toward Completing the Raindrop Size Spectrum: Case Studies Involving 2D-Video Disdrometer, Droplet Spectrometer, and Polarimetric Radar Measurements",2016,Journal of Applied Meteorology and Climatology,cloud-precipitation-microphysics;aerosols;remote-sensing-retrieval;observations-instruments,observation;remote_sensing;numerical_modeling,train
https://doi.org/10.1175/jamc-d-16-0312.1,Prediction of Energy Dissipation Rates for Aviation Turbulence. Part II: Nowcasting Convective and Nonconvective Turbulence,2017,Journal of Applied Meteorology and Climatology,forecasting-predictability;boundary-layer-turbulence,numerical_modeling,train
https://doi.org/10.1175/jamc-d-16-0325.1,Gradients of Atmospheric Temperature and Humidity Controlled by Local Urban Land-Use Intensity in Boston,2016,Journal of Applied Meteorology and Climatology,land-atmosphere,unspecified,train
https://doi.org/10.1175/jamc-d-16-0334.1,On the Relationship between Intensity and Rainfall Distribution in Tropical Cyclones Making Landfall over China,2017,Journal of Applied Meteorology and Climatology,dynamics-weather-systems;cloud-precipitation-microphysics;observations-instruments;extremes,observation;review_synthesis,train
https://doi.org/10.1175/jamc-d-16-0338.1,Temporal–Spatial Patterns of Relative Humidity and the Urban Dryness Island Effect in Beijing City,2017,Journal of Applied Meteorology and Climatology,remote-sensing-retrieval;land-atmosphere,remote_sensing,train
https://doi.org/10.1175/jamc-d-16-0358.1,The More Extreme Nature of North American Monsoon Precipitation in the Southwestern United States as Revealed by a Historical Climatology of Simulated Severe Weather Events,2017,Journal of Applied Meteorology and Climatology,dynamics-weather-systems;cloud-precipitation-microphysics;climate-variability-change;extremes,numerical_modeling,train
https://doi.org/10.1175/jamc-d-16-0359.1,Year-Long Vertical Velocity Statistics Derived from Doppler Lidar Data for the Continental Convective Boundary Layer,2017,Journal of Applied Meteorology and Climatology,boundary-layer-turbulence;cloud-precipitation-microphysics;aerosols;remote-sensing-retrieval,remote_sensing;numerical_modeling,train
https://doi.org/10.1175/jamc-d-16-0368.1,Hail-Detection Algorithm for the GPM Core Observatory Satellite Sensors,2017,Journal of Applied Meteorology and Climatology,cloud-precipitation-microphysics;aerosols;remote-sensing-retrieval;observations-instruments;climate-variability-change,observation;remote_sensing;numerical_modeling,train
https://doi.org/10.1175/jamc-d-16-0375.1,Determining Tropical Cyclone Surface Wind Speed Structure and Intensity with the CYGNSS Satellite Constellation,2017,Journal of Applied Meteorology and Climatology,dynamics-weather-systems;remote-sensing-retrieval;climate-variability-change,remote_sensing;numerical_modeling,train
https://doi.org/10.1175/jamc-d-16-0379.1,Microphysical Properties of Snow and Their Link to Ze–S Relations during BAECC 2014,2017,Journal of Applied Meteorology and Climatology,cloud-precipitation-microphysics;aerosols;observations-instruments,observation;numerical_modeling,blind_test
https://doi.org/10.1175/jamc-d-16-0383.1,Urban Heat Island and Urban Dry Island in Moscow and Their Centennial Changes,2017,Journal of Applied Meteorology and Climatology,remote-sensing-retrieval;land-atmosphere,remote_sensing,train
https://doi.org/10.1175/jamc-d-16-0384.1,The Mean and Turbulent Properties of a Wildfire Convective Plume,2017,Journal of Applied Meteorology and Climatology,dynamics-weather-systems;cloud-precipitation-microphysics;aerosols,unspecified,train
https://doi.org/10.1175/jamc-d-16-0408.1,A Case Study on Power Outage Impacts from Future Hurricane Sandy Scenarios,2017,Journal of Applied Meteorology and Climatology,dynamics-weather-systems,unspecified,blind_test
https://doi.org/10.1175/jamc-d-16-0411.1,"Low-Level Jets over Utö, Finland, Based on Doppler Lidar Observations",2017,Journal of Applied Meteorology and Climatology,cloud-precipitation-microphysics;aerosols;remote-sensing-retrieval;observations-instruments,observation;remote_sensing;numerical_modeling,blind_test
https://doi.org/10.1175/jamc-d-16-0415.1,Projections of Twenty-First-Century Climate Extremes for Alaska via Dynamical Downscaling and Quantile Mapping,2017,Journal of Applied Meteorology and Climatology,dynamics-weather-systems;climate-variability-change;extremes;model-evaluation-downscaling,numerical_modeling,train
https://doi.org/10.1175/jamc-d-17-0012.1,The Best of Both Worlds: A Decision-Making Framework for Combining Traditional and Contemporary Forecast Systems,2017,Journal of Applied Meteorology and Climatology,forecasting-predictability;climate-variability-change,numerical_modeling,blind_test
https://doi.org/10.1175/jamc-d-17-0033.1,"A Polarimetric Analysis of Ice Microphysical Processes in Snow, Using Quasi-Vertical Profiles",2017,Journal of Applied Meteorology and Climatology,cloud-precipitation-microphysics;aerosols;observations-instruments,observation;numerical_modeling,train
https://doi.org/10.1175/jamc-d-17-0035.1,Defining and Predicting Heat Waves in Bangladesh,2017,Journal of Applied Meteorology and Climatology,dynamics-weather-systems;air-quality-exposure;climate-variability-change,numerical_modeling,train
https://doi.org/10.1175/jamc-d-17-0065.1,On the Detection of Hail Using Satellite Passive Microwave Radiometers and Precipitation Radar,2017,Journal of Applied Meteorology and Climatology,dynamics-weather-systems;cloud-precipitation-microphysics;remote-sensing-retrieval;observations-instruments;climate-variability-change,observation;remote_sensing;numerical_modeling,train
https://doi.org/10.1175/jamc-d-17-0087.1,Characterizing Sources of Uncertainty from Global Climate Models and Downscaling Techniques,2017,Journal of Applied Meteorology and Climatology,observations-instruments;climate-variability-change;model-evaluation-downscaling;quality-control-uncertainty,observation;numerical_modeling,train
https://doi.org/10.1175/jamc-d-17-0090.1,Polarimetric Radar Relations for Quantification of Snow Based on Disdrometer Data,2017,Journal of Applied Meteorology and Climatology,cloud-precipitation-microphysics;remote-sensing-retrieval;observations-instruments,observation;remote_sensing;numerical_modeling,development
https://doi.org/10.1175/jamc-d-17-0093.1,Thermal Anomalies Detect Critical Global Land Surface Changes,2017,Journal of Applied Meteorology and Climatology,dynamics-weather-systems;climate-variability-change;land-atmosphere,numerical_modeling,train
https://doi.org/10.1175/jamc-d-17-0094.1,"A Climatology of Southwest Indian Ocean Tropical Systems: Their Number, Tracks, Impacts, Sizes, Empirical Maximum Potential Intensity, and Intensity Changes",2018,Journal of Applied Meteorology and Climatology,dynamics-weather-systems;remote-sensing-retrieval;climate-variability-change,remote_sensing;numerical_modeling,train
https://doi.org/10.1175/jamc-d-17-0121.1,Sensitivity Analysis of the WRF Model: Wind-Resource Assessment for Complex Terrain,2017,Journal of Applied Meteorology and Climatology,forecasting-predictability;numerical-weather-prediction;climate-variability-change,numerical_modeling;review_synthesis,train
https://doi.org/10.1175/jamc-d-17-0132.1,Detecting Severe Weather Trends Using an Additive Regressive Convective Hazard Model (AR-CHaMo),2017,Journal of Applied Meteorology and Climatology,climate-variability-change,numerical_modeling,train
https://doi.org/10.1175/jamc-d-17-0137.1,On the Need to Modify the Sea Surface Roughness Formulation over Shallow Waters,2018,Journal of Applied Meteorology and Climatology,dynamics-weather-systems;remote-sensing-retrieval;ocean-atmosphere,remote_sensing,train
https://doi.org/10.1175/jamc-d-17-0160.1,Dual-Polarization Radar Rainfall Estimation over Tropical Oceans,2017,Journal of Applied Meteorology and Climatology,cloud-precipitation-microphysics;remote-sensing-retrieval;observations-instruments;hydrometeorology;land-atmosphere,observation;remote_sensing;numerical_modeling,train
https://doi.org/10.1175/jamc-d-17-0167.1,Climatological Variability of Fire Weather in Australia,2017,Journal of Applied Meteorology and Climatology,climate-variability-change,numerical_modeling,development
https://doi.org/10.1175/jamc-d-17-0194.1,Clouds over the Southern Ocean as Observed from the R/V Investigator during CAPRICORN. Part I: Cloud Occurrence and Phase Partitioning,2018,Journal of Applied Meteorology and Climatology,cloud-precipitation-microphysics;atmospheric-chemistry;aerosols,numerical_modeling,train
https://doi.org/10.1175/jamc-d-17-0243.1,"Use of Cool Roofs and Vegetation to Mitigate Urban Heat and Improve Human Thermal Stress in Melbourne, Australia",2018,Journal of Applied Meteorology and Climatology,air-quality-exposure;land-atmosphere,unspecified,blind_test
https://doi.org/10.1175/jamc-d-17-0254.1,A New Direction in the Atmospheric Pollutant Dispersion inside the Planetary Boundary Layer,2017,Journal of Applied Meteorology and Climatology,boundary-layer-turbulence,unspecified,train
https://doi.org/10.1175/jamc-d-17-0265.1,Should Cities Embrace Their Heat Islands as Shields from Extreme Cold?,2018,Journal of Applied Meteorology and Climatology,extremes;land-atmosphere,unspecified,train
https://doi.org/10.1175/jamc-d-17-0276.1,Assessment of Alaska Rain-on-Snow Events Using Dynamical Downscaling,2018,Journal of Applied Meteorology and Climatology,dynamics-weather-systems;observations-instruments;climate-variability-change;model-evaluation-downscaling,observation;review_synthesis,train
https://doi.org/10.1175/jamc-d-17-0306.1,Reliability and Climatological Impacts of Convective Wind Estimations,2018,Journal of Applied Meteorology and Climatology,dynamics-weather-systems,numerical_modeling,blind_test
https://doi.org/10.1175/jamc-d-17-0316.1,The Effect of Urban Density and Vegetation Cover on the Heat Island of a Subtropical City,2018,Journal of Applied Meteorology and Climatology,air-quality-exposure;climate-variability-change;land-atmosphere,unspecified,development
https://doi.org/10.1175/jamc-d-17-0334.1,A Simple Accurate Formula for Calculating Saturation Vapor Pressure of Water and Ice,2018,Journal of Applied Meteorology and Climatology,dynamics-weather-systems;observations-instruments,observation,train
https://doi.org/10.1175/jamc-d-18-0021.1,The ClimEx Project: A 50-Member Ensemble of Climate Change Projections at 12-km Resolution over Europe and Northeastern North America with the Canadian Regional Climate Model (CRCM5),2019,Journal of Applied Meteorology and Climatology,forecasting-predictability;observations-instruments;climate-variability-change;model-evaluation-downscaling,observation;numerical_modeling,train
https://doi.org/10.1175/jamc-d-18-0073.1,Storms Producing Large Accumulations of Small Hail,2018,Journal of Applied Meteorology and Climatology,dynamics-weather-systems;cloud-precipitation-microphysics;aerosols;observations-instruments,observation;numerical_modeling,train
https://doi.org/10.1175/jamc-d-18-0124.1,Satellite Estimation of Falling Snow: A Global Precipitation Measurement (GPM) Core Observatory Perspective,2019,Journal of Applied Meteorology and Climatology,cloud-precipitation-microphysics;remote-sensing-retrieval;observations-instruments,observation;remote_sensing;numerical_modeling;review_synthesis,train
https://doi.org/10.1175/jamc-d-18-0174.1,Global Patterns of Crop Production Losses Associated with Droughts from 1983 to 2009,2019,Journal of Applied Meteorology and Climatology,climate-variability-change;extremes;hydrometeorology,unspecified,train
https://doi.org/10.1175/jamc-d-18-0246.1,Verification of Heat Stress Thresholds for a Health-Based Heat-Wave Definition,2019,Journal of Applied Meteorology and Climatology,dynamics-weather-systems;air-quality-exposure;climate-variability-change,unspecified,train
https://doi.org/10.1175/jamc-d-18-0247.1,Severe Hail Fall and Hailstorm Detection Using Remote Sensing Observations,2019,Journal of Applied Meteorology and Climatology,dynamics-weather-systems;cloud-precipitation-microphysics;remote-sensing-retrieval;observations-instruments;climate-variability-change,observation;remote_sensing;numerical_modeling,train
https://doi.org/10.1175/jamc-d-18-0256.1,A Global Analysis of Land Surface Temperature Diurnal Cycle Using MODIS Observations,2019,Journal of Applied Meteorology and Climatology,observations-instruments;climate-variability-change;land-atmosphere,observation;numerical_modeling,train
https://doi.org/10.1175/jamc-d-18-0271.1,The Observed Effects of Utility-Scale Photovoltaics on Near-Surface Air Temperature and Energy Balance,2019,Journal of Applied Meteorology and Climatology,dynamics-weather-systems;atmospheric-radiation,unspecified,train
https://doi.org/10.1175/jamc-d-18-0284.1,Observed Link of Extreme Hourly Precipitation Changes to Urbanization over Coastal South China,2019,Journal of Applied Meteorology and Climatology,cloud-precipitation-microphysics;climate-variability-change;extremes;land-atmosphere,numerical_modeling,train
https://doi.org/10.1175/jamc-d-18-0341.1,Wintertime Orographic Cloud Seeding—A Review,2019,Journal of Applied Meteorology and Climatology,cloud-precipitation-microphysics;aerosols,numerical_modeling;review_synthesis,development
https://doi.org/10.1175/jamc-d-19-0042.1,Constructing a Multifrequency Passive Microwave Hail Retrieval and Climatology in the GPM Domain,2019,Journal of Applied Meteorology and Climatology,dynamics-weather-systems;cloud-precipitation-microphysics;remote-sensing-retrieval;observations-instruments;climate-variability-change,observation;remote_sensing;numerical_modeling,blind_test
https://doi.org/10.1175/jamc-d-19-0048.1,Comparison of Statistical and Dynamic Downscaling Techniques in Generating High-Resolution Temperatures in China from CMIP5 GCMs,2019,Journal of Applied Meteorology and Climatology,observations-instruments;climate-variability-change;earth-system-models;model-evaluation-downscaling;statistics-causal-ml,observation;numerical_modeling;statistical_ml,train
https://doi.org/10.1175/jamc-d-19-0073.1,"Observed Synergies between Urban Heat Islands and Heat Waves and Their Controlling Factors in Shanghai, China",2019,Journal of Applied Meteorology and Climatology,dynamics-weather-systems;air-quality-exposure;climate-variability-change;land-atmosphere,unspecified,train
https://doi.org/10.1175/jamc-d-19-0080.1,"Radiative Effect of Clouds at Ny-Ålesund, Svalbard, as Inferred from Ground-Based Remote Sensing Observations",2019,Journal of Applied Meteorology and Climatology,dynamics-weather-systems;cloud-precipitation-microphysics;atmospheric-radiation;atmospheric-chemistry;aerosols;remote-sensing-retrieval;observations-instruments,observation;remote_sensing,train
https://doi.org/10.1175/jamc-d-19-0124.1,Complementing Optical Remote Sensing with Synthetic Aperture Radar Observations of Hail Damage Swaths to Agricultural Crops in the Central United States,2020,Journal of Applied Meteorology and Climatology,remote-sensing-retrieval;observations-instruments,observation;remote_sensing,development
https://doi.org/10.1175/jamc-d-19-0125.1,An Observational Case Study of Synergies between an Intense Heat Wave and the Urban Heat Island in Beijing,2020,Journal of Applied Meteorology and Climatology,dynamics-weather-systems;observations-instruments;land-atmosphere,observation,train
https://doi.org/10.1175/jamc-d-19-0181.1,Spatial Trends of Extreme Precipitation Events in the Paraná River Basin,2020,Journal of Applied Meteorology and Climatology,cloud-precipitation-microphysics;extremes;hydrometeorology,unspecified,blind_test
https://doi.org/10.1175/jamc-d-19-0185.1,Precipitation Extremes: Trends and Relationships with Average Precipitation and Precipitable Water in the Contiguous United States,2019,Journal of Applied Meteorology and Climatology,cloud-precipitation-microphysics;climate-variability-change;extremes;hydrometeorology,numerical_modeling,train
https://doi.org/10.1175/jamc-d-19-0194.1,A New Satellite-Based Global Climatology of Dust Aerosol Optical Depth,2019,Journal of Applied Meteorology and Climatology,cloud-precipitation-microphysics;atmospheric-chemistry;aerosols;remote-sensing-retrieval,remote_sensing,blind_test
https://doi.org/10.1175/jamc-d-19-0235.1,“Wind Theft” from Onshore Wind Turbine Arrays: Sensitivity to Wind Farm Parameterization and Resolution,2019,Journal of Applied Meteorology and Climatology,model-evaluation-downscaling,unspecified,development
https://doi.org/10.1175/jamc-d-19-0304.1,Simulation of Flow Fields in Complex Terrain with WRF-LES: Sensitivity Assessment of Different PBL Treatments,2020,Journal of Applied Meteorology and Climatology,numerical-weather-prediction;climate-variability-change,numerical_modeling;review_synthesis,train
https://doi.org/10.1175/jamc-d-20-0037.1,Evaluation of Global Reanalysis Land Surface Wind Speed Trends to Support Wind Energy Development Using In Situ Observations,2020,Journal of Applied Meteorology and Climatology,dynamics-weather-systems;observations-instruments;climate-variability-change;land-atmosphere,observation;numerical_modeling;reanalysis,train
https://doi.org/10.1175/jamc-d-20-0053.1,Mechanisms Associated with Daytime and Nighttime Heat Waves over the Contiguous United States,2020,Journal of Applied Meteorology and Climatology,dynamics-weather-systems;air-quality-exposure;climate-variability-change,numerical_modeling,train
https://doi.org/10.1175/jamc-d-20-0057.1,Deep-Learning-Based Gridded Downscaling of Surface Meteorological Variables in Complex Terrain. Part I: Daily Maximum and Minimum 2-m Temperature,2020,Journal of Applied Meteorology and Climatology,observations-instruments;climate-variability-change;model-evaluation-downscaling,observation;numerical_modeling,train
https://doi.org/10.1175/jamc-d-20-0058.1,Deep-Learning-Based Gridded Downscaling of Surface Meteorological Variables in Complex Terrain. Part II: Daily Precipitation,2020,Journal of Applied Meteorology and Climatology,cloud-precipitation-microphysics;observations-instruments;climate-variability-change;model-evaluation-downscaling,observation;numerical_modeling,train
https://doi.org/10.1175/jamc-d-20-0119.1,An Adaptive Tracking Algorithm for Convection in Simulated and Remote Sensing Data,2021,Journal of Applied Meteorology and Climatology,dynamics-weather-systems;remote-sensing-retrieval,remote_sensing,blind_test
https://doi.org/10.1175/jamc-d-20-0149.1,Metrics for evaluating tropical cyclones in climate data,2021,Journal of Applied Meteorology and Climatology,dynamics-weather-systems;remote-sensing-retrieval;climate-variability-change,remote_sensing;numerical_modeling,train
https://doi.org/10.1175/jamc-d-20-0162.1,Variability in Wind Energy Generation across the Contiguous United States,2020,Journal of Applied Meteorology and Climatology,forecasting-predictability,unspecified,development
https://doi.org/10.1175/jamc-d-20-0291.1,A Novel Deep Learning Model by BiGRU with Attention Mechanism for Tropical Cyclone Track Prediction in the Northwest Pacific,2021,Journal of Applied Meteorology and Climatology,dynamics-weather-systems;forecasting-predictability;climate-variability-change;extremes;statistics-causal-ml,numerical_modeling;review_synthesis,development
https://doi.org/10.1175/jamc-d-21-0029.1,"NORA3: A Nonhydrostatic High-Resolution Hindcast of the North Sea, the Norwegian Sea, and the Barents Sea",2021,Journal of Applied Meteorology and Climatology,dynamics-weather-systems;remote-sensing-retrieval,remote_sensing;numerical_modeling,train
https://doi.org/10.1175/jamc-d-22-0021.1,Extending the Heat Index,2022,Journal of Applied Meteorology and Climatology,air-quality-exposure;climate-variability-change,unspecified,train
https://doi.org/10.1175/jas-d-15-0142.1,Intrinsic versus Practical Limits of Atmospheric Predictability and the Significance of the Butterfly Effect,2016,Journal of the Atmospheric Sciences,dynamics-weather-systems;forecasting-predictability;climate-variability-change,numerical_modeling,development
https://doi.org/10.1175/jas-d-15-0148.1,Reasons for the Extremely High-Ranging Planetary Boundary Layer over the Western Tibetan Plateau in Winter,2016,Journal of the Atmospheric Sciences,boundary-layer-turbulence;cloud-precipitation-microphysics;atmospheric-chemistry;aerosols;extremes,numerical_modeling,train
https://doi.org/10.1175/jas-d-15-0168.1,The Poleward Motion of Extratropical Cyclones from a Potential Vorticity Tendency Analysis,2016,Journal of the Atmospheric Sciences,dynamics-weather-systems;climate-variability-change,numerical_modeling,train
https://doi.org/10.1175/jas-d-15-0185.1,A Model for the Complete Radial Structure of the Tropical Cyclone Wind Field. Part II: Wind Field Variability,2016,Journal of the Atmospheric Sciences,dynamics-weather-systems;remote-sensing-retrieval;climate-variability-change,remote_sensing;numerical_modeling,train
https://doi.org/10.1175/jas-d-15-0215.1,"Large-Eddy Simulations of EUCLIPSE–GASS Lagrangian Stratocumulus-to-Cumulus Transitions: Mean State, Turbulence, and Decoupling",2016,Journal of the Atmospheric Sciences,boundary-layer-turbulence;cloud-precipitation-microphysics;aerosols,numerical_modeling,train
https://doi.org/10.1175/jas-d-15-0232.1,Seasonality of the Structure and Propagation Characteristics of the MJO,2016,Journal of the Atmospheric Sciences,climate-variability-change,numerical_modeling,development
https://doi.org/10.1175/jas-d-15-0236.1,Ice Nucleating Particle Measurements at 241 K during Winter Months at 3580 m MSL in the Swiss Alps,2016,Journal of the Atmospheric Sciences,cloud-precipitation-microphysics;atmospheric-chemistry;aerosols;air-quality-exposure;observations-instruments,observation,train
https://doi.org/10.1175/jas-d-15-0249.1,Sea Spray Generation in Very High Winds,2016,Journal of the Atmospheric Sciences,dynamics-weather-systems;remote-sensing-retrieval;ocean-atmosphere,remote_sensing,train
https://doi.org/10.1175/jas-d-15-0276.1,Effect of Snow Grain Shape on Snow Albedo,2016,Journal of the Atmospheric Sciences,cloud-precipitation-microphysics;atmospheric-radiation;atmospheric-chemistry;aerosols;observations-instruments,observation,train
https://doi.org/10.1175/jas-d-15-0278.1,"Past, Present, and Future Atmospheric Nitrogen Deposition",2016,Journal of the Atmospheric Sciences,atmospheric-chemistry;aerosols;air-quality-exposure,unspecified,train
https://doi.org/10.1175/jas-d-15-0285.1,A Multisensor Investigation of Rime Splintering in Tropical Maritime Cumuli,2016,Journal of the Atmospheric Sciences,cloud-precipitation-microphysics;atmospheric-chemistry;aerosols;observations-instruments;climate-variability-change,unspecified,blind_test
https://doi.org/10.1175/jas-d-15-0295.1,Stationary Wave Reflection as a Mechanism for Zonalizing the Atlantic Winter Jet at the LGM,2016,Journal of the Atmospheric Sciences,dynamics-weather-systems;climate-variability-change,observation;numerical_modeling,train
https://doi.org/10.1175/jas-d-15-0302.1,The Role of Warm Conveyor Belts for the Intensification of Extratropical Cyclones in Northern Hemisphere Winter,2016,Journal of the Atmospheric Sciences,dynamics-weather-systems;climate-variability-change,numerical_modeling,blind_test
https://doi.org/10.1175/jas-d-15-0307.1,A Unified Theory for the Great Plains Nocturnal Low-Level Jet,2016,Journal of the Atmospheric Sciences,climate-variability-change,numerical_modeling,blind_test
https://doi.org/10.1175/jas-d-15-0324.1,Stratospheric Gravity Wave Fluxes and Scales during DEEPWAVE,2016,Journal of the Atmospheric Sciences,dynamics-weather-systems;atmospheric-chemistry,numerical_modeling,development
https://doi.org/10.1175/jas-d-15-0327.1,Clausius–Clapeyron Scaling of CAPE from Analytical Solutions to RCE,2016,Journal of the Atmospheric Sciences,atmospheric-chemistry;aerosols;climate-variability-change,numerical_modeling,train
https://doi.org/10.1175/jas-d-15-0332.1,The Role of Surface Drag in Tornadogenesis within an Idealized Supercell Simulation,2016,Journal of the Atmospheric Sciences,dynamics-weather-systems,numerical_modeling,train
https://doi.org/10.1175/jas-d-15-0339.1,Turbulent Winds and Temperature Fronts in Large-Eddy Simulations of the Stable Atmospheric Boundary Layer,2016,Journal of the Atmospheric Sciences,dynamics-weather-systems;boundary-layer-turbulence,numerical_modeling,train
https://doi.org/10.1175/jas-d-15-0353.1,Are Sudden Stratospheric Warmings Generic? Insights from an Idealized GCM,2016,Journal of the Atmospheric Sciences,dynamics-weather-systems;atmospheric-chemistry;climate-variability-change,numerical_modeling,train
https://doi.org/10.1175/jas-d-15-0355.1,An Observationally Based Global Band-by-Band Surface Emissivity Dataset for Climate and Weather Simulations,2016,Journal of the Atmospheric Sciences,cloud-precipitation-microphysics;aerosols;observations-instruments;climate-variability-change,observation;numerical_modeling,train
https://doi.org/10.1175/jas-d-15-0367.1,Untangling Microphysical Impacts on Deep Convection Applying a Novel Modeling Methodology. Part II: Double-Moment Microphysics,2016,Journal of the Atmospheric Sciences,dynamics-weather-systems;cloud-precipitation-microphysics;aerosols,numerical_modeling,development
https://doi.org/10.1175/jas-d-15-0370.1,Condensational Growth of Drops Formed on Giant Sea-Salt Aerosol Particles,2016,Journal of the Atmospheric Sciences,cloud-precipitation-microphysics;atmospheric-chemistry;aerosols,unspecified,development
https://doi.org/10.1175/jas-d-15-0380.1,Role of Radiative–Convective Feedbacks in Spontaneous Tropical Cyclogenesis in Idealized Numerical Simulations,2016,Journal of the Atmospheric Sciences,dynamics-weather-systems;atmospheric-radiation;climate-variability-change,numerical_modeling,train
https://doi.org/10.1175/jas-d-16-0016.1,The Impact of Effective Buoyancy and Dynamic Pressure Forcing on Vertical Velocities within Two-Dimensional Updrafts,2016,Journal of the Atmospheric Sciences,dynamics-weather-systems,unspecified,train
https://doi.org/10.1175/jas-d-16-0027.1,Improvement of a Cloud Microphysics Scheme for a Global Nonhydrostatic Model Using TRMM and a Satellite Simulator,2016,Journal of the Atmospheric Sciences,cloud-precipitation-microphysics;remote-sensing-retrieval;observations-instruments;climate-variability-change,observation;remote_sensing;numerical_modeling,train
https://doi.org/10.1175/jas-d-16-0033.1,An Investigation of the Presence of Atmospheric Rivers over the North Pacific during Planetary-Scale Wave Life Cycles and Their Role in Arctic Warming,2016,Journal of the Atmospheric Sciences,dynamics-weather-systems;climate-variability-change,numerical_modeling,blind_test
https://doi.org/10.1175/jas-d-16-0036.1,Unraveling the Teleconnection Mechanisms that Induce Wintertime Temperature Anomalies over the Northern Hemisphere Continents in Response to the MJO,2016,Journal of the Atmospheric Sciences,climate-variability-change,numerical_modeling,train
https://doi.org/10.1175/jas-d-16-0037.1,"Review of Aerosol–Cloud Interactions: Mechanisms, Significance, and Challenges",2016,Journal of the Atmospheric Sciences,cloud-precipitation-microphysics;atmospheric-chemistry;aerosols,review_synthesis,blind_test
https://doi.org/10.1175/jas-d-16-0044.1,Testing Atmospheric Oxidation in an Alabama Forest,2016,Journal of the Atmospheric Sciences,dynamics-weather-systems;atmospheric-chemistry;aerosols,unspecified,train
https://doi.org/10.1175/jas-d-16-0059.1,Dynamics of Orographic Gravity Waves Observed in the Mesosphere over the Auckland Islands during the Deep Propagating Gravity Wave Experiment (DEEPWAVE),2016,Journal of the Atmospheric Sciences,dynamics-weather-systems;observations-instruments,observation,train
https://doi.org/10.1175/jas-d-16-0066.1,The Impact of Vertical Wind Shear on Hail Growth in Simulated Supercells,2016,Journal of the Atmospheric Sciences,dynamics-weather-systems;cloud-precipitation-microphysics;aerosols,numerical_modeling,train
https://doi.org/10.1175/jas-d-16-0074.1,A New Ice Nucleation Active Site Parameterization for Desert Dust and Soot,2016,Journal of the Atmospheric Sciences,cloud-precipitation-microphysics;atmospheric-chemistry;aerosols;model-evaluation-downscaling,unspecified,train
https://doi.org/10.1175/jas-d-16-0087.1,A Dynamic Link between Ice Nucleating Particles Released in Nascent Sea Spray Aerosol and Oceanic Biological Activity during Two Mesocosm Experiments,2016,Journal of the Atmospheric Sciences,cloud-precipitation-microphysics;atmospheric-chemistry;aerosols;air-quality-exposure,unspecified,blind_test
https://doi.org/10.1175/jas-d-16-0100.1,On the Predictability and Error Sources of Tropical Cyclone Intensity Forecasts,2016,Journal of the Atmospheric Sciences,dynamics-weather-systems;forecasting-predictability;climate-variability-change;quality-control-uncertainty,numerical_modeling,blind_test
https://doi.org/10.1175/jas-d-16-0102.1,Visibility: How Applicable is the Century-Old Koschmieder Model?,2016,Journal of the Atmospheric Sciences,air-quality-exposure;land-atmosphere,numerical_modeling,train
https://doi.org/10.1175/jas-d-16-0104.1,Modification of the Gravity Wave Parameterization in the Whole Atmosphere Community Climate Model: Motivation and Results,2016,Journal of the Atmospheric Sciences,dynamics-weather-systems;atmospheric-chemistry;climate-variability-change;model-evaluation-downscaling,numerical_modeling,train
https://doi.org/10.1175/jas-d-16-0106.1,Diurnal Variations of the Land–Sea Breeze and Its Related Precipitation over South China,2016,Journal of the Atmospheric Sciences,cloud-precipitation-microphysics;aerosols;climate-variability-change,numerical_modeling,train
https://doi.org/10.1175/jas-d-16-0115.1,Supersaturation Fluctuations during the Early Stage of Cumulus Formation,2016,Journal of the Atmospheric Sciences,cloud-precipitation-microphysics;atmospheric-chemistry;aerosols,unspecified,train
https://doi.org/10.1175/jas-d-16-0119.1,Deep Convection and Column Water Vapor over Tropical Land versus Tropical Ocean: A Comparison between the Amazon and the Tropical Western Pacific,2016,Journal of the Atmospheric Sciences,dynamics-weather-systems;climate-variability-change,numerical_modeling,train
https://doi.org/10.1175/jas-d-16-0131.1,Canonical Transfer and Multiscale Energetics for Primitive and Quasigeostrophic Atmospheres,2016,Journal of the Atmospheric Sciences,dynamics-weather-systems;remote-sensing-retrieval,remote_sensing,development
https://doi.org/10.1175/jas-d-16-0166.1,"Simulation, Modeling, and Dynamically Based Parameterization of Organized Tropical Convection for Global Climate Models",2017,Journal of the Atmospheric Sciences,dynamics-weather-systems;climate-variability-change;model-evaluation-downscaling,numerical_modeling,train
https://doi.org/10.1175/jas-d-16-0180.1,Regime Transitions in Near-Surface Temperature Inversions: A Conceptual Model,2017,Journal of the Atmospheric Sciences,dynamics-weather-systems,numerical_modeling,train
https://doi.org/10.1175/jas-d-16-0194.1,Mean-Flow Effects of Thermal Tides in the Mesosphere and Lower Thermosphere,2017,Journal of the Atmospheric Sciences,dynamics-weather-systems;atmospheric-chemistry,unspecified,train
https://doi.org/10.1175/jas-d-16-0205.1,Influence of the Stratospheric Quasi-Biennial Oscillation on the Madden–Julian Oscillation during Austral Summer,2017,Journal of the Atmospheric Sciences,atmospheric-chemistry;aerosols;climate-variability-change,numerical_modeling,blind_test
https://doi.org/10.1175/jas-d-16-0223.1,Ice Multiplication by Breakup in Ice–Ice Collisions. Part II: Numerical Simulations,2017,Journal of the Atmospheric Sciences,cloud-precipitation-microphysics;atmospheric-chemistry;aerosols,numerical_modeling,blind_test
https://doi.org/10.1175/jas-d-16-0224.1,Ice Multiplication by Breakup in Ice–Ice Collisions. Part I: Theoretical Formulation,2017,Journal of the Atmospheric Sciences,cloud-precipitation-microphysics;aerosols,unspecified,blind_test
https://doi.org/10.1175/jas-d-16-0226.1,On the Dynamical Control of the Mesosphere–Lower Thermosphere by the Lower and Middle Atmosphere,2017,Journal of the Atmospheric Sciences,dynamics-weather-systems;atmospheric-chemistry,unspecified,development
https://doi.org/10.1175/jas-d-16-0234.1,An Analytic Description of the Structure and Evolution of Growing Deep Cumulus Updrafts,2016,Journal of the Atmospheric Sciences,dynamics-weather-systems,numerical_modeling,train
https://doi.org/10.1175/jas-d-16-0264.1,Cold Pools and Their Influence on the Tropical Marine Boundary Layer,2017,Journal of the Atmospheric Sciences,dynamics-weather-systems;boundary-layer-turbulence;climate-variability-change;ocean-atmosphere,numerical_modeling,train
https://doi.org/10.1175/jas-d-16-0269.1,On the Development of Above-Anvil Cirrus Plumes in Extratropical Convection,2017,Journal of the Atmospheric Sciences,dynamics-weather-systems;cloud-precipitation-microphysics;atmospheric-chemistry;aerosols,numerical_modeling,train
https://doi.org/10.1175/jas-d-16-0305.1,Tropospheric Waveguide Teleconnections and Their Seasonality,2017,Journal of the Atmospheric Sciences,dynamics-weather-systems;climate-variability-change,numerical_modeling,development
https://doi.org/10.1175/jas-d-16-0343.1,Mechanisms for a PNA-Like Teleconnection Pattern in Response to the MJO,2017,Journal of the Atmospheric Sciences,climate-variability-change,numerical_modeling,development
https://doi.org/10.1175/jas-d-16-0344.1,"Factors Controlling Rain on Small Tropical Islands: Diurnal Cycle, Large-Scale Wind Speed, and Topography",2017,Journal of the Atmospheric Sciences,dynamics-weather-systems;climate-variability-change,numerical_modeling,train
https://doi.org/10.1175/jas-d-16-0350.1,Predicting Ice Shape Evolution in a Bulk Microphysics Model,2017,Journal of the Atmospheric Sciences,cloud-precipitation-microphysics;observations-instruments,observation;numerical_modeling,train
https://doi.org/10.1175/jas-d-16-0362.1,The Role of Precipitation in Controlling the Transition from Stratocumulus to Cumulus Clouds in a Northern Hemisphere Cold-Air Outbreak,2017,Journal of the Atmospheric Sciences,cloud-precipitation-microphysics;aerosols,numerical_modeling,blind_test
https://doi.org/10.1175/jas-d-17-0033.1,Aircraft Observations of Cumulus Microphysics Ranging from the Tropics to Midlatitudes: Implications for a “New” Secondary Ice Process,2017,Journal of the Atmospheric Sciences,dynamics-weather-systems;cloud-precipitation-microphysics;atmospheric-chemistry;aerosols;observations-instruments,observation,train
https://doi.org/10.1175/jas-d-17-0043.1,Broadening of Cloud Droplet Spectra through Eddy Hopping: Turbulent Adiabatic Parcel Simulations,2017,Journal of the Atmospheric Sciences,dynamics-weather-systems;cloud-precipitation-microphysics;aerosols,numerical_modeling,train
https://doi.org/10.1175/jas-d-17-0067.1,The Semiannual Oscillation of the Tropical Zonal Wind in the Middle Atmosphere Derived from Satellite Geopotential Height Retrievals,2017,Journal of the Atmospheric Sciences,dynamics-weather-systems;atmospheric-chemistry;remote-sensing-retrieval;climate-variability-change,remote_sensing;numerical_modeling,train
https://doi.org/10.1175/jas-d-17-0081.1,Influence of Monsoonal Wind Speed and Moisture Content on Intensity and Diurnal Variations of the Mei-Yu Season Coastal Rainfall over South China,2017,Journal of the Atmospheric Sciences,dynamics-weather-systems;cloud-precipitation-microphysics;climate-variability-change,numerical_modeling,development
https://doi.org/10.1175/jas-d-17-0102.1,Exact Expression for the Lifting Condensation Level,2017,Journal of the Atmospheric Sciences,cloud-precipitation-microphysics;atmospheric-chemistry;aerosols,unspecified,train
https://doi.org/10.1175/jas-d-17-0123.1,Turbulence Effects of Collision Efficiency and Broadening of Droplet Size Distribution in Cumulus Clouds,2017,Journal of the Atmospheric Sciences,dynamics-weather-systems;boundary-layer-turbulence;cloud-precipitation-microphysics;aerosols,unspecified,train
https://doi.org/10.1175/jas-d-17-0136.1,Sensitivity of Sudden Stratospheric Warmings to Previous Stratospheric Conditions,2017,Journal of the Atmospheric Sciences,dynamics-weather-systems;atmospheric-chemistry;climate-variability-change,numerical_modeling,development
https://doi.org/10.1175/jas-d-17-0155.1,A Mesocosm Double Feature: Insights into the Chemical Makeup of Marine Ice Nucleating Particles,2018,Journal of the Atmospheric Sciences,cloud-precipitation-microphysics;atmospheric-chemistry;aerosols;ocean-atmosphere,unspecified,train
https://doi.org/10.1175/jas-d-17-0190.1,Secondary Ice Production by Fragmentation of Freezing Drops: Formulation and Theory,2018,Journal of the Atmospheric Sciences,cloud-precipitation-microphysics;aerosols;observations-instruments,observation,train
https://doi.org/10.1175/jas-d-17-0217.1,Erroneous Attribution of Deep Convective Invigoration to Aerosol Concentration,2018,Journal of the Atmospheric Sciences,cloud-precipitation-microphysics;atmospheric-chemistry;aerosols,numerical_modeling,train
https://doi.org/10.1175/jas-d-17-0242.1,Primary Modes of Global Drop Size Distributions,2018,Journal of the Atmospheric Sciences,cloud-precipitation-microphysics;aerosols;observations-instruments,observation;numerical_modeling,train
https://doi.org/10.1175/jas-d-17-0244.1,Observed Boundary Layer Controls on Shallow Cumulus at the ARM Southern Great Plains Site,2018,Journal of the Atmospheric Sciences,dynamics-weather-systems;boundary-layer-turbulence;cloud-precipitation-microphysics;aerosols,numerical_modeling,train
https://doi.org/10.1175/jas-d-17-0264.1,Assessing Hurricane Rainfall Mechanisms Using a Physics-Based Model: Hurricanes Isabel (2003) and Irene (2011),2018,Journal of the Atmospheric Sciences,dynamics-weather-systems;cloud-precipitation-microphysics;remote-sensing-retrieval;climate-variability-change,remote_sensing;numerical_modeling,train
https://doi.org/10.1175/jas-d-17-0343.1,Insights into Atmospheric Predictability through Global Convection-Permitting Model Simulations,2018,Journal of the Atmospheric Sciences,dynamics-weather-systems;forecasting-predictability;climate-variability-change,numerical_modeling,development
https://doi.org/10.1175/jas-d-17-0397.1,Diurnal Cycle of Rainfall and Winds near the South Coast of China,2018,Journal of the Atmospheric Sciences,dynamics-weather-systems;cloud-precipitation-microphysics;remote-sensing-retrieval,remote_sensing;numerical_modeling,train
https://doi.org/10.1175/jas-d-18-0006.1,Influence of Turbulent Fluctuations on Cloud Droplet Size Dispersion and Aerosol Indirect Effects,2018,Journal of the Atmospheric Sciences,cloud-precipitation-microphysics;atmospheric-chemistry;aerosols,unspecified,blind_test
https://doi.org/10.1175/jas-d-18-0035.1,"A Comprehensive Observational Study of Graupel and Hail Terminal Velocity, Mass Flux, and Kinetic Energy",2018,Journal of the Atmospheric Sciences,cloud-precipitation-microphysics;aerosols;observations-instruments,observation;numerical_modeling,train
https://doi.org/10.1175/jas-d-18-0052.1,Secondary Ice Formation during Freezing of Levitated Droplets,2018,Journal of the Atmospheric Sciences,cloud-precipitation-microphysics;aerosols,unspecified,development
https://doi.org/10.1175/jas-d-18-0070.1,A Hypothesis for the Intensification of Tropical Cyclones under Moderate Vertical Wind Shear,2018,Journal of the Atmospheric Sciences,dynamics-weather-systems;climate-variability-change,numerical_modeling,train
https://doi.org/10.1175/jas-d-18-0078.1,Broadening of Cloud Droplet Spectra through Eddy Hopping: Turbulent Entraining Parcel Simulations,2018,Journal of the Atmospheric Sciences,dynamics-weather-systems;cloud-precipitation-microphysics;atmospheric-chemistry;aerosols,numerical_modeling,train
https://doi.org/10.1175/jas-d-18-0141.1,Measuring Area-Averaged Vertical Motions with Dropsondes,2018,Journal of the Atmospheric Sciences,cloud-precipitation-microphysics;atmospheric-chemistry;aerosols,unspecified,train
https://doi.org/10.1175/jas-d-18-0152.1,Intraseasonal Variability in a Cloud-Permitting Near-Global Equatorial Aquaplanet Model,2018,Journal of the Atmospheric Sciences,dynamics-weather-systems;cloud-precipitation-microphysics;atmospheric-chemistry;climate-variability-change,numerical_modeling,train
https://doi.org/10.1175/jas-d-18-0196.1,The Effect of Land Surface Heterogeneity and Background Wind on Shallow Cumulus Clouds and the Transition to Deeper Convection,2018,Journal of the Atmospheric Sciences,dynamics-weather-systems;cloud-precipitation-microphysics;climate-variability-change;land-atmosphere,numerical_modeling,train
https://doi.org/10.1175/jas-d-18-0269.1,What Is the Predictability Limit of Midlatitude Weather?,2019,Journal of the Atmospheric Sciences,dynamics-weather-systems;forecasting-predictability;climate-variability-change,numerical_modeling,train
https://doi.org/10.1175/jas-d-18-0324.1,A Nonlinear Theory of Atmospheric Blocking: A Potential Vorticity Gradient View,2019,Journal of the Atmospheric Sciences,dynamics-weather-systems;atmospheric-chemistry;climate-variability-change,numerical_modeling,blind_test
https://doi.org/10.1175/jas-d-18-0331.1,"Impacts of Convective Activity over the Tibetan Plateau on Plateau Vortex, Southwest Vortex, and Downstream Precipitation",2019,Journal of the Atmospheric Sciences,dynamics-weather-systems;cloud-precipitation-microphysics;climate-variability-change,numerical_modeling,train
https://doi.org/10.1175/jas-d-18-0343.1,Why Do Precipitation Intensities Tend to Follow Gamma Distributions?,2019,Journal of the Atmospheric Sciences,dynamics-weather-systems;cloud-precipitation-microphysics;climate-variability-change;extremes;hydrometeorology,numerical_modeling,train
https://doi.org/10.1175/jas-d-19-0042.1,An Observational Overview of Dusty Deep Convection in Martian Dust Storms,2019,Journal of the Atmospheric Sciences,dynamics-weather-systems;aerosols;observations-instruments,observation,train
https://doi.org/10.1175/jas-d-19-0096.1,The Role of Vertical Wind Shear in Modulating Maximum Supercell Updraft Velocities,2019,Journal of the Atmospheric Sciences,dynamics-weather-systems;climate-variability-change,numerical_modeling,train
https://doi.org/10.1175/jas-d-19-0116.1,"Atmospheric Predictability of the Tropics, Middle Latitudes, and Polar Regions Explored through Global Storm-Resolving Simulations",2019,Journal of the Atmospheric Sciences,dynamics-weather-systems;forecasting-predictability;climate-variability-change,numerical_modeling,train
https://doi.org/10.1175/jas-d-19-0243.1,Thermal Chains and Entrainment in Cumulus Updrafts. Part I: Theoretical Description,2020,Journal of the Atmospheric Sciences,dynamics-weather-systems;climate-variability-change,numerical_modeling,blind_test
https://doi.org/10.1175/jas-d-19-0352.1,Contributions of the Liquid and Ice Phases to Global Surface Precipitation: Observations and Global Climate Modeling,2020,Journal of the Atmospheric Sciences,dynamics-weather-systems;cloud-precipitation-microphysics;observations-instruments,observation;numerical_modeling,train
https://doi.org/10.1175/jas-d-20-0007.1,Long-Term Statistics of Riming in Nonconvective Clouds Derived from Ground-Based Doppler Cloud Radar Observations,2020,Journal of the Atmospheric Sciences,cloud-precipitation-microphysics;atmospheric-chemistry;aerosols;remote-sensing-retrieval;observations-instruments,observation;remote_sensing,train
https://doi.org/10.1175/jas-d-20-0016.1,A Hail Growth Trajectory Model for Exploring the Environmental Controls on Hail Size: Model Physics and Idealized Tests,2020,Journal of the Atmospheric Sciences,climate-variability-change,numerical_modeling,development
https://doi.org/10.1175/jas-d-20-0054.1,Combined Effects of Midlevel Dry Air and Vertical Wind Shear on Tropical Cyclone Development. Part I: Downdraft Ventilation,2020,Journal of the Atmospheric Sciences,dynamics-weather-systems;extremes,review_synthesis,development
https://doi.org/10.1175/jas-d-20-0081.1,Secondary Ice Production upon Freezing of Freely Falling Drizzle Droplets,2020,Journal of the Atmospheric Sciences,cloud-precipitation-microphysics;atmospheric-chemistry;aerosols,unspecified,train
https://doi.org/10.1175/jas-d-20-0200.1,Impacts of Varying Concentrations of Cloud Condensation Nuclei on Deep Convective Cloud Updrafts—A Multimodel Assessment,2021,Journal of the Atmospheric Sciences,cloud-precipitation-microphysics;atmospheric-chemistry;aerosols,numerical_modeling;review_synthesis,train
https://doi.org/10.1175/jas-d-20-0248.1,Revisiting the Quasi-Biennial Oscillation as Seen in ERA5. Part I: Description and Momentum Budget,2020,Journal of the Atmospheric Sciences,dynamics-weather-systems;atmospheric-chemistry;climate-variability-change,numerical_modeling;reanalysis,train
https://doi.org/10.1175/jas-d-20-0299.1,How Does Vertical Wind Shear Influence Entrainment in Squall Lines?,2021,Journal of the Atmospheric Sciences,dynamics-weather-systems;hydrometeorology,unspecified,train
https://doi.org/10.1175/jas-d-20-0323.1,Thermal imaging of freezing drizzle droplets: pressure release events as a source of secondary ice particles,2021,Journal of the Atmospheric Sciences,unclassified,unspecified,blind_test
https://doi.org/10.1175/jas-d-20-0338.1,A comprehensive database of the optical properties of irregular aerosol particles for radiative transfer simulations,2021,Journal of the Atmospheric Sciences,cloud-precipitation-microphysics;atmospheric-radiation;atmospheric-chemistry;aerosols,numerical_modeling,blind_test
https://doi.org/10.1175/jas-d-21-0003.1,Review of Wind–Wave Coupling Models for Large-Eddy Simulation of the Marine Atmospheric Boundary Layer,2021,Journal of the Atmospheric Sciences,dynamics-weather-systems;boundary-layer-turbulence;remote-sensing-retrieval;ocean-atmosphere,remote_sensing;numerical_modeling;review_synthesis,train
https://doi.org/10.1175/jas-d-21-0054.1,Influences of CAPE on Hail Production in Simulated Supercell Storms,2021,Journal of the Atmospheric Sciences,dynamics-weather-systems;climate-variability-change,numerical_modeling,development
https://doi.org/10.1175/jas-d-21-0077.1,Cloud Microphysical Implications for Marine Cloud Brightening: The Importance of the Seeded Particle Size Distribution,2021,Journal of the Atmospheric Sciences,cloud-precipitation-microphysics;atmospheric-chemistry;aerosols;climate-variability-change;ocean-atmosphere,unspecified,train
https://doi.org/10.1175/jas-d-21-0252.1,Observed and Modeled Mountain Waves from the Surface to the Mesosphere near the Drake Passage,2022,Journal of the Atmospheric Sciences,dynamics-weather-systems;atmospheric-chemistry,numerical_modeling,train
https://doi.org/10.1175/jcli-d-15-0239.1,“El Niño Like” Hydroclimate Responses to Last Millennium Volcanic Eruptions,2016,Journal of Climate,climate-variability-change,numerical_modeling,blind_test
https://doi.org/10.1175/jcli-d-15-0304.1,Forced and Internal Components of Winter Air Temperature Trends over North America during the past 50 Years: Mechanisms and Implications*,2016,Journal of Climate,dynamics-weather-systems;climate-variability-change,numerical_modeling,train
https://doi.org/10.1175/jcli-d-15-0358.1,Global Climate Impacts of Fixing the Southern Ocean Shortwave Radiation Bias in the Community Earth System Model (CESM),2016,Journal of Climate,dynamics-weather-systems;atmospheric-radiation;climate-variability-change;earth-system-models,numerical_modeling,train
https://doi.org/10.1175/jcli-d-15-0452.1,Global Meteorological Drought: A Synthesis of Current Understanding with a Focus on SST Drivers of Precipitation Deficits,2016,Journal of Climate,cloud-precipitation-microphysics;observations-instruments;climate-variability-change;extremes;hydrometeorology,observation;numerical_modeling;review_synthesis,train
https://doi.org/10.1175/jcli-d-15-0502.1,The Influence of the Madden–Julian Oscillation on Northern Hemisphere Winter Blocking,2016,Journal of Climate,dynamics-weather-systems;climate-variability-change;ocean-atmosphere,numerical_modeling,train
https://doi.org/10.1175/jcli-d-15-0508.1,"The Pacific Decadal Oscillation, Revisited",2016,Journal of Climate,climate-variability-change,numerical_modeling,blind_test
https://doi.org/10.1175/jcli-d-15-0556.1,ERA-20C: An Atmospheric Reanalysis of the Twentieth Century,2016,Journal of Climate,dynamics-weather-systems;climate-variability-change,numerical_modeling;reanalysis,train
https://doi.org/10.1175/jcli-d-15-0564.1,Large Contribution of Supercooled Liquid Clouds to the Solar Radiation Budget of the Southern Ocean,2016,Journal of Climate,cloud-precipitation-microphysics;atmospheric-radiation;atmospheric-chemistry;aerosols,unspecified,train
https://doi.org/10.1175/jcli-d-15-0611.1,Impact of Ural Blocking on Winter Warm Arctic–Cold Eurasian Anomalies. Part I: Blocking-Induced Amplification,2016,Journal of Climate,dynamics-weather-systems;climate-variability-change,numerical_modeling,train
https://doi.org/10.1175/jcli-d-15-0612.1,Impact of Ural Blocking on Winter Warm Arctic–Cold Eurasian Anomalies. Part II: The Link to the North Atlantic Oscillation,2016,Journal of Climate,dynamics-weather-systems;climate-variability-change,numerical_modeling,train
https://doi.org/10.1175/jcli-d-15-0618.1,Comparison of Global Precipitation Estimates across a Range of Temporal and Spatial Scales,2016,Journal of Climate,cloud-precipitation-microphysics;observations-instruments;climate-variability-change,observation;numerical_modeling,development
https://doi.org/10.1175/jcli-d-15-0654.1,Using Causal Effect Networks to Analyze Different Arctic Drivers of Midlatitude Winter Circulation,2016,Journal of Climate,dynamics-weather-systems;observations-instruments;climate-variability-change;statistics-causal-ml,observation;numerical_modeling;statistical_ml,development
https://doi.org/10.1175/jcli-d-15-0655.1,All-Season Climatology and Variability of Atmospheric River Frequencies over the North Pacific,2016,Journal of Climate,dynamics-weather-systems;climate-variability-change,numerical_modeling,train
https://doi.org/10.1175/jcli-d-15-0679.1,Multivariate Bias Correction of Climate Model Output: Matching Marginal Distributions and Intervariable Dependence Structure,2016,Journal of Climate,climate-variability-change;extremes;hydrometeorology;model-evaluation-downscaling,numerical_modeling,train
https://doi.org/10.1175/jcli-d-15-0730.1,Benefits of CMIP5 Multimodel Ensemble in Reconstructing Historical Ocean Subsurface Temperature Variations,2016,Journal of Climate,forecasting-predictability;climate-variability-change;earth-system-models,numerical_modeling,train
https://doi.org/10.1175/jcli-d-15-0773.1,The Role of Moist Intrusions in Winter Arctic Warming and Sea Ice Decline,2016,Journal of Climate,dynamics-weather-systems;climate-variability-change,numerical_modeling,train
https://doi.org/10.1175/jcli-d-15-0792.1,Oceanic Forcings of the Interdecadal Variability in East Asian Summer Rainfall,2016,Journal of Climate,dynamics-weather-systems;cloud-precipitation-microphysics;climate-variability-change,numerical_modeling,blind_test
https://doi.org/10.1175/jcli-d-15-0799.1,Assessing the Radiative Effects of Global Ice Clouds Based on CloudSat and CALIPSO Measurements,2016,Journal of Climate,cloud-precipitation-microphysics;atmospheric-radiation;atmospheric-chemistry;aerosols;observations-instruments,observation,train
https://doi.org/10.1175/jcli-d-15-0842.1,Recent Changes in the Moisture Source of Precipitation over the Tibetan Plateau,2016,Journal of Climate,cloud-precipitation-microphysics;observations-instruments;climate-variability-change,observation;numerical_modeling,train
https://doi.org/10.1175/jcli-d-16-0057.1,Synoptic Situations of Extreme Hourly Precipitation over China,2016,Journal of Climate,dynamics-weather-systems;cloud-precipitation-microphysics;climate-variability-change;extremes,numerical_modeling,train
https://doi.org/10.1175/jcli-d-16-0076.1,Past and Projected Changes in Western North Pacific Tropical Cyclone Exposure,2016,Journal of Climate,dynamics-weather-systems;air-quality-exposure;remote-sensing-retrieval;climate-variability-change,remote_sensing;numerical_modeling,train
https://doi.org/10.1175/jcli-d-16-0127.1,Assessing the Climate Impacts of the Observed Atlantic Multidecadal Variability Using the GFDL CM2.1 and NCAR CESM1 Global Coupled Models,2016,Journal of Climate,climate-variability-change;earth-system-models,numerical_modeling,train
https://doi.org/10.1175/jcli-d-16-0180.1,The Role of Downward Infrared Radiation in the Recent Arctic Winter Warming Trend,2017,Journal of Climate,dynamics-weather-systems;atmospheric-radiation;observations-instruments;climate-variability-change,observation,train
https://doi.org/10.1175/jcli-d-16-0197.1,Simulated Atmospheric Response to Regional and Pan-Arctic Sea Ice Loss,2017,Journal of Climate,dynamics-weather-systems;climate-variability-change,numerical_modeling,blind_test
https://doi.org/10.1175/jcli-d-16-0261.1,Increased Quasi Stationarity and Persistence of Winter Ural Blocking and Eurasian Extreme Cold Events in Response to Arctic Warming. Part I: Insights from Observational Analyses,2017,Journal of Climate,dynamics-weather-systems;observations-instruments;climate-variability-change;extremes,observation;numerical_modeling,train
https://doi.org/10.1175/jcli-d-16-0269.1,"Heat Waves in Southern China: Synoptic Behavior, Long-Term Change, and Urbanization Effects",2016,Journal of Climate,dynamics-weather-systems;climate-variability-change;land-atmosphere,numerical_modeling,train
https://doi.org/10.1175/jcli-d-16-0298.1,Contribution of Tropical Cyclones to Rainfall at the Global Scale,2016,Journal of Climate,dynamics-weather-systems;cloud-precipitation-microphysics;climate-variability-change,numerical_modeling,development
https://doi.org/10.1175/jcli-d-16-0338.1,Atmospheric Water Balance and Variability in the MERRA-2 Reanalysis,2016,Journal of Climate,climate-variability-change,numerical_modeling;reanalysis,train
https://doi.org/10.1175/jcli-d-16-0351.1,Understanding Decreases in Land Relative Humidity with Global Warming: Conceptual Model and GCM Simulations,2016,Journal of Climate,dynamics-weather-systems;climate-variability-change;hydrometeorology,numerical_modeling,blind_test
https://doi.org/10.1175/jcli-d-16-0408.1,Positive Trend in the Antarctic Sea Ice Cover and Associated Changes in Surface Temperature,2016,Journal of Climate,dynamics-weather-systems;observations-instruments;climate-variability-change,observation,train
https://doi.org/10.1175/jcli-d-16-0412.1,Attribution of Extreme Events in Arctic Sea Ice Extent,2016,Journal of Climate,dynamics-weather-systems;observations-instruments;climate-variability-change;extremes,observation,train
https://doi.org/10.1175/jcli-d-16-0420.1,The Fate of the Southern Weddell Sea Continental Shelf in a Warming Climate,2017,Journal of Climate,dynamics-weather-systems;observations-instruments;climate-variability-change,observation,development
https://doi.org/10.1175/jcli-d-16-0455.1,Sea Ice Trends in Climate Models Only Accurate in Runs with Biased Global Warming,2017,Journal of Climate,dynamics-weather-systems;observations-instruments;climate-variability-change,observation;numerical_modeling,train
https://doi.org/10.1175/jcli-d-16-0458.1,Satellite Observations of Regional Drought Severity in the Continental United States Using GRACE-Based Terrestrial Water Storage Changes,2017,Journal of Climate,remote-sensing-retrieval;observations-instruments;extremes;hydrometeorology,observation;remote_sensing,development
https://doi.org/10.1175/jcli-d-16-0489.1,Atmospheric Dynamic and Thermodynamic Processes Driving the Western North Pacific Anomalous Anticyclone during El Niño. Part I: Maintenance Mechanisms,2017,Journal of Climate,dynamics-weather-systems;climate-variability-change,numerical_modeling,train
https://doi.org/10.1175/jcli-d-16-0557.1,How Well Are Tropical Cyclones Represented in Reanalysis Datasets?,2017,Journal of Climate,dynamics-weather-systems;climate-variability-change,numerical_modeling;reanalysis,train
https://doi.org/10.1175/jcli-d-16-0570.1,Land Surface Precipitation in MERRA-2,2016,Journal of Climate,cloud-precipitation-microphysics;observations-instruments;climate-variability-change;land-atmosphere,observation;numerical_modeling;reanalysis,train
https://doi.org/10.1175/jcli-d-16-0597.1,Projected Future Changes of Tropical Cyclone Activity over the Western North and South Pacific in a 20-km-Mesh Regional Climate Model,2017,Journal of Climate,dynamics-weather-systems;climate-variability-change;model-evaluation-downscaling,numerical_modeling,train
https://doi.org/10.1175/jcli-d-16-0609.1,"The MERRA-2 Aerosol Reanalysis, 1980 Onward. Part I: System Description and Data Assimilation Evaluation",2017,Journal of Climate,cloud-precipitation-microphysics;atmospheric-chemistry;aerosols;numerical-weather-prediction,reanalysis,train
https://doi.org/10.1175/jcli-d-16-0613.1,"The MERRA-2 Aerosol Reanalysis, 1980 Onward. Part II: Evaluation and Case Studies",2017,Journal of Climate,dynamics-weather-systems;cloud-precipitation-microphysics;atmospheric-chemistry;aerosols,reanalysis,train
https://doi.org/10.1175/jcli-d-16-0614.1,Barrier Effect of the Indo-Pacific Maritime Continent on the MJO: Perspectives from Tracking MJO Precipitation,2017,Journal of Climate,dynamics-weather-systems;cloud-precipitation-microphysics;climate-variability-change,numerical_modeling;review_synthesis,train
https://doi.org/10.1175/jcli-d-16-0620.1,Stratospheric Control of the Madden–Julian Oscillation,2016,Journal of Climate,atmospheric-chemistry;aerosols;climate-variability-change,numerical_modeling,train
https://doi.org/10.1175/jcli-d-16-0671.1,Evidence for a Strong Association of Short-Duration Intense Rainfall with Urbanization in the Beijing Urban Area,2017,Journal of Climate,cloud-precipitation-microphysics;climate-variability-change;land-atmosphere,numerical_modeling,train
https://doi.org/10.1175/jcli-d-16-0699.1,Evaluation of the Ozone Fields in NASA’s MERRA-2 Reanalysis,2017,Journal of Climate,dynamics-weather-systems;atmospheric-chemistry;aerosols,reanalysis,train
https://doi.org/10.1175/jcli-d-16-0720.1,Assessment of MERRA-2 Land Surface Hydrology Estimates,2016,Journal of Climate,remote-sensing-retrieval;observations-instruments;climate-variability-change;hydrometeorology;land-atmosphere,observation;remote_sensing;numerical_modeling;reanalysis;review_synthesis,train
https://doi.org/10.1175/jcli-d-16-0727.1,Quantifying Spatiotemporal Variations of Soil Moisture Control on Surface Energy Balance and Near-Surface Air Temperature,2017,Journal of Climate,dynamics-weather-systems;remote-sensing-retrieval;climate-variability-change;hydrometeorology;land-atmosphere,remote_sensing;numerical_modeling,train
https://doi.org/10.1175/jcli-d-16-0758.1,"The Modern-Era Retrospective Analysis for Research and Applications, Version 2 (MERRA-2)",2017,Journal of Climate,dynamics-weather-systems;atmospheric-chemistry,numerical_modeling;reanalysis,train
https://doi.org/10.1175/jcli-d-16-0795.1,Dust Storms in Northern China: Long-Term Spatiotemporal Characteristics and Climate Controls,2017,Journal of Climate,dynamics-weather-systems;cloud-precipitation-microphysics;aerosols,unspecified,train
https://doi.org/10.1175/jcli-d-16-0807.1,Storylines of Atmospheric Circulation Change for European Regional Climate Impact Assessment,2017,Journal of Climate,dynamics-weather-systems;climate-variability-change;model-evaluation-downscaling,numerical_modeling;review_synthesis,train
https://doi.org/10.1175/jcli-d-16-0808.1,Super-Clausius–Clapeyron Scaling of Extreme Hourly Convective Precipitation and Its Relation to Large-Scale Atmospheric Conditions,2017,Journal of Climate,dynamics-weather-systems;cloud-precipitation-microphysics;climate-variability-change;extremes,numerical_modeling,blind_test
https://doi.org/10.1175/jcli-d-16-0836.1,"Extended Reconstructed Sea Surface Temperature, Version 5 (ERSSTv5): Upgrades, Validations, and Intercomparisons",2017,Journal of Climate,dynamics-weather-systems;climate-variability-change;ocean-atmosphere;quality-control-uncertainty,numerical_modeling,train
https://doi.org/10.1175/jcli-d-16-0844.1,The Northern Hemisphere Extratropical Atmospheric Circulation Response to ENSO: How Well Do We Know It and How Do We Evaluate Models Accordingly?,2017,Journal of Climate,dynamics-weather-systems;climate-variability-change,numerical_modeling,train
https://doi.org/10.1175/jcli-d-17-0087.1,The Dependence of Global Cloud and Lapse Rate Feedbacks on the Spatial Structure of Tropical Pacific Warming,2017,Journal of Climate,cloud-precipitation-microphysics;atmospheric-chemistry;aerosols;climate-variability-change,numerical_modeling,train
https://doi.org/10.1175/jcli-d-17-0208.1,Clouds and the Earth’s Radiant Energy System (CERES) Energy Balanced and Filled (EBAF) Top-of-Atmosphere (TOA) Edition-4.0 Data Product,2017,Journal of Climate,dynamics-weather-systems;cloud-precipitation-microphysics;atmospheric-chemistry;aerosols,unspecified,train
https://doi.org/10.1175/jcli-d-17-0236.1,Impact of Earth Greening on the Terrestrial Water Cycle,2018,Journal of Climate,dynamics-weather-systems;climate-variability-change;hydrometeorology,numerical_modeling,development
https://doi.org/10.1175/jcli-d-17-0274.1,Attribution Analysis of the Ethiopian Drought of 2015,2017,Journal of Climate,climate-variability-change;extremes;hydrometeorology,numerical_modeling,development
https://doi.org/10.1175/jcli-d-17-0340.1,Interdecadal Variations of the Silk Road Pattern,2017,Journal of Climate,climate-variability-change,numerical_modeling,development
https://doi.org/10.1175/jcli-d-17-0352.1,A Coupled Ice Sheet–Sea Level Model Incorporating 3D Earth Structure: Variations in Antarctica during the Last Deglacial Retreat,2018,Journal of Climate,observations-instruments,observation;numerical_modeling,development
https://doi.org/10.1175/jcli-d-17-0427.1,Seasonal and Regional Manifestation of Arctic Sea Ice Loss,2018,Journal of Climate,dynamics-weather-systems;climate-variability-change,observation,blind_test
https://doi.org/10.1175/jcli-d-17-0523.1,Surface Irradiances of Edition 4.0 Clouds and the Earth’s Radiant Energy System (CERES) Energy Balanced and Filled (EBAF) Data Product,2018,Journal of Climate,dynamics-weather-systems;cloud-precipitation-microphysics;atmospheric-chemistry;aerosols,unspecified,train
https://doi.org/10.1175/jcli-d-17-0657.1,Understanding the Interdecadal Variability of East Asian Summer Monsoon Precipitation: Joint Influence of Three Oceanic Signals,2018,Journal of Climate,dynamics-weather-systems;cloud-precipitation-microphysics;climate-variability-change,numerical_modeling,development
https://doi.org/10.1175/jcli-d-17-0898.1,Projected Response of Tropical Cyclone Intensity and Intensification in a Global Climate Model,2018,Journal of Climate,dynamics-weather-systems;remote-sensing-retrieval;climate-variability-change,remote_sensing;numerical_modeling,train
https://doi.org/10.1175/jcli-d-18-0094.1,"The Global Historical Climatology Network Monthly Temperature Dataset, Version 4",2018,Journal of Climate,dynamics-weather-systems;observations-instruments;climate-variability-change,numerical_modeling,blind_test
https://doi.org/10.1175/jcli-d-18-0102.1,Later Wet Seasons with More Intense Rainfall over Africa under Future Climate Change,2018,Journal of Climate,cloud-precipitation-microphysics;observations-instruments;climate-variability-change,observation;numerical_modeling,train
https://doi.org/10.1175/jcli-d-18-0134.1,Evolution of the Global Coupled Climate Response to Arctic Sea Ice Loss during 1990–2090 and Its Contribution to Climate Change,2018,Journal of Climate,dynamics-weather-systems;climate-variability-change,numerical_modeling,development
https://doi.org/10.1175/jcli-d-18-0149.1,SODA3: A New Ocean Climate Reanalysis,2018,Journal of Climate,dynamics-weather-systems;climate-variability-change,numerical_modeling;reanalysis,blind_test
https://doi.org/10.1175/jcli-d-18-0210.1,Prediction of the Madden–Julian Oscillation: A Review,2018,Journal of Climate,forecasting-predictability;climate-variability-change;extremes;hydrometeorology,numerical_modeling;review_synthesis,blind_test
https://doi.org/10.1175/jcli-d-18-0233.1,Meteorological Drivers and Large-Scale Climate Forcing of West Antarctic Surface Melt,2018,Journal of Climate,dynamics-weather-systems;observations-instruments,observation,development
https://doi.org/10.1175/jcli-d-18-0331.1,The European 2016/17 Drought,2019,Journal of Climate,dynamics-weather-systems;climate-variability-change;extremes;hydrometeorology,numerical_modeling,train
https://doi.org/10.1175/jcli-d-18-0372.1,A Climatology of Thunderstorms across Europe from a Synthesis of Multiple Data Sources,2018,Journal of Climate,dynamics-weather-systems,numerical_modeling;review_synthesis,blind_test
https://doi.org/10.1175/jcli-d-18-0449.1,Weakened Potential Vorticity Barrier Linked to Recent Winter Arctic Sea Ice Loss and Midlatitude Cold Extremes,2019,Journal of Climate,dynamics-weather-systems;climate-variability-change;extremes,numerical_modeling,train
https://doi.org/10.1175/jcli-d-18-0472.1,Climate Variability and Change of Mediterranean-Type Climates,2019,Journal of Climate,dynamics-weather-systems;climate-variability-change,numerical_modeling,development
https://doi.org/10.1175/jcli-d-18-0643.1,Evaluation of Six Atmospheric Reanalyses over Arctic Sea Ice from Winter to Early Summer,2019,Journal of Climate,dynamics-weather-systems;observations-instruments;climate-variability-change,observation;numerical_modeling,train
https://doi.org/10.1175/jcli-d-18-0750.1,The Role of Atlantic Heat Transport in Future Arctic Winter Sea Ice Loss,2019,Journal of Climate,dynamics-weather-systems;climate-variability-change,numerical_modeling,train
https://doi.org/10.1175/jcli-d-18-0843.1,Attributing Historical and Future Evolution of Radiative Feedbacks to Regional Warming Patterns using a Green’s Function Approach: The Preeminence of the Western Pacific,2019,Journal of Climate,dynamics-weather-systems;atmospheric-radiation;atmospheric-chemistry;aerosols;climate-variability-change,numerical_modeling,train
https://doi.org/10.1175/jcli-d-19-0084.1,Future Global Meteorological Drought Hot Spots: A Study Based on CORDEX Data,2019,Journal of Climate,observations-instruments;climate-variability-change;extremes;hydrometeorology,observation;numerical_modeling,train
https://doi.org/10.1175/jcli-d-19-0137.1,Spatiotemporal Characteristics and Large-Scale Environments of Mesoscale Convective Systems East of the Rocky Mountains,2019,Journal of Climate,dynamics-weather-systems;climate-variability-change,numerical_modeling,blind_test
https://doi.org/10.1175/jcli-d-19-0332.1,Bias Correction of Global High-Resolution Precipitation Climatologies Using Streamflow Observations from 9372 Catchments,2019,Journal of Climate,cloud-precipitation-microphysics;observations-instruments;climate-variability-change;hydrometeorology;model-evaluation-downscaling,observation;numerical_modeling,train
https://doi.org/10.1175/jcli-d-19-0461.1,Changes in Convective Available Potential Energy and Convective Inhibition under Global Warming,2019,Journal of Climate,dynamics-weather-systems;climate-variability-change,numerical_modeling,blind_test
https://doi.org/10.1175/jcli-d-19-0471.1,Why Has the Inner Tibetan Plateau Become Wetter since the Mid-1990s?,2020,Journal of Climate,climate-variability-change,numerical_modeling,development
https://doi.org/10.1175/jcli-d-19-0639.1,Impact of Model Resolution on Tropical Cyclone Simulation Using the HighResMIP–PRIMAVERA Multimodel Ensemble,2020,Journal of Climate,dynamics-weather-systems;forecasting-predictability;remote-sensing-retrieval;climate-variability-change;earth-system-models,remote_sensing;numerical_modeling,train
https://doi.org/10.1175/jcli-d-19-0862.1,From CMIP3 to CMIP6: Northern Hemisphere Atmospheric Blocking Simulation in Present and Future Climate,2020,Journal of Climate,dynamics-weather-systems;atmospheric-chemistry;climate-variability-change;earth-system-models,numerical_modeling,train
https://doi.org/10.1175/jcli-d-19-0892.1,"A Global, Continental, and Regional Analysis of Changes in Extreme Precipitation",2020,Journal of Climate,cloud-precipitation-microphysics;climate-variability-change;extremes,numerical_modeling,train
https://doi.org/10.1175/jcli-d-19-0910.1,Why Is the Mediterranean a Climate Change Hot Spot?,2020,Journal of Climate,climate-variability-change,numerical_modeling,blind_test
https://doi.org/10.1175/jcli-d-19-0928.1,An Overview of the Extratropical Storm Tracks in CMIP6 Historical Simulations,2020,Journal of Climate,dynamics-weather-systems;climate-variability-change;earth-system-models,numerical_modeling,train
https://doi.org/10.1175/jcli-d-19-0976.1,Weakening of Cold Halocline Layer Exposes Sea Ice to Oceanic Heat in the Eastern Arctic Ocean,2020,Journal of Climate,dynamics-weather-systems;atmospheric-chemistry,unspecified,blind_test
https://doi.org/10.1175/jcli-d-19-0993.1,Understanding Future Change of Global Monsoons Projected by CMIP6 Models,2020,Journal of Climate,dynamics-weather-systems;climate-variability-change;earth-system-models,numerical_modeling,train
https://doi.org/10.1175/jcli-d-19-0998.1,Observed Temperature Changes in the Troposphere and Stratosphere from 1979 to 2018,2020,Journal of Climate,dynamics-weather-systems;atmospheric-chemistry;climate-variability-change,numerical_modeling,train
https://doi.org/10.1175/jcli-d-19-1013.1,Changes in Annual Extremes of Daily Temperature and Precipitation in CMIP6 Models,2020,Journal of Climate,dynamics-weather-systems;cloud-precipitation-microphysics;climate-variability-change;extremes;earth-system-models,numerical_modeling,train
https://doi.org/10.1175/jcli-d-20-0166.1,Improvements of the Daily Optimum Interpolation Sea Surface Temperature (DOISST) Version 2.1,2020,Journal of Climate,dynamics-weather-systems;climate-variability-change;ocean-atmosphere,numerical_modeling,train
https://doi.org/10.1175/jcli-d-20-0346.1,"Severe Convective Storms across Europe and the United States. Part II: ERA5 Environments Associated with Lightning, Large Hail, Severe Wind, and Tornadoes",2020,Journal of Climate,dynamics-weather-systems,numerical_modeling;reanalysis,development
https://doi.org/10.1175/jcli-d-20-0366.1,Improved Estimates of Changes in Upper Ocean Salinity and the Hydrological Cycle,2020,Journal of Climate,climate-variability-change;hydrometeorology,numerical_modeling,development
https://doi.org/10.1175/jcli-d-20-0367.1,Response of Global Tropical Cyclone Activity to Increasing CO2: Results from Downscaling CMIP6 Models,2020,Journal of Climate,dynamics-weather-systems;climate-variability-change;earth-system-models;model-evaluation-downscaling,numerical_modeling,train
https://doi.org/10.1175/jcli-d-20-0412.1,IMDAA: High Resolution Satellite-era Reanalysis for the Indian Monsoon Region,2021,Journal of Climate,dynamics-weather-systems;remote-sensing-retrieval;observations-instruments;climate-variability-change,observation;remote_sensing;numerical_modeling;reanalysis,train
https://doi.org/10.1175/jcli-d-20-0505.1,An Evaluation of the Performance of the Twentieth Century Reanalysis Version 3,2020,Journal of Climate,dynamics-weather-systems;climate-variability-change,numerical_modeling;reanalysis,train
https://doi.org/10.1175/jcli-d-21-0200.1,Sixfold Increase in Historical Northern Hemisphere Concurrent Large Heatwaves Driven by Warming and Changing Atmospheric Circulations,2021,Journal of Climate,dynamics-weather-systems;air-quality-exposure;climate-variability-change;extremes,numerical_modeling,train
https://doi.org/10.1175/jcli-d-21-0325.1,"Vegetation Greening, Extended Growing Seasons, and Temperature Feedbacks in Warming Temperate Grasslands of China",2022,Journal of Climate,dynamics-weather-systems;remote-sensing-retrieval;climate-variability-change;land-atmosphere,remote_sensing,train
https://doi.org/10.1175/jcli-d-21-0451.1,Spatial and Seasonal Isotope Variability in Precipitation across China: Monthly Isoscapes Based on Regionalized Fuzzy Clustering,2022,Journal of Climate,cloud-precipitation-microphysics;atmospheric-chemistry,unspecified,train
https://doi.org/10.1175/jcli-d-21-0648.1,Persistent Discrepancies between Observed and Modeled Trends in the Tropical Pacific Ocean,2022,Journal of Climate,climate-variability-change;ocean-atmosphere,numerical_modeling,train
https://doi.org/10.1175/jcli-d-21-0982.1,Ocean Mesoscale and Frontal-Scale Ocean–Atmosphere Interactions and Influence on Large-Scale Climate: A Review,2023,Journal of Climate,dynamics-weather-systems;climate-variability-change;ocean-atmosphere,numerical_modeling;review_synthesis,train
https://doi.org/10.1175/jhm-d-15-0042.1,Evaluation of Monthly Satellite-Derived Precipitation Products over East Africa,2016,Journal of Hydrometeorology,cloud-precipitation-microphysics;remote-sensing-retrieval;observations-instruments;climate-variability-change,observation;remote_sensing;numerical_modeling,train
https://doi.org/10.1175/jhm-d-15-0063.1,Benchmarking NLDAS-2 Soil Moisture and Evapotranspiration to Separate Uncertainty Contributions,2016,Journal of Hydrometeorology,remote-sensing-retrieval;hydrometeorology;land-atmosphere;quality-control-uncertainty,remote_sensing,train
https://doi.org/10.1175/jhm-d-15-0075.1,A Deep Neural Network Modeling Framework to Reduce Bias in Satellite Precipitation Products,2016,Journal of Hydrometeorology,cloud-precipitation-microphysics;remote-sensing-retrieval;observations-instruments;climate-variability-change;statistics-causal-ml,observation;remote_sensing;numerical_modeling;statistical_ml,train
https://doi.org/10.1175/jhm-d-15-0094.1,Estimating Uncertainties in High-Resolution Satellite Precipitation Products: Systematic or Random Error?,2016,Journal of Hydrometeorology,cloud-precipitation-microphysics;remote-sensing-retrieval;observations-instruments;climate-variability-change;quality-control-uncertainty,observation;remote_sensing;numerical_modeling,development
https://doi.org/10.1175/jhm-d-15-0107.1,Evaluating Regional and Global Hydrological Models against Streamflow and Evapotranspiration Measurements,2016,Journal of Hydrometeorology,dynamics-weather-systems;observations-instruments;extremes;hydrometeorology,observation;numerical_modeling;review_synthesis,development
https://doi.org/10.1175/jhm-d-15-0112.1,Assessing the Impact of Enhanced Hydrological Processes on Urban Hydrometeorology with Application to Two Cities in Contrasting Climates,2016,Journal of Hydrometeorology,climate-variability-change;hydrometeorology;land-atmosphere,numerical_modeling,train
https://doi.org/10.1175/jhm-d-15-0121.1,The Evaporative Demand Drought Index. Part I: Linking Drought Evolution to Variations in Evaporative Demand,2016,Journal of Hydrometeorology,dynamics-weather-systems;climate-variability-change;extremes;hydrometeorology,numerical_modeling,train
https://doi.org/10.1175/jhm-d-15-0122.1,The Evaporative Demand Drought Index. Part II: CONUS-Wide Assessment against Common Drought Indicators,2016,Journal of Hydrometeorology,dynamics-weather-systems;climate-variability-change;extremes;hydrometeorology,numerical_modeling;review_synthesis,train
https://doi.org/10.1175/jhm-d-15-0123.1,A Shallow Cumuliform Snowfall Census Using Spaceborne Radar,2016,Journal of Hydrometeorology,cloud-precipitation-microphysics;remote-sensing-retrieval;observations-instruments,observation;remote_sensing;numerical_modeling,blind_test
https://doi.org/10.1175/jhm-d-15-0138.1,Can Precipitation and Temperature from Meteorological Reanalyses Be Used for Hydrological Modeling?,2016,Journal of Hydrometeorology,cloud-precipitation-microphysics;observations-instruments;climate-variability-change;hydrometeorology,observation;numerical_modeling,train
https://doi.org/10.1175/jhm-d-15-0157.1,Assimilation of Gridded GRACE Terrestrial Water Storage Estimates in the North American Land Data Assimilation System,2016,Journal of Hydrometeorology,observations-instruments;numerical-weather-prediction,observation,train
https://doi.org/10.1175/jhm-d-15-0158.1,Precipitation Deficit Flash Droughts over the United States,2016,Journal of Hydrometeorology,dynamics-weather-systems;cloud-precipitation-microphysics;climate-variability-change;extremes;hydrometeorology,numerical_modeling,train
https://doi.org/10.1175/jhm-d-15-0171.1,The Plumbing of Land Surface Models: Is Poor Performance a Result of Methodology or Data Quality?,2016,Journal of Hydrometeorology,dynamics-weather-systems;climate-variability-change;land-atmosphere,numerical_modeling,train
https://doi.org/10.1175/jhm-d-15-0177.1,A Landsat-Era Sierra Nevada Snow Reanalysis (1985–2015),2016,Journal of Hydrometeorology,observations-instruments;climate-variability-change,observation;reanalysis,train
https://doi.org/10.1175/jhm-d-15-0181.1,Influence of Initial Snowpack Properties on Runoff Formation during Rain-on-Snow Events,2016,Journal of Hydrometeorology,observations-instruments;climate-variability-change;hydrometeorology,observation,blind_test
https://doi.org/10.1175/jhm-d-15-0190.1,A Review of Merged High-Resolution Satellite Precipitation Product Accuracy during the Tropical Rainfall Measuring Mission (TRMM) Era,2016,Journal of Hydrometeorology,cloud-precipitation-microphysics;remote-sensing-retrieval;observations-instruments;hydrometeorology;land-atmosphere,observation;remote_sensing;numerical_modeling;review_synthesis,development
https://doi.org/10.1175/jhm-d-15-0191.1,Evaluation of GLDAS-1 and GLDAS-2 Forcing Data and Noah Model Simulations over China at the Monthly Scale,2016,Journal of Hydrometeorology,observations-instruments,observation;numerical_modeling,blind_test
https://doi.org/10.1175/jhm-d-15-0196.1,Confronting Weather and Climate Models with Observational Data from Soil Moisture Networks over the United States,2016,Journal of Hydrometeorology,dynamics-weather-systems;remote-sensing-retrieval;observations-instruments;climate-variability-change;hydrometeorology;land-atmosphere,observation;remote_sensing;numerical_modeling,train
https://doi.org/10.1175/jhm-d-15-0197.1,Multiregional Satellite Precipitation Products Evaluation over Complex Terrain,2016,Journal of Hydrometeorology,cloud-precipitation-microphysics;remote-sensing-retrieval;observations-instruments;hydrometeorology;land-atmosphere,observation;remote_sensing;numerical_modeling,train
https://doi.org/10.1175/jhm-d-15-0202.1,Assessment of the Influences of Different Potential Evapotranspiration Inputs on the Performance of Monthly Hydrological Models under Different Climatic Conditions,2016,Journal of Hydrometeorology,dynamics-weather-systems;extremes;hydrometeorology,numerical_modeling;review_synthesis,train
https://doi.org/10.1175/jhm-d-15-0203.1,Influence of Below-Cloud Evaporation on Deuterium Excess in Precipitation of Arid Central Asia and Its Meteorological Controls,2016,Journal of Hydrometeorology,cloud-precipitation-microphysics;atmospheric-chemistry;observations-instruments;climate-variability-change,observation;numerical_modeling,development
https://doi.org/10.1175/jhm-d-15-0231.1,Hydrologic Changes in Indian Subcontinental River Basins (1901–2012),2016,Journal of Hydrometeorology,climate-variability-change;extremes;hydrometeorology,numerical_modeling,blind_test
https://doi.org/10.1175/jhm-d-15-0241.1,Numerical Weather Forecasts at Kilometer Scale in the French Alps: Evaluation and Application for Snowpack Modeling,2016,Journal of Hydrometeorology,forecasting-predictability;observations-instruments;numerical-weather-prediction,observation;numerical_modeling,train
https://doi.org/10.1175/jhm-d-16-0047.1,Characterizing Drought in India Using GRACE Observations of Terrestrial Water Storage Deficit,2016,Journal of Hydrometeorology,observations-instruments;extremes;hydrometeorology,observation,train
https://doi.org/10.1175/jhm-d-16-0056.1,Why Do Global Reanalyses and Land Data Assimilation Products Underestimate Snow Water Equivalent?,2016,Journal of Hydrometeorology,observations-instruments;numerical-weather-prediction;climate-variability-change,observation;numerical_modeling,train
https://doi.org/10.1175/jhm-d-16-0079.1,A Novel Approach to Identify Sources of Errors in IMERG for GPM Ground Validation,2016,Journal of Hydrometeorology,cloud-precipitation-microphysics;remote-sensing-retrieval;observations-instruments;hydrometeorology;land-atmosphere;quality-control-uncertainty,observation;remote_sensing;numerical_modeling,train
https://doi.org/10.1175/jhm-d-16-0082.1,Mapping Flash Flood Severity in the United States,2016,Journal of Hydrometeorology,extremes;hydrometeorology,review_synthesis,train
https://doi.org/10.1175/jhm-d-16-0085.1,A Comparison between the GPM Dual-Frequency Precipitation Radar and Ground-Based Radar Precipitation Rate Estimates in the Swiss Alps and Plateau,2017,Journal of Hydrometeorology,cloud-precipitation-microphysics;remote-sensing-retrieval;observations-instruments;hydrometeorology;land-atmosphere,observation;remote_sensing;numerical_modeling,train
https://doi.org/10.1175/jhm-d-16-0087.1,First-Year Evaluation of GPM Rainfall over the Netherlands: IMERG Day 1 Final Run (V03D),2016,Journal of Hydrometeorology,cloud-precipitation-microphysics;observations-instruments;climate-variability-change,observation;numerical_modeling,train
https://doi.org/10.1175/jhm-d-16-0111.1,Estimation of Needleleaf Canopy and Trunk Temperatures and Longwave Contribution to Melting Snow,2016,Journal of Hydrometeorology,dynamics-weather-systems;atmospheric-radiation,unspecified,train
https://doi.org/10.1175/jhm-d-16-0112.1,Comparison and Assessment of Three Advanced Land Surface Models in Simulating Terrestrial Water Storage Components over the United States,2016,Journal of Hydrometeorology,remote-sensing-retrieval;observations-instruments;climate-variability-change;hydrometeorology;land-atmosphere,observation;remote_sensing;numerical_modeling;review_synthesis,train
https://doi.org/10.1175/jhm-d-16-0124.1,An Improved Dual-Polarization Radar Rainfall Algorithm (DROPS2.0): Application in NASA IFloodS Field Campaign,2017,Journal of Hydrometeorology,cloud-precipitation-microphysics;remote-sensing-retrieval;observations-instruments;extremes;hydrometeorology;land-atmosphere,observation;remote_sensing;numerical_modeling,blind_test
https://doi.org/10.1175/jhm-d-16-0155.1,A Global Dynamic Long-Term Inundation Extent Dataset at High Spatial Resolution Derived through Downscaling of Satellite Observations,2017,Journal of Hydrometeorology,dynamics-weather-systems;remote-sensing-retrieval;observations-instruments;climate-variability-change;extremes;model-evaluation-downscaling,observation;remote_sensing;numerical_modeling;review_synthesis,train
https://doi.org/10.1175/jhm-d-16-0168.1,"Reprocessed, Bias-Corrected CMORPH Global High-Resolution Precipitation Estimates from 1998",2017,Journal of Hydrometeorology,cloud-precipitation-microphysics;observations-instruments;climate-variability-change,observation;numerical_modeling,train
https://doi.org/10.1175/jhm-d-16-0173.1,Impacts of Anthropogenic Heat on Summertime Rainfall in Beijing,2016,Journal of Hydrometeorology,cloud-precipitation-microphysics;climate-variability-change;land-atmosphere,unspecified,development
https://doi.org/10.1175/jhm-d-16-0174.1,Performance of IMERG as a Function of Spatiotemporal Scale,2016,Journal of Hydrometeorology,cloud-precipitation-microphysics;remote-sensing-retrieval;observations-instruments;hydrometeorology;land-atmosphere,observation;remote_sensing;numerical_modeling,blind_test
https://doi.org/10.1175/jhm-d-16-0182.1,A Global Gridded Dataset of GRACE Drought Severity Index for 2002–14: Comparison with PDSI and SPEI and a Case Study of the Australia Millennium Drought,2017,Journal of Hydrometeorology,dynamics-weather-systems;observations-instruments;extremes;hydrometeorology,observation,blind_test
https://doi.org/10.1175/jhm-d-16-0187.1,Evaluation of Integrated Multisatellite Retrievals for GPM (IMERG) over Southern Canada against Ground Precipitation Observations: A Preliminary Assessment,2017,Journal of Hydrometeorology,cloud-precipitation-microphysics;remote-sensing-retrieval;observations-instruments;hydrometeorology,observation;remote_sensing;numerical_modeling;review_synthesis,development
https://doi.org/10.1175/jhm-d-16-0188.1,Recent Evidence of Large-Scale Receding Snow Water Equivalents in the European Alps,2017,Journal of Hydrometeorology,observations-instruments;climate-variability-change;hydrometeorology,observation,train
https://doi.org/10.1175/jhm-d-16-0195.1,Total and Extreme Precipitation Changes over the Northeastern United States,2017,Journal of Hydrometeorology,cloud-precipitation-microphysics;observations-instruments;climate-variability-change;extremes,observation;numerical_modeling,train
https://doi.org/10.1175/jhm-d-16-0198.1,Intercomparisons of Rainfall Estimates from TRMM and GPM Multisatellite Products over the Upper Mekong River Basin,2016,Journal of Hydrometeorology,cloud-precipitation-microphysics;remote-sensing-retrieval;observations-instruments;hydrometeorology;quality-control-uncertainty,observation;remote_sensing;numerical_modeling,train
https://doi.org/10.1175/jhm-d-16-0246.1,Comparison of Methods to Estimate Snow Water Equivalent at the Mountain Range Scale: A Case Study of the California Sierra Nevada,2017,Journal of Hydrometeorology,observations-instruments;climate-variability-change;hydrometeorology,observation;numerical_modeling,development
https://doi.org/10.1175/jhm-d-16-0263.1,"Intermittency in Precipitation: Duration, Frequency, Intensity, and Amounts Using Hourly Data",2017,Journal of Hydrometeorology,cloud-precipitation-microphysics;observations-instruments;climate-variability-change,observation;numerical_modeling,development
https://doi.org/10.1175/jhm-d-16-0277.1,Comparative Ground Validation of IMERG and TMPA at Variable Spatiotemporal Scales in the Tropical Andes,2017,Journal of Hydrometeorology,cloud-precipitation-microphysics;remote-sensing-retrieval;observations-instruments;hydrometeorology;land-atmosphere;quality-control-uncertainty,observation;remote_sensing;numerical_modeling,train
https://doi.org/10.1175/jhm-d-16-0279.1,Direct and Diffuse Radiation in the Shallow Cumulus–Vegetation System: Enhanced and Decreased Evapotranspiration Regimes,2017,Journal of Hydrometeorology,dynamics-weather-systems;cloud-precipitation-microphysics;atmospheric-radiation;aerosols;hydrometeorology;land-atmosphere,numerical_modeling,train
https://doi.org/10.1175/jhm-d-16-0284.1,Benchmarking of a Physically Based Hydrologic Model,2017,Journal of Hydrometeorology,forecasting-predictability;extremes;hydrometeorology;quality-control-uncertainty,numerical_modeling;review_synthesis,train
https://doi.org/10.1175/jhm-d-17-0004.1,A Direct Estimate of the Seasonal Cycle of Evapotranspiration over the Amazon Basin,2017,Journal of Hydrometeorology,dynamics-weather-systems;atmospheric-radiation;observations-instruments;hydrometeorology,observation,train
https://doi.org/10.1175/jhm-d-17-0018.1,Evaluation of Gridded Meteorological Datasets for Hydrological Modeling,2017,Journal of Hydrometeorology,observations-instruments;extremes;hydrometeorology,observation;numerical_modeling;review_synthesis,blind_test
https://doi.org/10.1175/jhm-d-17-0032.1,Annual Runoff is Highly Linked to Precipitation Extremes in Karst Catchments of Southwest China,2017,Journal of Hydrometeorology,forecasting-predictability;cloud-precipitation-microphysics;extremes;hydrometeorology,unspecified,train
https://doi.org/10.1175/jhm-d-17-0036.1,Dropsonde Observations of Total Integrated Water Vapor Transport within North Pacific Atmospheric Rivers,2017,Journal of Hydrometeorology,cloud-precipitation-microphysics;aerosols;observations-instruments;climate-variability-change,observation;numerical_modeling,train
https://doi.org/10.1175/jhm-d-17-0049.1,Effectiveness of Different Urban Heat Island Mitigation Methods and Their Regional Impacts,2017,Journal of Hydrometeorology,air-quality-exposure;climate-variability-change;land-atmosphere,unspecified,train
https://doi.org/10.1175/jhm-d-17-0063.1,Assessment of the SMAP Level-4 Surface and Root-Zone Soil Moisture Product Using In Situ Measurements,2017,Journal of Hydrometeorology,cloud-precipitation-microphysics;remote-sensing-retrieval;observations-instruments;hydrometeorology;land-atmosphere,observation;remote_sensing;review_synthesis,train
https://doi.org/10.1175/jhm-d-17-0099.1,Evaluating CMIP5 Model Agreement for Multiple Drought Metrics,2018,Journal of Hydrometeorology,climate-variability-change;extremes;hydrometeorology;earth-system-models,numerical_modeling,train
https://doi.org/10.1175/jhm-d-17-0111.1,The Influence of Atmospheric Rivers over the South Atlantic on Winter Rainfall in South Africa,2017,Journal of Hydrometeorology,dynamics-weather-systems;cloud-precipitation-microphysics;climate-variability-change,numerical_modeling,train
https://doi.org/10.1175/jhm-d-17-0114.1,An Intercomparison between Reanalysis and Dropsonde Observations of the Total Water Vapor Transport in Individual Atmospheric Rivers,2017,Journal of Hydrometeorology,observations-instruments;climate-variability-change;ocean-atmosphere;quality-control-uncertainty,observation;numerical_modeling;reanalysis,train
https://doi.org/10.1175/jhm-d-17-0125.1,"NCA-LDAS Land Analysis: Development and Performance of a Multisensor, Multivariate Land Data Assimilation System for the National Climate Assessment",2018,Journal of Hydrometeorology,remote-sensing-retrieval;observations-instruments;numerical-weather-prediction;climate-variability-change;hydrometeorology;land-atmosphere,observation;remote_sensing;numerical_modeling;review_synthesis,train
https://doi.org/10.1175/jhm-d-17-0130.1,Global Assessment of the SMAP Level-4 Surface and Root-Zone Soil Moisture Product Using Assimilation Diagnostics,2017,Journal of Hydrometeorology,remote-sensing-retrieval;observations-instruments;hydrometeorology;land-atmosphere,observation;remote_sensing;review_synthesis,train
https://doi.org/10.1175/jhm-d-17-0135.1,Global Assessment of Atmospheric River Prediction Skill,2018,Journal of Hydrometeorology,forecasting-predictability;observations-instruments;climate-variability-change,observation;numerical_modeling;review_synthesis,train
https://doi.org/10.1175/jhm-d-17-0139.1,Validation of IMERG Precipitation in Africa,2017,Journal of Hydrometeorology,cloud-precipitation-microphysics;observations-instruments;climate-variability-change;quality-control-uncertainty,observation;numerical_modeling,blind_test
https://doi.org/10.1175/jhm-d-17-0152.1,"Verification of Land–Atmosphere Coupling in Forecast Models, Reanalyses, and Land Surface Models Using Flux Site Observations",2017,Journal of Hydrometeorology,dynamics-weather-systems;forecasting-predictability;observations-instruments;numerical-weather-prediction;climate-variability-change;land-atmosphere,observation;numerical_modeling,train
https://doi.org/10.1175/jhm-d-17-0158.1,Intensification of Convective Rain Cells at Warmer Temperatures Observed from High-Resolution Weather Radar Data,2018,Journal of Hydrometeorology,cloud-precipitation-microphysics;remote-sensing-retrieval;observations-instruments;climate-variability-change,observation;remote_sensing;numerical_modeling,train
https://doi.org/10.1175/jhm-d-17-0161.1,How Does the Evaluation of the GPM IMERG Rainfall Product Depend on Gauge Density and Rainfall Intensity?,2017,Journal of Hydrometeorology,cloud-precipitation-microphysics;remote-sensing-retrieval;observations-instruments;hydrometeorology;land-atmosphere,observation;remote_sensing;numerical_modeling,development
https://doi.org/10.1175/jhm-d-17-0180.1,Bias Correction of Historical and Future Simulations of Precipitation and Temperature for China from CMIP5 Models,2018,Journal of Hydrometeorology,cloud-precipitation-microphysics;climate-variability-change;extremes;hydrometeorology;earth-system-models;model-evaluation-downscaling,numerical_modeling,train
https://doi.org/10.1175/jhm-d-17-0200.1,Estimation of Landscape Soil Water Losses from Satellite Observations of Soil Moisture,2018,Journal of Hydrometeorology,remote-sensing-retrieval;observations-instruments;climate-variability-change;hydrometeorology;land-atmosphere,observation;remote_sensing,development
https://doi.org/10.1175/jhm-d-17-0205.1,Parameter Sensitivity of the Noah-MP Land Surface Model with Dynamic Vegetation,2018,Journal of Hydrometeorology,dynamics-weather-systems;remote-sensing-retrieval;climate-variability-change;land-atmosphere,remote_sensing;numerical_modeling,train
https://doi.org/10.1175/jhm-d-17-0209.1,Benchmarking and Process Diagnostics of Land Models,2018,Journal of Hydrometeorology,climate-variability-change;hydrometeorology;land-atmosphere;quality-control-uncertainty,numerical_modeling,train
https://doi.org/10.1175/jhm-d-17-0212.1,"The Impact of Spatial Resolution, Land Use, and Spinup Time on Resolving Spatial Precipitation Patterns in the Himalayas",2018,Journal of Hydrometeorology,cloud-precipitation-microphysics;observations-instruments;climate-variability-change,observation;numerical_modeling,blind_test
https://doi.org/10.1175/jhm-d-18-0006.1,Impacts of Atmospheric Rivers on Precipitation in Southern South America,2018,Journal of Hydrometeorology,dynamics-weather-systems;cloud-precipitation-microphysics;climate-variability-change,numerical_modeling,train
https://doi.org/10.1175/jhm-d-18-0013.1,Synoptic-Scale Control over Modern Rainfall and Flood Patterns in the Levant Drylands with Implications for Past Climates,2018,Journal of Hydrometeorology,dynamics-weather-systems;cloud-precipitation-microphysics;climate-variability-change;extremes,numerical_modeling;review_synthesis,train
https://doi.org/10.1175/jhm-d-18-0017.1,Soil Moisture Drought in Europe: A Compound Event of Precipitation and Potential Evapotranspiration on Multiple Time Scales,2018,Journal of Hydrometeorology,dynamics-weather-systems;cloud-precipitation-microphysics;climate-variability-change;extremes;hydrometeorology;land-atmosphere,numerical_modeling,train
https://doi.org/10.1175/jhm-d-18-0040.1,Development and Evaluation of a Pan-European Multimodel Seasonal Hydrological Forecasting System,2018,Journal of Hydrometeorology,forecasting-predictability;climate-variability-change;hydrometeorology,numerical_modeling,train
https://doi.org/10.1175/jhm-d-18-0057.1,Evaluation of the Surface Urban Energy and Water Balance Scheme (SUEWS) at a Dense Urban Site in Shanghai: Sensitivity to Anthropogenic Heat and Irrigation,2018,Journal of Hydrometeorology,climate-variability-change;land-atmosphere,unspecified,train
https://doi.org/10.1175/jhm-d-18-0082.1,Evaluation of Evapotranspiration over a Semiarid Region Using Multiresolution Data Sources,2019,Journal of Hydrometeorology,dynamics-weather-systems;hydrometeorology,unspecified,development
https://doi.org/10.1175/jhm-d-18-0094.1,Moisture Source Changes Contributed to Different Precipitation Changes over the Northern and Southern Tibetan Plateau,2019,Journal of Hydrometeorology,cloud-precipitation-microphysics;observations-instruments;climate-variability-change,observation;numerical_modeling,train
https://doi.org/10.1175/jhm-d-18-0129.1,Drought Characteristics and Propagation in the Semiarid Heihe River Basin in Northwestern China,2018,Journal of Hydrometeorology,climate-variability-change;extremes;hydrometeorology,numerical_modeling,train
https://doi.org/10.1175/jhm-d-18-0171.1,Assessing the Evolution of Soil Moisture and Vegetation Conditions during a Flash Drought–Flash Recovery Sequence over the South-Central United States,2019,Journal of Hydrometeorology,dynamics-weather-systems;climate-variability-change;extremes;hydrometeorology;land-atmosphere,numerical_modeling,train
https://doi.org/10.1175/jhm-d-18-0175.1,Linking Atmospheric Rivers and Warm Conveyor Belt Airflows,2019,Journal of Hydrometeorology,dynamics-weather-systems;climate-variability-change,numerical_modeling,train
https://doi.org/10.1175/jhm-d-18-0198.1,A Methodology for Flash Drought Identification: Application of Flash Drought Frequency across the United States,2019,Journal of Hydrometeorology,climate-variability-change;extremes;hydrometeorology,numerical_modeling,train
https://doi.org/10.1175/jhm-d-18-0217.1,Atmospheric River Families: Definition and Associated Synoptic Conditions,2019,Journal of Hydrometeorology,dynamics-weather-systems;climate-variability-change;extremes,numerical_modeling;review_synthesis,train
https://doi.org/10.1175/jhm-d-18-0237.1,Assimilation of Remotely Sensed Leaf Area Index into the Noah-MP Land Surface Model: Impacts on Water and Carbon Fluxes and States over the Continental United States,2019,Journal of Hydrometeorology,dynamics-weather-systems;climate-variability-change;hydrometeorology;land-atmosphere,numerical_modeling,train
https://doi.org/10.1175/jhm-d-18-0242.1,Flash Drought as Captured by Reanalysis Data: Disentangling the Contributions of Precipitation Deficit and Excess Evapotranspiration,2019,Journal of Hydrometeorology,dynamics-weather-systems;cloud-precipitation-microphysics;climate-variability-change;extremes;hydrometeorology,numerical_modeling;reanalysis,blind_test
https://doi.org/10.1175/jhm-d-18-0253.1,Differences in Response of Terrestrial Water Storage Components to Precipitation over 168 Global River Basins,2019,Journal of Hydrometeorology,dynamics-weather-systems;cloud-precipitation-microphysics;observations-instruments,observation,development
https://doi.org/10.1175/jhm-d-18-0256.1,Comparison of Rainfall Products over Sub-Saharan Africa,2019,Journal of Hydrometeorology,cloud-precipitation-microphysics;observations-instruments;climate-variability-change,observation;numerical_modeling,development
https://doi.org/10.1175/jhm-d-19-0073.1,Machine Learning–Based Blending of Satellite and Reanalysis Precipitation Datasets: A Multiregional Tropical Complex Terrain Evaluation,2019,Journal of Hydrometeorology,cloud-precipitation-microphysics;remote-sensing-retrieval;observations-instruments;hydrometeorology;land-atmosphere;statistics-causal-ml,observation;remote_sensing;numerical_modeling;reanalysis;statistical_ml,train
https://doi.org/10.1175/jhm-d-19-0088.1,Two Different Methods for Flash Drought Identification: Comparison of Their Strengths and Limitations,2020,Journal of Hydrometeorology,dynamics-weather-systems;climate-variability-change;extremes;hydrometeorology,numerical_modeling,train
https://doi.org/10.1175/jhm-d-19-0110.1,PERSIANN-CNN: Precipitation Estimation from Remotely Sensed Information Using Artificial Neural Networks–Convolutional Neural Networks,2019,Journal of Hydrometeorology,cloud-precipitation-microphysics;observations-instruments;extremes;statistics-causal-ml,observation;numerical_modeling;statistical_ml;review_synthesis,train
https://doi.org/10.1175/jhm-d-19-0123.1,Can the GPM IMERG Final Product Accurately Represent MCSs’ Precipitation Characteristics over the Central and Eastern United States?,2019,Journal of Hydrometeorology,cloud-precipitation-microphysics;observations-instruments;climate-variability-change,observation;numerical_modeling,train
https://doi.org/10.1175/jhm-d-19-0125.1,"A Multiscale, Hydrometeorological Forecast Evaluation of National Water Model Forecasts of the May 2018 Ellicott City, Maryland, Flood",2020,Journal of Hydrometeorology,forecasting-predictability;extremes;hydrometeorology,numerical_modeling;review_synthesis,development
https://doi.org/10.1175/jhm-d-19-0169.1,Near-Real-Time Forecast of Satellite-Based Soil Moisture Using Long Short-Term Memory with an Adaptive Data Integration Kernel,2020,Journal of Hydrometeorology,forecasting-predictability;cloud-precipitation-microphysics;remote-sensing-retrieval;observations-instruments;hydrometeorology;land-atmosphere,observation;remote_sensing;numerical_modeling,train
https://doi.org/10.1175/jhm-d-19-0193.1,Characterizing Surface Albedo of Shallow Fresh Snow and Its Importance for Snow Ablation on the Interior of the Tibetan Plateau,2020,Journal of Hydrometeorology,dynamics-weather-systems;atmospheric-radiation;observations-instruments;climate-variability-change,observation,train
https://doi.org/10.1175/jhm-d-19-0208.1,Spatial Distribution of Global Landscape Evaporation in the Early Twenty-First Century by Means of a Generalized Complementary Approach,2019,Journal of Hydrometeorology,dynamics-weather-systems;climate-variability-change,numerical_modeling,blind_test
https://doi.org/10.1175/jhm-d-19-0257.1,A Process-Based Validation of GPM IMERG and Its Sources Using a Mesoscale Rain Gauge Network in the West African Forest Zone,2020,Journal of Hydrometeorology,cloud-precipitation-microphysics;aerosols;observations-instruments;quality-control-uncertainty,observation;numerical_modeling,train
https://doi.org/10.1175/jhm-d-19-0277.1,Evaluation of a Convection-Permitting Modeling of Precipitation over the Tibetan Plateau and Its Influences on the Simulation of Snow-Cover Fraction,2020,Journal of Hydrometeorology,dynamics-weather-systems;cloud-precipitation-microphysics;observations-instruments;climate-variability-change,observation;numerical_modeling,train
https://doi.org/10.1175/jhm-d-19-0290.1,Elucidating Diverse Drought Characteristics from Two Meteorological Drought Indices (SPI and SPEI) in China,2020,Journal of Hydrometeorology,climate-variability-change;extremes;hydrometeorology,numerical_modeling,train
https://doi.org/10.1175/jhm-d-19-0298.1,"Toward Monitoring Short-Term Droughts Using a Novel Daily Scale, Standardized Antecedent Precipitation Evapotranspiration Index",2020,Journal of Hydrometeorology,cloud-precipitation-microphysics;climate-variability-change;extremes;hydrometeorology,numerical_modeling,blind_test
https://doi.org/10.1175/jhm-d-20-0082.1,Streamflow simulation in data-scarce basins using Bayesian and physics-informed machine learning models,2021,Journal of Hydrometeorology,forecasting-predictability;extremes;hydrometeorology;statistics-causal-ml,numerical_modeling;statistical_ml;review_synthesis,blind_test
https://doi.org/10.1175/jhm-d-20-0177.1,"PERSIANN Dynamic Infrared–Rain Rate (PDIR-Now): A Near-Real-Time, Quasi-Global Satellite Precipitation Dataset",2020,Journal of Hydrometeorology,cloud-precipitation-microphysics;remote-sensing-retrieval;observations-instruments;climate-variability-change,observation;remote_sensing;numerical_modeling,blind_test
https://doi.org/10.1175/jhm-d-21-0017.1,Future Changes in Wet and Dry Season Characteristics in CMIP5 and CMIP6 simulations,2021,Journal of Hydrometeorology,atmospheric-chemistry;aerosols;climate-variability-change;earth-system-models,numerical_modeling,development
https://doi.org/10.1175/jhm-d-21-0070.1,Revisiting the Global Seasonal Snow Classification: An Updated Dataset for Earth System Applications,2021,Journal of Hydrometeorology,dynamics-weather-systems;observations-instruments;climate-variability-change,observation,train
https://doi.org/10.1175/jhm-d-22-0194.1,Future Increases in North American Extreme Precipitation in CMIP6 Downscaled with LOCA,2023,Journal of Hydrometeorology,dynamics-weather-systems;cloud-precipitation-microphysics;climate-variability-change;extremes;earth-system-models;model-evaluation-downscaling,numerical_modeling,train
https://doi.org/10.1175/jtech-d-15-0019.1,The Use of Ship-Launched Fixed-Wing UAVs for Measuring the Marine Atmospheric Boundary Layer and Ocean Surface Processes,2016,Journal of Atmospheric and Oceanic Technology,dynamics-weather-systems;boundary-layer-turbulence;remote-sensing-retrieval;ocean-atmosphere,remote_sensing;numerical_modeling,train
https://doi.org/10.1175/jtech-d-15-0020.1,Quasi-Vertical Profiles—A New Way to Look at Polarimetric Radar Data,2016,Journal of Atmospheric and Oceanic Technology,cloud-precipitation-microphysics;remote-sensing-retrieval;observations-instruments,observation;remote_sensing;numerical_modeling,train
https://doi.org/10.1175/jtech-d-15-0032.1,A Bayesian Approach to Assess the Performance of Lightning Detection Systems,2016,Journal of Atmospheric and Oceanic Technology,cloud-precipitation-microphysics;aerosols,unspecified,train
https://doi.org/10.1175/jtech-d-15-0097.1,Improvements in Detection of Light Precipitation with the Global Precipitation Measurement Dual-Frequency Precipitation Radar (GPM DPR),2016,Journal of Atmospheric and Oceanic Technology,cloud-precipitation-microphysics;remote-sensing-retrieval;observations-instruments;hydrometeorology;land-atmosphere,observation;remote_sensing;numerical_modeling,train
https://doi.org/10.1175/jtech-d-15-0102.1,Independent Benthic Microbial Fuel Cells Powering Sensors and Acoustic Communications with the MARS Underwater Observatory,2016,Journal of Atmospheric and Oceanic Technology,observations-instruments;climate-variability-change,unspecified,train
https://doi.org/10.1175/jtech-d-15-0104.1,BASTA: A 95-GHz FMCW Doppler Radar for Cloud and Fog Studies,2016,Journal of Atmospheric and Oceanic Technology,cloud-precipitation-microphysics;aerosols;remote-sensing-retrieval;observations-instruments,observation;remote_sensing;numerical_modeling,blind_test
https://doi.org/10.1175/jtech-d-15-0135.1,Rainfall-Type Categorization of Radar Echoes Using Polar Coordinate Reflectivity Data,2016,Journal of Atmospheric and Oceanic Technology,cloud-precipitation-microphysics;remote-sensing-retrieval;observations-instruments;climate-variability-change,observation;remote_sensing;numerical_modeling,train
https://doi.org/10.1175/jtech-d-15-0147.1,Advances in Geostationary-Derived Longwave Fluxes for the CERES Synoptic (SYN1deg) Product,2016,Journal of Atmospheric and Oceanic Technology,dynamics-weather-systems;cloud-precipitation-microphysics;atmospheric-radiation;atmospheric-chemistry;aerosols,observation,train
https://doi.org/10.1175/jtech-d-15-0151.1,Ice Crystal Sizes in High Ice Water Content Clouds. Part I: On the Computation of Median Mass Diameter from In Situ Measurements,2016,Journal of Atmospheric and Oceanic Technology,cloud-precipitation-microphysics;aerosols;observations-instruments,observation,blind_test
https://doi.org/10.1175/jtech-d-15-0154.1,Assessment of Despiking Methods for Turbulence Data in Micrometeorology,2016,Journal of Atmospheric and Oceanic Technology,dynamics-weather-systems;boundary-layer-turbulence,numerical_modeling;review_synthesis,train
https://doi.org/10.1175/jtech-d-15-0177.1,On the Impacts of Different Definitions of Maximum Dimension for Nonspherical Particles Recorded by 2D Imaging Probes,2016,Journal of Atmospheric and Oceanic Technology,cloud-precipitation-microphysics;atmospheric-chemistry;aerosols,numerical_modeling,train
https://doi.org/10.1175/jtech-d-15-0190.1,Overview of MPLNET Version 3 Cloud Detection,2016,Journal of Atmospheric and Oceanic Technology,dynamics-weather-systems;cloud-precipitation-microphysics;atmospheric-chemistry;aerosols,unspecified,train
https://doi.org/10.1175/jtech-d-15-0193.1,A Novel Near-Real-Time Quality-Control Procedure for Radiometric Profiles Measured by Bio-Argo Floats: Protocols and Performances,2016,Journal of Atmospheric and Oceanic Technology,ocean-atmosphere,unspecified,blind_test
https://doi.org/10.1175/jtech-d-15-0212.1,On-Orbit Absolute Calibration of the Global Precipitation Measurement Microwave Imager,2016,Journal of Atmospheric and Oceanic Technology,dynamics-weather-systems;cloud-precipitation-microphysics;observations-instruments;climate-variability-change,observation;numerical_modeling,development
https://doi.org/10.1175/jtech-d-15-0213.1,Prediction of Sea Surface Temperature by Combining Numerical and Neural Techniques,2016,Journal of Atmospheric and Oceanic Technology,forecasting-predictability;hydrometeorology;ocean-atmosphere,numerical_modeling,train
https://doi.org/10.1175/jtech-d-15-0214.1,“Deep-Arvor”: A New Profiling Float to Extend the Argo Observations Down to 4000-m Depth,2016,Journal of Atmospheric and Oceanic Technology,dynamics-weather-systems;observations-instruments,observation,train
https://doi.org/10.1175/jtech-d-15-0218.1,Estimating Turbulent Dissipation from Microstructure Shear Measurements Using Maximum Likelihood Spectral Fitting over the Inertial and Viscous Subranges,2016,Journal of Atmospheric and Oceanic Technology,dynamics-weather-systems;observations-instruments,observation;numerical_modeling,train
https://doi.org/10.1175/jtech-d-15-0219.1,Calibration and Validation of HY-2 Altimeter Wave Height,2016,Journal of Atmospheric and Oceanic Technology,dynamics-weather-systems;remote-sensing-retrieval;ocean-atmosphere;quality-control-uncertainty,remote_sensing,train
https://doi.org/10.1175/jtech-d-15-0246.1,Ice Crystal Sizes in High Ice Water Content Clouds. Part II: Statistics of Mass Diameter Percentiles in Tropical Convection Observed during the HAIC/HIWC Project,2016,Journal of Atmospheric and Oceanic Technology,dynamics-weather-systems;cloud-precipitation-microphysics;aerosols,numerical_modeling,train
https://doi.org/10.1175/jtech-d-16-0016.1,Rain Type Classification Algorithm Module for GPM Dual-Frequency Precipitation Radar,2016,Journal of Atmospheric and Oceanic Technology,cloud-precipitation-microphysics;remote-sensing-retrieval;observations-instruments;hydrometeorology;land-atmosphere,observation;remote_sensing;numerical_modeling,train
https://doi.org/10.1175/jtech-d-16-0019.1,The GPM Combined Algorithm,2016,Journal of Atmospheric and Oceanic Technology,cloud-precipitation-microphysics;observations-instruments,observation;numerical_modeling,development
https://doi.org/10.1175/jtech-d-16-0033.1,A Parallel SLA-Based Algorithm for Global Mesoscale Eddy Identification,2016,Journal of Atmospheric and Oceanic Technology,dynamics-weather-systems;remote-sensing-retrieval,remote_sensing,blind_test
https://doi.org/10.1175/jtech-d-16-0076.1,Monitoring the Absolute Calibration of a Polarimetric Weather Radar,2017,Journal of Atmospheric and Oceanic Technology,cloud-precipitation-microphysics;aerosols;remote-sensing-retrieval;observations-instruments,observation;remote_sensing;numerical_modeling,train
https://doi.org/10.1175/jtech-d-16-0100.1,Intercalibration of the GPM Microwave Radiometer Constellation,2016,Journal of Atmospheric and Oceanic Technology,dynamics-weather-systems;cloud-precipitation-microphysics;remote-sensing-retrieval;observations-instruments;hydrometeorology;land-atmosphere,observation;remote_sensing;numerical_modeling,development
https://doi.org/10.1175/jtech-d-16-0101.1,A 10-Year Comparison of Water Levels Measured with a Geodetic GPS Receiver versus a Conventional Tide Gauge,2016,Journal of Atmospheric and Oceanic Technology,dynamics-weather-systems;observations-instruments,observation,train
https://doi.org/10.1175/jtech-d-16-0105.1,Characterization of Bias of Advanced Himawari Imager Infrared Observations from NWP Background Simulations Using CRTM and RTTOV,2016,Journal of Atmospheric and Oceanic Technology,cloud-precipitation-microphysics;aerosols;observations-instruments;climate-variability-change,observation;numerical_modeling,train
https://doi.org/10.1175/jtech-d-16-0110.1,Cloud-Base Height Estimation from VIIRS. Part II: A Statistical Algorithm Based on A-Train Satellite Data,2016,Journal of Atmospheric and Oceanic Technology,cloud-precipitation-microphysics;atmospheric-radiation;atmospheric-chemistry;aerosols;remote-sensing-retrieval;statistics-causal-ml,remote_sensing;statistical_ml,train
https://doi.org/10.1175/jtech-d-16-0112.1,An Airborne 2-μm Double-Pulsed Direct-Detection Lidar Instrument for Atmospheric CO2 Column Measurements,2016,Journal of Atmospheric and Oceanic Technology,dynamics-weather-systems;atmospheric-chemistry;aerosols;remote-sensing-retrieval;observations-instruments,observation;remote_sensing,train
https://doi.org/10.1175/jtech-d-16-0113.1,Improvements to the Geostationary Visible Imager Ray-Matching Calibration Algorithm for CERES Edition 4,2016,Journal of Atmospheric and Oceanic Technology,cloud-precipitation-microphysics;atmospheric-radiation;aerosols;observations-instruments,observation,train
https://doi.org/10.1175/jtech-d-16-0119.1,Validation of a Water Vapor Micropulse Differential Absorption Lidar (DIAL),2016,Journal of Atmospheric and Oceanic Technology,dynamics-weather-systems;cloud-precipitation-microphysics;aerosols;remote-sensing-retrieval;quality-control-uncertainty,remote_sensing;numerical_modeling,development
https://doi.org/10.1175/jtech-d-16-0131.1,Spectral and Structure Function Estimates of Turbulence Dissipation Rates in a High-Flow Tidal Channel Using Broadband ADCPs,2016,Journal of Atmospheric and Oceanic Technology,dynamics-weather-systems;boundary-layer-turbulence;extremes;hydrometeorology,review_synthesis,train
https://doi.org/10.1175/jtech-d-16-0145.1,"Calibration and Cross Validation of a Global Wind and Wave Database of Altimeter, Radiometer, and Scatterometer Measurements",2017,Journal of Atmospheric and Oceanic Technology,dynamics-weather-systems;remote-sensing-retrieval;observations-instruments;quality-control-uncertainty,observation;remote_sensing,blind_test
https://doi.org/10.1175/jtech-d-16-0148.1,Turbulence Measurements from Five-Beam Acoustic Doppler Current Profilers,2017,Journal of Atmospheric and Oceanic Technology,dynamics-weather-systems;boundary-layer-turbulence;observations-instruments;hydrometeorology,observation,train
https://doi.org/10.1175/jtech-d-16-0150.1,"Crowdsourcing Urban Air Temperatures through Smartphone Battery Temperatures in São Paulo, Brazil",2017,Journal of Atmospheric and Oceanic Technology,land-atmosphere,unspecified,train
https://doi.org/10.1175/jtech-d-16-0156.1,Absolute Velocity Estimates from Autonomous Underwater Gliders Equipped with Doppler Current Profilers,2016,Journal of Atmospheric and Oceanic Technology,unclassified,unspecified,train
https://doi.org/10.1175/jtech-d-16-0171.1,On the Definition of Marginal Ice Zone Width,2017,Journal of Atmospheric and Oceanic Technology,dynamics-weather-systems;observations-instruments;climate-variability-change,observation,train
https://doi.org/10.1175/jtech-d-16-0177.1,Wind Estimation in the Lower Atmosphere Using Multirotor Aircraft,2017,Journal of Atmospheric and Oceanic Technology,unclassified,numerical_modeling,train
https://doi.org/10.1175/jtech-d-16-0188.1,Surface Emissivity at Microwaves to Millimeter Waves over Polar Regions: Parameterization and Evaluation with Aircraft Experiments,2017,Journal of Atmospheric and Oceanic Technology,dynamics-weather-systems;observations-instruments;climate-variability-change;model-evaluation-downscaling,observation;numerical_modeling,train
https://doi.org/10.1175/jtech-d-16-0203.1,Implementing Quality Control of High-Frequency Radar Estimates and Application to Gulf Stream Surface Currents,2017,Journal of Atmospheric and Oceanic Technology,dynamics-weather-systems;remote-sensing-retrieval;quality-control-uncertainty,remote_sensing,development
https://doi.org/10.1175/jtech-d-16-0211.1,Observations of Infrared Sea Surface Temperature and Air–Sea Interaction in Hurricane Edouard (2014) Using GPS Dropsondes,2017,Journal of Atmospheric and Oceanic Technology,dynamics-weather-systems;remote-sensing-retrieval;observations-instruments;ocean-atmosphere,observation;remote_sensing;numerical_modeling,train
https://doi.org/10.1175/jtech-d-16-0235.1,A Method to Extrapolate the Diffuse Upwelling Radiance Attenuation Coefficient to the Surface as Applied to the Marine Optical Buoy (MOBY),2017,Journal of Atmospheric and Oceanic Technology,ocean-atmosphere,unspecified,blind_test
https://doi.org/10.1175/jtech-d-16-0238.1,Inversion of Tidal Open Boundary Conditions of the M2 Constituent in the Bohai and Yellow Seas,2017,Journal of Atmospheric and Oceanic Technology,observations-instruments,observation,train
https://doi.org/10.1175/jtech-d-16-0239.1,Determination of Harmonic Parameters with Temporal Variations: An Enhanced Harmonic Analysis Algorithm and Application to Internal Tidal Currents in the South China Sea,2018,Journal of Atmospheric and Oceanic Technology,unclassified,unspecified,train
https://doi.org/10.1175/jtech-d-16-0243.1,GLD360 Performance Relative to TRMM LIS,2017,Journal of Atmospheric and Oceanic Technology,unclassified,numerical_modeling,train
https://doi.org/10.1175/jtech-d-16-0247.1,"Calculating the Meridional Volume, Heat, and Freshwater Transports from an Observing System in the Subpolar North Atlantic: Observing System Simulation Experiment",2017,Journal of Atmospheric and Oceanic Technology,climate-variability-change,numerical_modeling,train
https://doi.org/10.1175/jtech-d-16-0256.1,Comparative Evaluation of the OTT PARSIVEL2 Using a Collocated Two-Dimensional Video Disdrometer,2017,Journal of Atmospheric and Oceanic Technology,cloud-precipitation-microphysics;remote-sensing-retrieval;observations-instruments;hydrometeorology;land-atmosphere,observation;remote_sensing;numerical_modeling,train
https://doi.org/10.1175/jtech-d-17-0010.1,Angular Momentum Eddy Detection and Tracking Algorithm (AMEDA) and Its Application to Coastal Eddy Formation,2017,Journal of Atmospheric and Oceanic Technology,dynamics-weather-systems;remote-sensing-retrieval;climate-variability-change,remote_sensing;numerical_modeling,train
https://doi.org/10.1175/jtech-d-17-0017.1,Sea Surface Scanner (S3): A Catamaran for High-Resolution Measurements of Biogeochemical Properties of the Sea Surface Microlayer,2017,Journal of Atmospheric and Oceanic Technology,atmospheric-chemistry;observations-instruments;ocean-atmosphere,observation,train
https://doi.org/10.1175/jtech-d-17-0019.1,A W-Band Radar–Radiometer System for Accurate and Continuous Monitoring of Clouds and Precipitation,2017,Journal of Atmospheric and Oceanic Technology,cloud-precipitation-microphysics;aerosols;remote-sensing-retrieval;observations-instruments,observation;remote_sensing;numerical_modeling,train
https://doi.org/10.1175/jtech-d-17-0021.1,Airborne Wind Lidar Measurements of Vertical and Horizontal Winds for the Investigation of Orographically Induced Gravity Waves,2017,Journal of Atmospheric and Oceanic Technology,dynamics-weather-systems;remote-sensing-retrieval;observations-instruments,observation;remote_sensing;numerical_modeling,development
https://doi.org/10.1175/jtech-d-17-0055.1,A Biodegradable Surface Drifter for Ocean Sampling on a Massive Scale,2017,Journal of Atmospheric and Oceanic Technology,ocean-atmosphere,unspecified,development
https://doi.org/10.1175/jtech-d-17-0057.1,Efficient Methods to Account for Cloud-Top Inclination and Cloud Overlap in Synthetic Visible Satellite Images,2018,Journal of Atmospheric and Oceanic Technology,cloud-precipitation-microphysics;atmospheric-radiation;aerosols;remote-sensing-retrieval,remote_sensing;numerical_modeling,train
https://doi.org/10.1175/jtech-d-17-0076.1,An Observing System Simulation Experiment for the Calibration and Validation of the Surface Water Ocean Topography Sea Surface Height Measurement Using In Situ Platforms,2017,Journal of Atmospheric and Oceanic Technology,dynamics-weather-systems;remote-sensing-retrieval;observations-instruments;ocean-atmosphere;quality-control-uncertainty,observation;remote_sensing;numerical_modeling,train
https://doi.org/10.1175/jtech-d-17-0079.1,Evaluation of Satellite and Reanalysis Wind Products with In Situ Wave Glider Wind Observations in the Southern Ocean,2017,Journal of Atmospheric and Oceanic Technology,dynamics-weather-systems;remote-sensing-retrieval;observations-instruments,observation;remote_sensing;reanalysis,blind_test
https://doi.org/10.1175/jtech-d-17-0091.1,Measurements of Directional Wave Spectra and Wind Stress from a Wave Glider Autonomous Surface Vehicle,2017,Journal of Atmospheric and Oceanic Technology,dynamics-weather-systems;remote-sensing-retrieval;observations-instruments,observation;remote_sensing,train
https://doi.org/10.1175/jtech-d-17-0109.1,Forecasting the Tropical Cyclone Genesis over the Northwest Pacific through Identifying the Causal Factors in Cyclone–Climate Interactions,2017,Journal of Atmospheric and Oceanic Technology,dynamics-weather-systems;forecasting-predictability;climate-variability-change;statistics-causal-ml,numerical_modeling;statistical_ml,train
https://doi.org/10.1175/jtech-d-17-0110.1,An Enhanced Optical Flow Technique for Radar Nowcasting of Precipitation and Winds,2017,Journal of Atmospheric and Oceanic Technology,forecasting-predictability;cloud-precipitation-microphysics;remote-sensing-retrieval;observations-instruments;extremes,observation;remote_sensing;numerical_modeling;review_synthesis,train
https://doi.org/10.1175/jtech-d-17-0128.1,Calibrating Ground-Based Radars against TRMM and GPM,2017,Journal of Atmospheric and Oceanic Technology,cloud-precipitation-microphysics;remote-sensing-retrieval;observations-instruments;hydrometeorology;land-atmosphere,observation;remote_sensing;numerical_modeling,train
https://doi.org/10.1175/jtech-d-17-0130.1,Weather-Induced Transport through a Tidal Channel Calibrated by an Unmanned Boat,2017,Journal of Atmospheric and Oceanic Technology,unclassified,unspecified,train
https://doi.org/10.1175/jtech-d-17-0141.1,A Correction for the Thermal Mass–Induced Errors of CTD Tags Mounted on Marine Mammals,2018,Journal of Atmospheric and Oceanic Technology,atmospheric-chemistry;ocean-atmosphere;quality-control-uncertainty,unspecified,blind_test
https://doi.org/10.1175/jtech-d-17-0154.1,Near-Surface Current Mapping by Shipboard Marine X-Band Radar: A Validation,2018,Journal of Atmospheric and Oceanic Technology,dynamics-weather-systems;remote-sensing-retrieval;ocean-atmosphere;quality-control-uncertainty,remote_sensing,train
https://doi.org/10.1175/jtech-d-17-0159.1,Doppler Lidar Observations of the Mixing Height in Indianapolis Using an Automated Composite Fuzzy Logic Approach,2017,Journal of Atmospheric and Oceanic Technology,dynamics-weather-systems;cloud-precipitation-microphysics;aerosols;remote-sensing-retrieval;observations-instruments,observation;remote_sensing;numerical_modeling,train
https://doi.org/10.1175/jtech-d-17-0185.1,Application of the EMD Method to River Tides,2018,Journal of Atmospheric and Oceanic Technology,forecasting-predictability;hydrometeorology,unspecified,train
https://doi.org/10.1175/jtech-d-17-0186.1,Estimation of Wind Vector Profile Using a Hexarotor Unmanned Aerial Vehicle and Its Application to Meteorological Observation up to 1000 m above Surface,2018,Journal of Atmospheric and Oceanic Technology,observations-instruments,observation,development
https://doi.org/10.1175/jtech-d-17-0199.1,A UAV–RTK Lidar System for Wave and Tide Measurements in Coastal Zones,2018,Journal of Atmospheric and Oceanic Technology,dynamics-weather-systems;remote-sensing-retrieval;observations-instruments,observation;remote_sensing,train
https://doi.org/10.1175/jtech-d-17-0219.1,Improved Estimation of the Specific Attenuation and Backscatter Differential Phase over Short Rain Paths,2018,Journal of Atmospheric and Oceanic Technology,cloud-precipitation-microphysics;remote-sensing-retrieval;observations-instruments;hydrometeorology;land-atmosphere,observation;remote_sensing;numerical_modeling,train
https://doi.org/10.1175/jtech-d-17-0223.1,Enhancing the Data Coverage in the Integrated Global Radiosonde Archive,2018,Journal of Atmospheric and Oceanic Technology,observations-instruments;climate-variability-change,observation;numerical_modeling,blind_test
https://doi.org/10.1175/jtech-d-17-0226.1,Salinity Profile Estimation in the Pacific Ocean from Satellite Surface Salinity Observations,2018,Journal of Atmospheric and Oceanic Technology,remote-sensing-retrieval;observations-instruments;hydrometeorology;land-atmosphere,observation;remote_sensing,train
https://doi.org/10.1175/jtech-d-18-0007.1,An Integrated Approach to Weather Radar Calibration and Monitoring Using Ground Clutter and Satellite Comparisons,2018,Journal of Atmospheric and Oceanic Technology,cloud-precipitation-microphysics;remote-sensing-retrieval;observations-instruments;hydrometeorology;land-atmosphere,observation;remote_sensing;numerical_modeling,development
https://doi.org/10.1175/jtech-d-18-0101.1,On the Use of Unmanned Aircraft for Sampling Mesoscale Phenomena in the Preconvective Boundary Layer,2018,Journal of Atmospheric and Oceanic Technology,boundary-layer-turbulence;cloud-precipitation-microphysics;aerosols,numerical_modeling,train
https://doi.org/10.1175/jtech-d-18-0105.1,Representation of Vertical Atmospheric Structures by Radio Occultation Observations in the Upper Troposphere and Lower Stratosphere: Comparison to High-Resolution Radiosonde Profiles,2019,Journal of Atmospheric and Oceanic Technology,dynamics-weather-systems;atmospheric-chemistry;observations-instruments,observation,train
https://doi.org/10.1175/jtech-d-18-0119.1,On the Spatial Scales to be Resolved by the Surface Water and Ocean Topography Ka-Band Radar Interferometer,2019,Journal of Atmospheric and Oceanic Technology,dynamics-weather-systems;remote-sensing-retrieval,remote_sensing,train
https://doi.org/10.1175/jtech-d-18-0141.1,Significant Wave Height Prediction with the CRBM-DBN Model,2019,Journal of Atmospheric and Oceanic Technology,dynamics-weather-systems;forecasting-predictability;hydrometeorology,numerical_modeling,development
https://doi.org/10.1175/jtech-d-18-0151.1,"Performance Characteristics of “Spotter,” a Newly Developed Real-Time Wave Measurement Buoy",2019,Journal of Atmospheric and Oceanic Technology,dynamics-weather-systems;remote-sensing-retrieval;observations-instruments,observation;remote_sensing,train
https://doi.org/10.1175/jtech-d-18-0197.1,Rainfall Estimation Accuracy of a Nationwide Instantaneously Sampling Commercial Microwave Link Network: Error Dependency on Known Characteristics,2019,Journal of Atmospheric and Oceanic Technology,dynamics-weather-systems;cloud-precipitation-microphysics;observations-instruments;quality-control-uncertainty,observation;numerical_modeling,train
https://doi.org/10.1175/jtech-d-19-0025.1,A Method of Visibility Detection Based on the Transfer Learning,2019,Journal of Atmospheric and Oceanic Technology,unclassified,review_synthesis,blind_test
https://doi.org/10.1175/jtech-d-19-0077.1,Atmospheric Radiation Measurement (ARM) Aerosol Observing Systems (AOS) for Surface-Based In Situ Atmospheric Aerosol and Trace Gas Measurements,2019,Journal of Atmospheric and Oceanic Technology,cloud-precipitation-microphysics;atmospheric-radiation;atmospheric-chemistry;aerosols;observations-instruments,observation,train
https://doi.org/10.1175/jtech-d-19-0114.1,IMERG V06: Changes to the Morphing Algorithm,2019,Journal of Atmospheric and Oceanic Technology,cloud-precipitation-microphysics;remote-sensing-retrieval;observations-instruments;hydrometeorology;land-atmosphere,observation;remote_sensing;numerical_modeling,blind_test
https://doi.org/10.1175/jtech-d-19-0146.1,A Deep Learning Network for Cloud-to-Ground Lightning Nowcasting with Multisource Data,2020,Journal of Atmospheric and Oceanic Technology,forecasting-predictability;cloud-precipitation-microphysics;aerosols;observations-instruments;statistics-causal-ml,numerical_modeling,train
https://doi.org/10.1175/jtech-d-19-0168.1,A Novel Dual Path Gated Recurrent Unit Model for Sea Surface Salinity Prediction,2019,Journal of Atmospheric and Oceanic Technology,forecasting-predictability;hydrometeorology;ocean-atmosphere,numerical_modeling,development
https://doi.org/10.1175/jtech-d-19-0175.1,Multihour Stratospheric Flights with the Heliotrope Solar Hot-Air Balloon,2020,Journal of Atmospheric and Oceanic Technology,dynamics-weather-systems,unspecified,development
https://doi.org/10.1175/jtech-d-19-0177.1,Improved Estimation of Proxy Sea Surface Temperature in the Arctic,2020,Journal of Atmospheric and Oceanic Technology,dynamics-weather-systems;climate-variability-change;ocean-atmosphere;paleoclimate,unspecified,train
https://doi.org/10.1175/jtech-d-19-0211.1,Two Interpolation Methods Using Multiply-Rotated Piecewise Cubic Hermite Interpolating Polynomials,2020,Journal of Atmospheric and Oceanic Technology,observations-instruments,observation;numerical_modeling,blind_test
https://doi.org/10.1175/jtech-d-19-0214.1,Technical Overview of the Kansas Mesonet,2020,Journal of Atmospheric and Oceanic Technology,dynamics-weather-systems;remote-sensing-retrieval;hydrometeorology;land-atmosphere,remote_sensing,train
https://doi.org/10.1175/jtech-d-19-0215.1,Recent History of Upgrades to the U.S. National Lightning Detection Network,2020,Journal of Atmospheric and Oceanic Technology,observations-instruments,unspecified,development
https://doi.org/10.1175/jtech-d-19-0217.1,The Three-Cornered Hat Method for Estimating Error Variances of Three or More Atmospheric Datasets. Part I: Overview and Evaluation,2020,Journal of Atmospheric and Oceanic Technology,dynamics-weather-systems;climate-variability-change;quality-control-uncertainty,numerical_modeling,train
https://doi.org/10.1175/jtech-d-19-0220.1,A Technical Overview of the New York State Mesonet Standard Network,2020,Journal of Atmospheric and Oceanic Technology,remote-sensing-retrieval;observations-instruments;hydrometeorology;land-atmosphere,remote_sensing;numerical_modeling,train
https://doi.org/10.1175/jtech-d-20-0009.1,Weather Hazard Risk Quantification for sUAS Safety Risk Management,2020,Journal of Atmospheric and Oceanic Technology,unclassified,unspecified,development
https://doi.org/10.1175/jtech-d-20-0010.1,Evaluation of a New Carbon Dioxide System for Autonomous Surface Vehicles,2020,Journal of Atmospheric and Oceanic Technology,ocean-atmosphere,unspecified,blind_test
https://doi.org/10.1175/jtech-d-20-0066.1,Distributed Temperature Sensing for Oceanographic Applications,2020,Journal of Atmospheric and Oceanic Technology,unclassified,unspecified,blind_test
https://doi.org/10.1175/jtech-d-20-0070.1,Bootstrap Methods for Statistical Inference. Part II: Extreme-Value Analysis,2020,Journal of Atmospheric and Oceanic Technology,climate-variability-change;extremes;hydrometeorology;statistics-causal-ml,numerical_modeling;statistical_ml,train
https://doi.org/10.1175/jtech-d-20-0074.1,Radar Super Resolution Using a Deep Convolutional Neural Network,2020,Journal of Atmospheric and Oceanic Technology,cloud-precipitation-microphysics;remote-sensing-retrieval;observations-instruments;statistics-causal-ml,observation;remote_sensing;numerical_modeling;statistical_ml,blind_test
https://doi.org/10.1175/jtech-d-20-0085.1,Advances in the Ocean Color Component of the Aerosol Robotic Network (AERONET-OC),2020,Journal of Atmospheric and Oceanic Technology,cloud-precipitation-microphysics;atmospheric-chemistry;aerosols;observations-instruments;ocean-atmosphere,unspecified,train
https://doi.org/10.1175/jtech-d-20-0095.1,Accurate pH and O2 Measurements from Spray Underwater Gliders,2020,Journal of Atmospheric and Oceanic Technology,observations-instruments;ocean-atmosphere,observation,development
https://doi.org/10.1175/jtech-d-20-0164.1,Progressive Pulse Compression: A Novel Technique for Blind Range Recovery for Solid-State Radars,2021,Journal of Atmospheric and Oceanic Technology,dynamics-weather-systems;remote-sensing-retrieval;observations-instruments,observation;remote_sensing,train
https://doi.org/10.1175/jtech-d-20-0168.1,"Comparative wave measurements at a wave energy site with a recently developed low-cost wave buoy (Spotter), ADCP and pressure loggers",2021,Journal of Atmospheric and Oceanic Technology,dynamics-weather-systems;remote-sensing-retrieval;observations-instruments;ocean-atmosphere,observation;remote_sensing,train
https://doi.org/10.1175/jtech-d-20-0180.1,A machine learning approach for classifying bird and insect radar echoes with S-band Polarimetric Weather Radar,2021,Journal of Atmospheric and Oceanic Technology,remote-sensing-retrieval;hydrometeorology;land-atmosphere;statistics-causal-ml,remote_sensing;statistical_ml,train
https://doi.org/10.1175/jtech-d-21-0007.1,Using deep learning to emulate and accelerate a radiative-transfer model,2021,Journal of Atmospheric and Oceanic Technology,cloud-precipitation-microphysics;atmospheric-radiation;aerosols;climate-variability-change;statistics-causal-ml,numerical_modeling,train
https://doi.org/10.1175/jtech-d-21-0029.1,Clouds and the Earth’s Radiant Energy System (CERES) FluxByCldTyp Edition 4 Data Product,2022,Journal of Atmospheric and Oceanic Technology,dynamics-weather-systems;cloud-precipitation-microphysics;atmospheric-chemistry;aerosols,unspecified,development
https://doi.org/10.1175/jtech-d-22-0024.1,Daily High-Resolution Temperature and Precipitation Fields for the Contiguous United States from 1951 to Present,2022,Journal of Atmospheric and Oceanic Technology,cloud-precipitation-microphysics;climate-variability-change;hydrometeorology,numerical_modeling,train
https://doi.org/10.1175/mwr-d-15-0058.1,Convective Initiation near the Andes in Subtropical South America,2016,Monthly Weather Review,dynamics-weather-systems;climate-variability-change,numerical_modeling,blind_test
https://doi.org/10.1175/mwr-d-15-0138.1,On the Structure and Dynamics of Indian Monsoon Depressions,2016,Monthly Weather Review,dynamics-weather-systems;climate-variability-change,numerical_modeling,development
https://doi.org/10.1175/mwr-d-15-0208.1,Evaluation of PBL Parameterizations in WRF at Subkilometer Grid Spacings: Turbulence Statistics in the Dry Convective Boundary Layer,2016,Monthly Weather Review,boundary-layer-turbulence;numerical-weather-prediction;climate-variability-change;model-evaluation-downscaling,numerical_modeling,train
https://doi.org/10.1175/mwr-d-15-0260.1,Calibrated Ensemble Forecasts Using Quantile Regression Forests and Ensemble Model Output Statistics,2016,Monthly Weather Review,forecasting-predictability;climate-variability-change;extremes;hydrometeorology,numerical_modeling;statistical_ml,train
https://doi.org/10.1175/mwr-d-15-0279.1,Understanding the Role of Atmospheric Rivers in Heavy Precipitation in the Southeast United States,2016,Monthly Weather Review,dynamics-weather-systems;cloud-precipitation-microphysics;climate-variability-change;extremes,numerical_modeling,train
https://doi.org/10.1175/mwr-d-15-0283.1,Improving Weather Predictability by Including Land Surface Model Parameter Uncertainty,2016,Monthly Weather Review,forecasting-predictability;climate-variability-change;hydrometeorology;land-atmosphere;quality-control-uncertainty,numerical_modeling,development
https://doi.org/10.1175/mwr-d-15-0299.1,Roles of an Atmospheric River and a Cutoff Low in the Extreme Precipitation Event in Hiroshima on 19 August 2014,2016,Monthly Weather Review,dynamics-weather-systems;cloud-precipitation-microphysics;climate-variability-change;extremes,numerical_modeling,train
https://doi.org/10.1175/mwr-d-15-0301.1,Arbitrary-Order Conservative and Consistent Remapping and a Theory of Linear Maps: Part II,2016,Monthly Weather Review,dynamics-weather-systems,numerical_modeling,train
https://doi.org/10.1175/mwr-d-15-0320.1,Idealized Tropical Cyclone Responses to the Height and Depth of Environmental Vertical Wind Shear,2016,Monthly Weather Review,dynamics-weather-systems;remote-sensing-retrieval;climate-variability-change,remote_sensing;numerical_modeling,train
https://doi.org/10.1175/mwr-d-15-0326.1,Evolution of the Diurnal Precipitation Cycle with the Passage of a Madden–Julian Oscillation Event through the Maritime Continent,2016,Monthly Weather Review,dynamics-weather-systems;cloud-precipitation-microphysics;climate-variability-change,numerical_modeling,train
https://doi.org/10.1175/mwr-d-15-0340.1,Diagnosing Observation Error Correlations for Doppler Radar Radial Winds in the Met Office UKV Model Using Observation-Minus-Background and Observation-Minus-Analysis Statistics,2016,Monthly Weather Review,remote-sensing-retrieval;observations-instruments;climate-variability-change;quality-control-uncertainty,observation;remote_sensing;numerical_modeling,blind_test
https://doi.org/10.1175/mwr-d-15-0419.1,The Key Role of Diabatic Outflow in Amplifying the Midlatitude Flow: A Representative Case Study of Weather Systems Surrounding Western North Pacific Extratropical Transition,2016,Monthly Weather Review,dynamics-weather-systems;climate-variability-change,numerical_modeling,train
https://doi.org/10.1175/mwr-d-15-0440.1,Review of the Ensemble Kalman Filter for Atmospheric Data Assimilation,2016,Monthly Weather Review,forecasting-predictability;cloud-precipitation-microphysics;observations-instruments;numerical-weather-prediction;climate-variability-change,observation;numerical_modeling;review_synthesis,train
https://doi.org/10.1175/mwr-d-15-0445.1,All-Sky Microwave Radiance Assimilation in NCEP’s GSI Analysis System,2016,Monthly Weather Review,dynamics-weather-systems;cloud-precipitation-microphysics;aerosols;climate-variability-change,numerical_modeling,blind_test
https://doi.org/10.1175/mwr-d-15-0451.1,Insights into the Evolving Microphysical and Kinematic Structure of Northeastern U.S. Winter Storms from Dual-Polarization Doppler Radar,2016,Monthly Weather Review,dynamics-weather-systems;cloud-precipitation-microphysics;remote-sensing-retrieval;observations-instruments,observation;remote_sensing;numerical_modeling,train
https://doi.org/10.1175/mwr-d-16-0017.1,Observations of the Structure and Evolution of Hurricane Edouard (2014) during Intensity Change. Part II: Kinematic Structure and the Distribution of Deep Convection,2016,Monthly Weather Review,dynamics-weather-systems;remote-sensing-retrieval;observations-instruments;ocean-atmosphere,observation;remote_sensing,train
https://doi.org/10.1175/mwr-d-16-0018.1,Observations of the Structure and Evolution of Hurricane Edouard (2014) during Intensity Change. Part I: Relationship between the Thermodynamic Structure and Precipitation,2016,Monthly Weather Review,dynamics-weather-systems;cloud-precipitation-microphysics;remote-sensing-retrieval;observations-instruments;extremes,observation;remote_sensing;review_synthesis,blind_test
https://doi.org/10.1175/mwr-d-16-0026.1,A Lightning Parameterization for the ECMWF Integrated Forecasting System,2016,Monthly Weather Review,forecasting-predictability;atmospheric-chemistry;aerosols;model-evaluation-downscaling,numerical_modeling,train
https://doi.org/10.1175/mwr-d-16-0027.1,Forecasting Hail Using a One-Dimensional Hail Growth Model within WRF,2016,Monthly Weather Review,forecasting-predictability;observations-instruments;numerical-weather-prediction;climate-variability-change,observation;numerical_modeling,train
https://doi.org/10.1175/mwr-d-16-0034.1,A Mass-Flux Cumulus Parameterization Scheme across Gray-Zone Resolutions,2016,Monthly Weather Review,cloud-precipitation-microphysics;aerosols;climate-variability-change;model-evaluation-downscaling,numerical_modeling,train
https://doi.org/10.1175/mwr-d-16-0041.1,Impact of Warmer Eastern Tropical Pacific SST on the March 2015 Atacama Floods,2016,Monthly Weather Review,dynamics-weather-systems;climate-variability-change;extremes,numerical_modeling,train
https://doi.org/10.1175/mwr-d-16-0051.1,"Seasonal, Monthly, and Weekly Distributions of NLDN and GLD360 Cloud-to-Ground Lightning",2016,Monthly Weather Review,cloud-precipitation-microphysics,unspecified,train
https://doi.org/10.1175/mwr-d-16-0088.1,Nonhomogeneous Boosting for Predictor Selection in Ensemble Postprocessing,2016,Monthly Weather Review,forecasting-predictability;climate-variability-change;extremes;hydrometeorology,numerical_modeling,train
https://doi.org/10.1175/mwr-d-16-0104.1,The Role of Unresolved Clouds on Short-Range Global Horizontal Irradiance Predictability,2016,Monthly Weather Review,forecasting-predictability;cloud-precipitation-microphysics;atmospheric-radiation;atmospheric-chemistry;aerosols,unspecified,train
https://doi.org/10.1175/mwr-d-16-0129.1,Impact of Parameterized Boundary Layer Structure on Tropical Cyclone Rapid Intensification Forecasts in HWRF,2016,Monthly Weather Review,dynamics-weather-systems;forecasting-predictability;boundary-layer-turbulence;numerical-weather-prediction;climate-variability-change,numerical_modeling,train
https://doi.org/10.1175/mwr-d-16-0155.1,Understanding Rapid Changes in Phase Partitioning between Cloud Liquid and Ice in Stratiform Mixed-Phase Clouds: An Arctic Case Study,2016,Monthly Weather Review,cloud-precipitation-microphysics;atmospheric-chemistry;aerosols,unspecified,train
https://doi.org/10.1175/mwr-d-16-0160.1,A Performance Comparison between Multiphysics and Stochastic Approaches within a North American RAP Ensemble,2017,Monthly Weather Review,dynamics-weather-systems;forecasting-predictability;climate-variability-change,numerical_modeling,train
https://doi.org/10.1175/mwr-d-16-0226.1,Simulated Supercells in Nontornadic and Tornadic VORTEX2 Environments,2016,Monthly Weather Review,dynamics-weather-systems;climate-variability-change,numerical_modeling,development
https://doi.org/10.1175/mwr-d-16-0228.1,Single Precision in Weather Forecasting Models: An Evaluation with the IFS,2016,Monthly Weather Review,forecasting-predictability;climate-variability-change,numerical_modeling,blind_test
https://doi.org/10.1175/mwr-d-16-0231.1,Direct Assimilation of Radar Reflectivity without Tangent Linear and Adjoint of the Nonlinear Observation Operator in the GSI-Based EnVar System: Methodology and Experiment with the 8 May 2003 Oklahoma City Tornadic Supercell,2016,Monthly Weather Review,dynamics-weather-systems;remote-sensing-retrieval;observations-instruments;climate-variability-change,observation;remote_sensing;numerical_modeling,development
https://doi.org/10.1175/mwr-d-16-0232.1,A Conceptual Model for Development of Intense Pyrocumulonimbus in Western North America,2016,Monthly Weather Review,atmospheric-chemistry;aerosols,numerical_modeling,development
https://doi.org/10.1175/mwr-d-16-0234.1,The Impact of the Extreme Winter 2015/16 Arctic Cyclone on the Barents–Kara Seas,2016,Monthly Weather Review,dynamics-weather-systems;observations-instruments;climate-variability-change;extremes,observation,train
https://doi.org/10.1175/mwr-d-16-0257.1,Adaptive Observation Error Inflation for Assimilating All-Sky Satellite Radiance,2016,Monthly Weather Review,dynamics-weather-systems;remote-sensing-retrieval;observations-instruments;climate-variability-change;quality-control-uncertainty,observation;remote_sensing;numerical_modeling,train
https://doi.org/10.1175/mwr-d-16-0340.1,A 20-Year Climatology of Nocturnal Convection Initiation over the Central and Southern Great Plains during the Warm Season,2017,Monthly Weather Review,dynamics-weather-systems;climate-variability-change,numerical_modeling,train
https://doi.org/10.1175/mwr-d-16-0343.1,Combination of WENO and Explicit Runge–Kutta Methods for Wind Transport in the Meso-NH Model,2017,Monthly Weather Review,dynamics-weather-systems,numerical_modeling,train
https://doi.org/10.1175/mwr-d-16-0350.1,Climatological Analysis of Tropical Cyclone Intensity Changes under Moderate Vertical Wind Shear,2017,Monthly Weather Review,dynamics-weather-systems;remote-sensing-retrieval;climate-variability-change,remote_sensing;numerical_modeling,blind_test
https://doi.org/10.1175/mwr-d-16-0357.1,Assimilating All-Sky Himawari-8 Satellite Infrared Radiances: A Case of Typhoon Soudelor (2015),2018,Monthly Weather Review,dynamics-weather-systems;remote-sensing-retrieval;climate-variability-change,remote_sensing;numerical_modeling,train
https://doi.org/10.1175/mwr-d-16-0384.1,Sounding-Derived Parameters Associated with Convective Hazards in Europe,2017,Monthly Weather Review,dynamics-weather-systems,numerical_modeling,train
https://doi.org/10.1175/mwr-d-16-0385.1,Idealized Simulations of a Squall Line from the MC3E Field Campaign Applying Three Bin Microphysics Schemes: Dynamic and Thermodynamic Structure,2017,Monthly Weather Review,cloud-precipitation-microphysics;aerosols;observations-instruments;climate-variability-change,observation;numerical_modeling,train
https://doi.org/10.1175/mwr-d-16-0400.1,Generating Probabilistic Forecasts from Convection-Allowing Ensembles Using Neighborhood Approaches: A Review and Recommendations,2017,Monthly Weather Review,dynamics-weather-systems;forecasting-predictability;climate-variability-change,numerical_modeling;review_synthesis,train
https://doi.org/10.1175/mwr-d-16-0417.1,The HARMONIE–AROME Model Configuration in the ALADIN–HIRLAM NWP System,2017,Monthly Weather Review,cloud-precipitation-microphysics;aerosols;climate-variability-change,numerical_modeling,development
https://doi.org/10.1175/mwr-d-16-0426.1,The Intracloud Lightning Fraction in the Contiguous United States,2017,Monthly Weather Review,cloud-precipitation-microphysics;aerosols,unspecified,train
https://doi.org/10.1175/mwr-d-16-0427.1,A Bayesian Adaptive Ensemble Kalman Filter for Sequential State and Parameter Estimation,2017,Monthly Weather Review,forecasting-predictability;observations-instruments;climate-variability-change,numerical_modeling,development
https://doi.org/10.1175/mwr-d-16-0441.1,The Analog Data Assimilation,2017,Monthly Weather Review,dynamics-weather-systems;numerical-weather-prediction;climate-variability-change,numerical_modeling,train
https://doi.org/10.1175/mwr-d-16-0468.1,Diurnal Cycle of Precipitation Observed in the Western Coastal Area of Sumatra Island: Offshore Preconditioning by Gravity Waves,2017,Monthly Weather Review,dynamics-weather-systems;cloud-precipitation-microphysics;observations-instruments,observation,train
https://doi.org/10.1175/mwr-d-16-0483.1,Rossby Wave Packets on the Midlatitude Waveguide—A Review,2018,Monthly Weather Review,dynamics-weather-systems;climate-variability-change,numerical_modeling;review_synthesis,development
https://doi.org/10.1175/mwr-d-16-0487.1,Sample Stratification in Verification of Ensemble Forecasts of Continuous Scalar Variables: Potential Benefits and Pitfalls,2017,Monthly Weather Review,forecasting-predictability,numerical_modeling,blind_test
https://doi.org/10.1175/mwr-d-17-0004.1,"Multiscale Aspects of the Storm Producing the June 2013 Flooding in Uttarakhand, India",2017,Monthly Weather Review,dynamics-weather-systems;climate-variability-change;extremes,numerical_modeling;review_synthesis,train
https://doi.org/10.1175/mwr-d-17-0018.1,"Field Data Analysis and Weather Scenario of a Downburst Event in Livorno, Italy, on 1 October 2012",2017,Monthly Weather Review,unclassified,numerical_modeling,train
https://doi.org/10.1175/mwr-d-17-0027.1,The Extratropical Transition of Tropical Cyclones. Part I: Cyclone Evolution and Direct Impacts,2017,Monthly Weather Review,dynamics-weather-systems;climate-variability-change,numerical_modeling,train
https://doi.org/10.1175/mwr-d-17-0056.1,Practical Considerations for Computing Dimensional Spectra from Gridded Data,2017,Monthly Weather Review,observations-instruments;statistics-causal-ml,statistical_ml,train
https://doi.org/10.1175/mwr-d-17-0092.1,Multimodel Ensembling of Subseasonal Precipitation Forecasts over North America,2017,Monthly Weather Review,dynamics-weather-systems;forecasting-predictability;cloud-precipitation-microphysics;climate-variability-change,numerical_modeling,train
https://doi.org/10.1175/mwr-d-17-0157.1,Impact of Coupling with an Ice–Ocean Model on Global Medium-Range NWP Forecast Skill,2018,Monthly Weather Review,dynamics-weather-systems;forecasting-predictability;climate-variability-change,numerical_modeling,train
https://doi.org/10.1175/mwr-d-17-0165.1,Southeastern Australian Heat Waves from a Trajectory Viewpoint,2017,Monthly Weather Review,dynamics-weather-systems;climate-variability-change,numerical_modeling,train
https://doi.org/10.1175/mwr-d-17-0186.1,Turbulence Dissipation Rate in the Atmospheric Boundary Layer: Observations and WRF Mesoscale Modeling during the XPIA Field Campaign,2017,Monthly Weather Review,boundary-layer-turbulence;observations-instruments;numerical-weather-prediction;climate-variability-change,observation;numerical_modeling,train
https://doi.org/10.1175/mwr-d-17-0187.1,Enhanced Adaptive Inflation Algorithm for Ensemble Filters,2018,Monthly Weather Review,dynamics-weather-systems;forecasting-predictability;climate-variability-change,numerical_modeling,train
https://doi.org/10.1175/mwr-d-17-0194.1,Characteristics of a Convective-Scale Weather Forecasting System for the European Arctic,2017,Monthly Weather Review,dynamics-weather-systems;forecasting-predictability;climate-variability-change,numerical_modeling,blind_test
https://doi.org/10.1175/mwr-d-17-0196.1,Potential Vorticity Dynamics of Forecast Errors: A Quantitative Case Study,2018,Monthly Weather Review,dynamics-weather-systems;forecasting-predictability;atmospheric-chemistry;climate-variability-change;quality-control-uncertainty,numerical_modeling,train
https://doi.org/10.1175/mwr-d-17-0205.1,The Record-Breaking Heat Wave in 2016 over South Korea and Its Physical Mechanism,2018,Monthly Weather Review,dynamics-weather-systems;climate-variability-change,numerical_modeling,development
https://doi.org/10.1175/mwr-d-17-0250.1,"Money Doesn't Grow on Trees, but Forecasts Do: Forecasting Extreme Precipitation with Random Forests",2018,Monthly Weather Review,forecasting-predictability;cloud-precipitation-microphysics;observations-instruments;climate-variability-change;extremes;statistics-causal-ml,observation;numerical_modeling,train
https://doi.org/10.1175/mwr-d-17-0317.1,Predictability of Sudden Stratospheric Warmings in the ECMWF Extended-Range Forecast System,2018,Monthly Weather Review,dynamics-weather-systems;forecasting-predictability;atmospheric-chemistry;climate-variability-change,numerical_modeling,train
https://doi.org/10.1175/mwr-d-17-0329.1,"The Extratropical Transition of Tropical Cyclones. Part II: Interaction with the Midlatitude Flow, Downstream Impacts, and Implications for Predictability",2018,Monthly Weather Review,dynamics-weather-systems;forecasting-predictability;climate-variability-change,numerical_modeling,train
https://doi.org/10.1175/mwr-d-17-0356.1,A Three-Dimensional Scale-Adaptive Turbulent Kinetic Energy Scheme in the WRF-ARW Model,2018,Monthly Weather Review,dynamics-weather-systems;numerical-weather-prediction;climate-variability-change,numerical_modeling,train
https://doi.org/10.1175/mwr-d-17-0364.1,Estimation Methods for Nonhomogeneous Regression Models: Minimum Continuous Ranked Probability Score versus Maximum Likelihood,2018,Monthly Weather Review,statistics-causal-ml,numerical_modeling;statistical_ml,blind_test
https://doi.org/10.1175/mwr-d-17-0367.1,Assimilation of All-Sky Infrared Radiances from Himawari-8 and Impacts of Moisture and Hydrometer Initialization on Convection-Permitting Tropical Cyclone Prediction,2018,Monthly Weather Review,dynamics-weather-systems;forecasting-predictability;climate-variability-change,numerical_modeling,train
https://doi.org/10.1175/mwr-d-17-0377.1,Thermodynamics of Pyrocumulus: A Conceptual Study,2018,Monthly Weather Review,dynamics-weather-systems,unspecified,development
https://doi.org/10.1175/mwr-d-17-0386.1,High-Altitude (0–100 km) Global Atmospheric Reanalysis System: Description and Application to the 2014 Austral Winter of the Deep Propagating Gravity Wave Experiment (DEEPWAVE),2018,Monthly Weather Review,dynamics-weather-systems;atmospheric-chemistry,numerical_modeling;reanalysis,train
https://doi.org/10.1175/mwr-d-17-0396.1,What Is the Added Value of a Convection-Permitting Model for Forecasting Extreme Rainfall over Tropical East Africa?,2018,Monthly Weather Review,dynamics-weather-systems;forecasting-predictability;cloud-precipitation-microphysics;observations-instruments;climate-variability-change;extremes,observation;numerical_modeling,train
https://doi.org/10.1175/mwr-d-18-0058.1,Predictability of Recurrent Weather Regimes over North America during Winter from Submonthly Reforecasts,2018,Monthly Weather Review,forecasting-predictability;climate-variability-change,numerical_modeling,train
https://doi.org/10.1175/mwr-d-18-0062.1,Assimilating All-Sky Infrared Radiances from GOES-16 ABI Using an Ensemble Kalman Filter for Convection-Allowing Severe Thunderstorms Prediction,2018,Monthly Weather Review,dynamics-weather-systems;forecasting-predictability;climate-variability-change,numerical_modeling,train
https://doi.org/10.1175/mwr-d-18-0067.1,Large-Eddy Simulation over Complex Terrain Using an Improved Immersed Boundary Method in the Weather Research and Forecasting Model,2018,Monthly Weather Review,dynamics-weather-systems;forecasting-predictability;boundary-layer-turbulence,numerical_modeling,train
https://doi.org/10.1175/mwr-d-18-0077.1,Generation of Inflow Turbulence in Large-Eddy Simulations of Nonneutral Atmospheric Boundary Layers with the Cell Perturbation Method,2018,Monthly Weather Review,dynamics-weather-systems;boundary-layer-turbulence,numerical_modeling,train
https://doi.org/10.1175/mwr-d-18-0081.1,"Convective Storm Life Cycle and Environments near the Sierras de Córdoba, Argentina",2018,Monthly Weather Review,dynamics-weather-systems;cloud-precipitation-microphysics;observations-instruments;climate-variability-change,observation;numerical_modeling,blind_test
https://doi.org/10.1175/mwr-d-18-0101.1,Heavy Rainfall Associated with Double Low-Level Jets over Southern China. Part I: Ensemble-Based Analysis,2018,Monthly Weather Review,dynamics-weather-systems;forecasting-predictability;cloud-precipitation-microphysics;climate-variability-change,numerical_modeling,train
https://doi.org/10.1175/mwr-d-18-0102.1,Heavy Rainfall Associated with Double Low-Level Jets over Southern China. Part II: Convection Initiation,2018,Monthly Weather Review,dynamics-weather-systems;cloud-precipitation-microphysics;observations-instruments;climate-variability-change,observation;numerical_modeling,train
https://doi.org/10.1175/mwr-d-18-0108.1,"Topographic Effects on Radiation in the WRF Model with the Immersed Boundary Method: Implementation, Validation, and Application to Complex Terrain",2018,Monthly Weather Review,dynamics-weather-systems;atmospheric-radiation;numerical-weather-prediction;climate-variability-change;quality-control-uncertainty,numerical_modeling,train
https://doi.org/10.1175/mwr-d-18-0156.1,Application of a Hybrid Statistical–Dynamical System to Seasonal Prediction of North American Temperature and Precipitation,2018,Monthly Weather Review,forecasting-predictability;cloud-precipitation-microphysics;climate-variability-change;extremes;hydrometeorology;statistics-causal-ml,numerical_modeling;statistical_ml,train
https://doi.org/10.1175/mwr-d-18-0187.1,Neural Networks for Postprocessing Ensemble Weather Forecasts,2018,Monthly Weather Review,forecasting-predictability;observations-instruments;hydrometeorology;statistics-causal-ml,numerical_modeling;statistical_ml,train
https://doi.org/10.1175/mwr-d-18-0226.1,Upstream Cyclone Influence on the Predictability of Block Onsets over the Euro-Atlantic Region,2019,Monthly Weather Review,dynamics-weather-systems;forecasting-predictability;atmospheric-chemistry;climate-variability-change,numerical_modeling,development
https://doi.org/10.1175/mwr-d-18-0292.1,Quantitative View on the Processes Governing the Upscale Error Growth up to the Planetary Scale Using a Stochastic Convection Scheme,2019,Monthly Weather Review,dynamics-weather-systems;cloud-precipitation-microphysics;aerosols;climate-variability-change;quality-control-uncertainty,numerical_modeling,development
https://doi.org/10.1175/mwr-d-18-0316.1,Interpretable Deep Learning for Spatial Analysis of Severe Hailstorms,2019,Monthly Weather Review,dynamics-weather-systems;cloud-precipitation-microphysics;observations-instruments;climate-variability-change;statistics-causal-ml,observation;numerical_modeling,blind_test
https://doi.org/10.1175/mwr-d-18-0369.1,Indices of Rank Histogram Flatness and Their Sampling Properties,2019,Monthly Weather Review,forecasting-predictability;statistics-causal-ml,numerical_modeling;statistical_ml,train
https://doi.org/10.1175/mwr-d-18-0391.1,Using Deep Learning to Estimate Tropical Cyclone Intensity from Satellite Passive Microwave Imagery,2019,Monthly Weather Review,dynamics-weather-systems;cloud-precipitation-microphysics;remote-sensing-retrieval;observations-instruments;statistics-causal-ml,observation;remote_sensing,train
https://doi.org/10.1175/mwr-d-18-0393.1,Assimilation of Satellite Soil Moisture for Improved Atmospheric Reanalyses,2019,Monthly Weather Review,remote-sensing-retrieval;hydrometeorology;land-atmosphere,remote_sensing;numerical_modeling,development
https://doi.org/10.1175/mwr-d-19-0110.1,Warm-Sector Heavy Rainfall in Southern China and Its WRF Simulation Evaluation: A Low-Level-Jet Perspective,2019,Monthly Weather Review,dynamics-weather-systems;cloud-precipitation-microphysics;numerical-weather-prediction;climate-variability-change,numerical_modeling;review_synthesis,train
https://doi.org/10.1175/mwr-d-19-0204.1,Large Hail Incidence and Its Economic and Societal Impacts across Europe,2019,Monthly Weather Review,observations-instruments;climate-variability-change,observation;numerical_modeling,blind_test
https://doi.org/10.1175/mwr-d-19-0212.1,On the Extreme Rainfall Event of 7 May 2017 over the Coastal City of Guangzhou. Part I: Impacts of Urbanization and Orography,2020,Monthly Weather Review,dynamics-weather-systems;cloud-precipitation-microphysics;climate-variability-change;extremes;land-atmosphere,numerical_modeling,train
https://doi.org/10.1175/mwr-d-19-0227.1,Ensemble Postprocessing Using Quantile Function Regression Based on Neural Networks and Bernstein Polynomials,2019,Monthly Weather Review,forecasting-predictability;observations-instruments;climate-variability-change;statistics-causal-ml,numerical_modeling;statistical_ml,train
https://doi.org/10.1175/mwr-d-19-0240.1,A Review of Innovation-Based Methods to Jointly Estimate Model and Observation Error Covariance Matrices in Ensemble Data Assimilation,2020,Monthly Weather Review,forecasting-predictability;observations-instruments;numerical-weather-prediction;climate-variability-change;quality-control-uncertainty,observation;numerical_modeling;review_synthesis,train
https://doi.org/10.1175/mwr-d-19-0251.1,Tornadoes in Northern Eurasia: From the Middle Age to the Information Era,2020,Monthly Weather Review,climate-variability-change,numerical_modeling,development
https://doi.org/10.1175/mwr-d-19-0339.1,The Influence of Stratospheric Wave Reflection on North American Cold Spells,2020,Monthly Weather Review,dynamics-weather-systems;atmospheric-chemistry;climate-variability-change,numerical_modeling,blind_test
https://doi.org/10.1175/mwr-d-19-0344.1,Forecasting Severe Weather with Random Forests,2020,Monthly Weather Review,forecasting-predictability;cloud-precipitation-microphysics;observations-instruments;climate-variability-change;statistics-causal-ml,observation;numerical_modeling,train
https://doi.org/10.1175/mwr-d-19-0372.1,Deep Learning on Three-Dimensional Multiscale Data for Next-Hour Tornado Prediction,2020,Monthly Weather Review,dynamics-weather-systems;forecasting-predictability;extremes;statistics-causal-ml,numerical_modeling;review_synthesis,train
https://doi.org/10.1175/mwr-d-19-0404.1,Simulated Tropical Precipitation Assessed across Three Major Phases of the Coupled Model Intercomparison Project (CMIP),2020,Monthly Weather Review,dynamics-weather-systems;cloud-precipitation-microphysics;climate-variability-change;earth-system-models;quality-control-uncertainty,numerical_modeling,train
https://doi.org/10.1175/mwr-d-20-0005.1,Extensive High-Resolution Synthetic Aperture Radar (SAR) Data Analysis of Tropical Cyclones: Comparisons with SFMR Flights and Best Track,2020,Monthly Weather Review,dynamics-weather-systems;remote-sensing-retrieval;ocean-atmosphere,remote_sensing,development
https://doi.org/10.1175/mwr-d-20-0021.1,Heavy Precipitation over Italy from the Mediterranean Storm “Vaia” in October 2018: Assessing the Role of an Atmospheric River,2020,Monthly Weather Review,dynamics-weather-systems;cloud-precipitation-microphysics;climate-variability-change;extremes,numerical_modeling,blind_test
https://doi.org/10.1175/mwr-d-20-0090.1,"Convection Initiation and Growth at the Coast of South China. Part II: Effects of the Terrain, Coastline, and Cold Pools",2020,Monthly Weather Review,dynamics-weather-systems;climate-variability-change,numerical_modeling,blind_test
https://doi.org/10.1175/mwr-d-20-0096.1,Using Artificial Neural Networks for Generating Probabilistic Subseasonal Precipitation Forecasts over California,2020,Monthly Weather Review,forecasting-predictability;cloud-precipitation-microphysics;observations-instruments;climate-variability-change;statistics-causal-ml,observation;numerical_modeling;statistical_ml,train
https://doi.org/10.1175/mwr-d-20-0097.1,Two Corrections for Turbulent Kinetic Energy Generated by Wind Farms in the WRF Model,2020,Monthly Weather Review,atmospheric-radiation;numerical-weather-prediction,numerical_modeling,blind_test
https://doi.org/10.1175/mwr-d-21-0004.1,On the Localized Extreme Rainfall over the Great Bay Area in South China with Complex Topography and Strong UHI Effects,2021,Monthly Weather Review,cloud-precipitation-microphysics;climate-variability-change;extremes;land-atmosphere,numerical_modeling,train
https://doi.org/10.1175/waf-d-15-0107.1,Storm-Scale Data Assimilation and Ensemble Forecasting with the NSSL Experimental Warn-on-Forecast System. Part II: Combined Radar and Satellite Data Experiments,2016,Weather and Forecasting,dynamics-weather-systems;forecasting-predictability;cloud-precipitation-microphysics;aerosols;remote-sensing-retrieval;numerical-weather-prediction;climate-variability-change,remote_sensing;numerical_modeling,train
https://doi.org/10.1175/waf-d-15-0113.1,Probabilistic Forecasts of Mesoscale Convective System Initiation Using the Random Forest Data Mining Technique,2016,Weather and Forecasting,forecasting-predictability;cloud-precipitation-microphysics;observations-instruments;climate-variability-change;statistics-causal-ml,observation;numerical_modeling,blind_test
https://doi.org/10.1175/waf-d-15-0134.1,Forecasting Tornadoes Using Convection-Permitting Ensembles,2016,Weather and Forecasting,dynamics-weather-systems;forecasting-predictability;climate-variability-change,numerical_modeling,train
https://doi.org/10.1175/waf-d-15-0144.1,A Wind Energy Ramp Tool and Metric for Measuring the Skill of Numerical Weather Prediction Models,2016,Weather and Forecasting,forecasting-predictability;numerical-weather-prediction,numerical_modeling,train
https://doi.org/10.1175/waf-d-15-0152.1,Prediction and Ensemble Forecast Verification of Hail in the Supercell Storms of 20 May 2013,2016,Weather and Forecasting,dynamics-weather-systems;forecasting-predictability;cloud-precipitation-microphysics;observations-instruments;climate-variability-change,observation;numerical_modeling,train
https://doi.org/10.1175/waf-d-15-0156.1,Impact of Assimilating Wind Profiling Radar Observations on Convection-Permitting Quantitative Precipitation Forecasts during SCMREX,2016,Weather and Forecasting,dynamics-weather-systems;forecasting-predictability;cloud-precipitation-microphysics;remote-sensing-retrieval;observations-instruments;climate-variability-change,observation;remote_sensing;numerical_modeling,train
https://doi.org/10.1175/waf-d-15-0163.1,NAQFC Developmental Forecast Guidance for Fine Particulate Matter (PM2.5),2016,Weather and Forecasting,forecasting-predictability;cloud-precipitation-microphysics;atmospheric-chemistry;aerosols;air-quality-exposure,unspecified,blind_test
https://doi.org/10.1175/waf-d-15-0175.1,Kinematic and Microphysical Significance of Lightning Jumps versus Nonjump Increases in Total Flash Rate,2016,Weather and Forecasting,dynamics-weather-systems,unspecified,development
https://doi.org/10.1175/waf-d-16-0035.1,The Pan-Canadian High Resolution (2.5 km) Deterministic Prediction System,2016,Weather and Forecasting,forecasting-predictability;observations-instruments;climate-variability-change,observation;numerical_modeling,development
https://doi.org/10.1175/waf-d-16-0046.1,Investigation of Near-Storm Environments for Tornado Events and Warnings,2016,Weather and Forecasting,dynamics-weather-systems;climate-variability-change,numerical_modeling,train
https://doi.org/10.1175/waf-d-16-0049.1,Sensitivity of Numerical Weather Forecasts to Initial Soil Moisture Variations in CFSv2,2016,Weather and Forecasting,forecasting-predictability;observations-instruments;numerical-weather-prediction;climate-variability-change;hydrometeorology;land-atmosphere,observation;numerical_modeling,train
https://doi.org/10.1175/waf-d-16-0062.1,The Brazilian Global Atmospheric Model (BAM): Performance for Tropical Rainfall Forecasting and Sensitivity to Convective Scheme and Horizontal Resolution,2016,Weather and Forecasting,forecasting-predictability;cloud-precipitation-microphysics;observations-instruments;climate-variability-change,observation;numerical_modeling,train
https://doi.org/10.1175/waf-d-16-0065.1,Forecast Variability of the Blocking System over Russia in Summer 2010 and Its Impact on Surface Conditions,2016,Weather and Forecasting,dynamics-weather-systems;forecasting-predictability;climate-variability-change,numerical_modeling,train
https://doi.org/10.1175/waf-d-16-0074.1,The Impact of Vertical Resolution on Fog Forecasting in the Kilometric-Scale Model AROME: A Case Study and Statistics,2016,Weather and Forecasting,forecasting-predictability;cloud-precipitation-microphysics;aerosols,numerical_modeling,development
https://doi.org/10.1175/waf-d-16-0086.1,"Composite Environments of Severe and Nonsevere High-Shear, Low-CAPE Convective Events",2016,Weather and Forecasting,dynamics-weather-systems;climate-variability-change,numerical_modeling,train
https://doi.org/10.1175/waf-d-16-0093.1,Extreme Precipitation in Models: An Evaluation,2016,Weather and Forecasting,cloud-precipitation-microphysics;observations-instruments;climate-variability-change;extremes,observation;numerical_modeling,blind_test
https://doi.org/10.1175/waf-d-16-0099.1,AROME-MetCoOp: A Nordic Convective-Scale Operational Weather Prediction Model,2017,Weather and Forecasting,forecasting-predictability;observations-instruments;climate-variability-change,observation;numerical_modeling,train
https://doi.org/10.1175/waf-d-16-0101.1,A 5-yr Climatology of Severe Convective Wind Events over China,2017,Weather and Forecasting,unclassified,unspecified,train
https://doi.org/10.1175/waf-d-16-0104.1,Estimating Enhanced Fujita Scale Levels Based on Forest Damage Severity,2016,Weather and Forecasting,dynamics-weather-systems,unspecified,blind_test
https://doi.org/10.1175/waf-d-16-0118.1,Improving NOAA NAQFC PM2.5 Predictions with a Bias Correction Approach,2016,Weather and Forecasting,forecasting-predictability;atmospheric-chemistry;aerosols;air-quality-exposure;model-evaluation-downscaling,unspecified,train
https://doi.org/10.1175/waf-d-16-0120.1,"WRF Hub-Height Wind Forecast Sensitivity to PBL Scheme, Grid Length, and Initial Condition Choice in Complex Terrain",2016,Weather and Forecasting,dynamics-weather-systems;forecasting-predictability;numerical-weather-prediction;climate-variability-change,numerical_modeling,train
https://doi.org/10.1175/waf-d-16-0125.1,A Numerical Weather Model’s Ability to Predict Characteristics of Aircraft Icing Environments,2016,Weather and Forecasting,cloud-precipitation-microphysics;aerosols;numerical-weather-prediction,numerical_modeling,train
https://doi.org/10.1175/waf-d-16-0157.1,Forecaster Performance and Workload: Does Radar Update Time Matter?,2016,Weather and Forecasting,forecasting-predictability;remote-sensing-retrieval,remote_sensing;numerical_modeling,development
https://doi.org/10.1175/waf-d-16-0178.1,Breaking New Ground in Severe Weather Prediction: The 2015 NOAA/Hazardous Weather Testbed Spring Forecasting Experiment,2017,Weather and Forecasting,dynamics-weather-systems;forecasting-predictability;climate-variability-change,numerical_modeling,train
https://doi.org/10.1175/waf-d-16-0196.1,Tropical Cyclone Gale Wind Radii Estimates for the Western North Pacific,2017,Weather and Forecasting,dynamics-weather-systems;remote-sensing-retrieval,remote_sensing;numerical_modeling,blind_test
https://doi.org/10.1175/waf-d-16-0199.1,Generation of Ensemble Mean Precipitation Forecasts from Convection-Allowing Ensembles,2017,Weather and Forecasting,dynamics-weather-systems;forecasting-predictability;cloud-precipitation-microphysics;observations-instruments;climate-variability-change,observation;numerical_modeling,train
https://doi.org/10.1175/waf-d-16-0203.1,High-Resolution Hail Observations: Implications for NWS Warning Operations,2017,Weather and Forecasting,cloud-precipitation-microphysics;observations-instruments;climate-variability-change,observation;numerical_modeling,train
https://doi.org/10.1175/waf-d-16-0208.1,Nowcasting Foehn Wind Events Using the AdaBoost Machine Learning Algorithm,2017,Weather and Forecasting,forecasting-predictability;observations-instruments;statistics-causal-ml,observation;numerical_modeling;statistical_ml,train
https://doi.org/10.1175/waf-d-17-0010.1,Storm-Based Probabilistic Hail Forecasting with Machine Learning Applied to Convection-Allowing Ensembles,2017,Weather and Forecasting,dynamics-weather-systems;forecasting-predictability;observations-instruments;climate-variability-change;statistics-causal-ml,observation;numerical_modeling;statistical_ml,train
https://doi.org/10.1175/waf-d-17-0015.1,Forecasting Storm Surge and Inundation: Model Validation,2017,Weather and Forecasting,dynamics-weather-systems;forecasting-predictability;remote-sensing-retrieval;quality-control-uncertainty,remote_sensing;numerical_modeling,train
https://doi.org/10.1175/waf-d-17-0023.1,Performance of the New NCEP Global Ensemble Forecast System in a Parallel Experiment,2017,Weather and Forecasting,dynamics-weather-systems;forecasting-predictability;climate-variability-change,numerical_modeling,train
https://doi.org/10.1175/waf-d-17-0038.1,Machine Learning for Real-Time Prediction of Damaging Straight-Line Convective Wind,2017,Weather and Forecasting,dynamics-weather-systems;forecasting-predictability;statistics-causal-ml,numerical_modeling;statistical_ml,train
https://doi.org/10.1175/waf-d-17-0046.1,Updates in the NCEP GFS Cumulus Convection Schemes with Scale and Aerosol Awareness,2017,Weather and Forecasting,dynamics-weather-systems;aerosols;climate-variability-change,numerical_modeling,development
https://doi.org/10.1175/waf-d-17-0054.1,Polarimetric Radar and Surface-Based Precipitation-Type Observations of Ice Pellet to Freezing Rain Transitions,2017,Weather and Forecasting,cloud-precipitation-microphysics;aerosols;remote-sensing-retrieval;observations-instruments,observation;remote_sensing;numerical_modeling,train
https://doi.org/10.1175/waf-d-17-0076.1,Comparison of Rip Current Hazard Likelihood Forecasts with Observed Rip Current Speeds,2017,Weather and Forecasting,dynamics-weather-systems;forecasting-predictability;ocean-atmosphere,unspecified,train
https://doi.org/10.1175/waf-d-17-0085.1,The Deadliest Tornado (EF4) in the Past 40 Years in China,2018,Weather and Forecasting,unclassified,numerical_modeling,train
https://doi.org/10.1175/waf-d-17-0095.1,"Dependence of Tropical Cyclone Intensification Rate on Sea Surface Temperature, Storm Intensity, and Size in the Western North Pacific",2018,Weather and Forecasting,dynamics-weather-systems;remote-sensing-retrieval;climate-variability-change;ocean-atmosphere,remote_sensing;numerical_modeling,train
https://doi.org/10.1175/waf-d-17-0096.1,A 10-Year Survey of Tropical Cyclone Inner-Core Lightning Bursts and Their Relationship to Intensity Change,2017,Weather and Forecasting,dynamics-weather-systems;climate-variability-change,numerical_modeling,blind_test
https://doi.org/10.1175/waf-d-17-0099.1,The NOAA/CIMSS ProbSevere Model: Incorporation of Total Lightning and Validation,2018,Weather and Forecasting,climate-variability-change;quality-control-uncertainty,numerical_modeling,train
https://doi.org/10.1175/waf-d-17-0120.1,Cold-Season Tornadoes: Climatological and Meteorological Insights,2018,Weather and Forecasting,dynamics-weather-systems;climate-variability-change,numerical_modeling,development
https://doi.org/10.1175/waf-d-17-0123.1,Climatological Estimates of Hourly Tornado Probability for the United States,2017,Weather and Forecasting,dynamics-weather-systems;climate-variability-change,numerical_modeling,development
https://doi.org/10.1175/waf-d-17-0127.1,Skill of Global Raw and Postprocessed Ensemble Predictions of Rainfall over Northern Tropical Africa,2018,Weather and Forecasting,forecasting-predictability;cloud-precipitation-microphysics;observations-instruments;climate-variability-change,observation;numerical_modeling,blind_test
https://doi.org/10.1175/waf-d-17-0140.1,Evaluation of Tropical Cyclone Structure Forecasts in a High-Resolution Version of the Multiscale GFDL fvGFS Model,2018,Weather and Forecasting,dynamics-weather-systems;forecasting-predictability;climate-variability-change,numerical_modeling,train
https://doi.org/10.1175/waf-d-17-0144.1,Validation of Mountain Precipitation Forecasts from the Convection-Permitting NCAR Ensemble and Operational Forecast Systems over the Western United States,2018,Weather and Forecasting,dynamics-weather-systems;forecasting-predictability;cloud-precipitation-microphysics;observations-instruments;climate-variability-change;quality-control-uncertainty,observation;numerical_modeling,blind_test
https://doi.org/10.1175/waf-d-17-0145.1,Advancing from Convection-Allowing NWP to Warn-on-Forecast: Evidence of Progress,2018,Weather and Forecasting,dynamics-weather-systems;forecasting-predictability;cloud-precipitation-microphysics;observations-instruments;climate-variability-change,observation;numerical_modeling,train
https://doi.org/10.1175/waf-d-17-0165.1,Subseasonal Tropical Cyclone Genesis Prediction and MJO in the S2S Dataset,2018,Weather and Forecasting,dynamics-weather-systems;forecasting-predictability;climate-variability-change,numerical_modeling,train
https://doi.org/10.1175/waf-d-17-0188.1,Development of a Human–Machine Mix for Forecasting Severe Convective Events,2018,Weather and Forecasting,forecasting-predictability,numerical_modeling,blind_test
https://doi.org/10.1175/waf-d-18-0012.1,An Operational Rapid Intensification Prediction Aid for the Western North Pacific,2018,Weather and Forecasting,dynamics-weather-systems;forecasting-predictability;climate-variability-change,numerical_modeling,train
https://doi.org/10.1175/waf-d-18-0020.1,Object-Based Verification of a Prototype Warn-on-Forecast System,2018,Weather and Forecasting,forecasting-predictability;cloud-precipitation-microphysics;aerosols;climate-variability-change,numerical_modeling,development
https://doi.org/10.1175/waf-d-18-0038.1,NowCastMIX: Automatic Integrated Warnings for Severe Convection on Nowcasting Time Scales at the German Weather Service,2018,Weather and Forecasting,dynamics-weather-systems;forecasting-predictability,numerical_modeling,train
https://doi.org/10.1175/waf-d-18-0040.1,The Above-Anvil Cirrus Plume: An Important Severe Weather Indicator in Visible and Infrared Satellite Imagery,2018,Weather and Forecasting,cloud-precipitation-microphysics;atmospheric-chemistry;aerosols;remote-sensing-retrieval,remote_sensing;numerical_modeling,train
https://doi.org/10.1175/waf-d-18-0074.1,Probabilistic Skill of Subseasonal Precipitation Forecasts for the East Africa–West Asia Sector during September–May,2018,Weather and Forecasting,forecasting-predictability;cloud-precipitation-microphysics;climate-variability-change;extremes;hydrometeorology,numerical_modeling,train
https://doi.org/10.1175/waf-d-18-0120.1,Long-Term Performance Metrics for National Weather Service Tornado Warnings,2018,Weather and Forecasting,dynamics-weather-systems;climate-variability-change,numerical_modeling,train
https://doi.org/10.1175/waf-d-18-0136.1,Estimating Tropical Cyclone Intensity by Satellite Imagery Utilizing Convolutional Neural Networks,2019,Weather and Forecasting,dynamics-weather-systems;remote-sensing-retrieval;observations-instruments;climate-variability-change;statistics-causal-ml,remote_sensing;numerical_modeling;statistical_ml,train
https://doi.org/10.1175/waf-d-18-0137.1,A Bayesian Hierarchical Modeling Framework for Correcting Reporting Bias in the U.S. Tornado Database,2018,Weather and Forecasting,climate-variability-change,numerical_modeling,development
https://doi.org/10.1175/waf-d-18-0146.1,TKE-Based Moist Eddy-Diffusivity Mass-Flux (EDMF) Parameterization for Vertical Turbulent Mixing,2019,Weather and Forecasting,climate-variability-change;model-evaluation-downscaling,numerical_modeling,train
https://doi.org/10.1175/waf-d-18-0149.1,Forest-Based and Semiparametric Methods for the Postprocessing of Rainfall Ensemble Forecasting,2019,Weather and Forecasting,forecasting-predictability;cloud-precipitation-microphysics;observations-instruments;hydrometeorology,observation;numerical_modeling,train
https://doi.org/10.1175/waf-d-18-0160.1,Santa Ana Winds: A Descriptive Climatology,2018,Weather and Forecasting,dynamics-weather-systems,numerical_modeling,train
https://doi.org/10.1175/waf-d-18-0173.1,A Feed Forward Neural Network Based on Model Output Statistics for Short-Term Hurricane Intensity Prediction,2019,Weather and Forecasting,dynamics-weather-systems;forecasting-predictability;remote-sensing-retrieval;observations-instruments;climate-variability-change;statistics-causal-ml,remote_sensing;numerical_modeling;statistical_ml,train
https://doi.org/10.1175/waf-d-18-0178.1,Evaluation of Cumulus and Microphysics Parameterizations in WRF across the Convective Gray Zone,2019,Weather and Forecasting,cloud-precipitation-microphysics;observations-instruments;numerical-weather-prediction;climate-variability-change;model-evaluation-downscaling,observation;numerical_modeling,train
https://doi.org/10.1175/waf-d-18-0183.1,Deep Learning for Spatially Explicit Prediction of Synoptic-Scale Fronts,2019,Weather and Forecasting,dynamics-weather-systems;forecasting-predictability;climate-variability-change;statistics-causal-ml,numerical_modeling,blind_test
https://doi.org/10.1175/waf-d-18-0200.1,Impact of Ground-Based Remote Sensing Boundary Layer Observations on Short-Term Probabilistic Forecasts of a Tornadic Supercell Event,2019,Weather and Forecasting,forecasting-predictability;boundary-layer-turbulence;cloud-precipitation-microphysics;aerosols;remote-sensing-retrieval;observations-instruments;climate-variability-change,observation;remote_sensing;numerical_modeling,train
https://doi.org/10.1175/waf-d-18-0206.1,Using a 10-Year Radar Archive for Nowcasting Precipitation Growth and Decay: A Probabilistic Machine Learning Approach,2019,Weather and Forecasting,forecasting-predictability;cloud-precipitation-microphysics;remote-sensing-retrieval;observations-instruments;climate-variability-change;statistics-causal-ml,observation;remote_sensing;numerical_modeling;statistical_ml,development
https://doi.org/10.1175/waf-d-18-0211.1,Characteristics of Tornado Events and Warnings in the Southeastern United States,2019,Weather and Forecasting,dynamics-weather-systems;climate-variability-change,numerical_modeling,development
https://doi.org/10.1175/waf-d-19-0002.1,Long-Lead Statistical Forecasts of the Indian Summer Monsoon Rainfall Based on Causal Precursors,2019,Weather and Forecasting,dynamics-weather-systems;forecasting-predictability;cloud-precipitation-microphysics;climate-variability-change;statistics-causal-ml,numerical_modeling;statistical_ml,train
https://doi.org/10.1175/waf-d-19-0003.1,An NWP Model Intercomparison of Surface Weather Parameters in the European Arctic during the Year of Polar Prediction Special Observing Period Northern Hemisphere 1,2019,Weather and Forecasting,dynamics-weather-systems;forecasting-predictability;climate-variability-change;quality-control-uncertainty,numerical_modeling,train
https://doi.org/10.1175/waf-d-19-0007.1,The Advanced Dvorak Technique (ADT) for Estimating Tropical Cyclone Intensity: Update and New Capabilities,2019,Weather and Forecasting,dynamics-weather-systems;remote-sensing-retrieval,remote_sensing;numerical_modeling,train
https://doi.org/10.1175/waf-d-19-0014.1,A Climatology of Quasi-Linear Convective Systems and Their Hazards in the United States,2019,Weather and Forecasting,dynamics-weather-systems;climate-variability-change,numerical_modeling,train
https://doi.org/10.1175/waf-d-19-0030.1,HarmonEPS—The HARMONIE Ensemble Prediction System,2019,Weather and Forecasting,dynamics-weather-systems;forecasting-predictability;climate-variability-change,numerical_modeling,train
https://doi.org/10.1175/waf-d-19-0105.1,Calibration of Machine Learning–Based Probabilistic Hail Predictions for Operational Forecasting,2019,Weather and Forecasting,forecasting-predictability;cloud-precipitation-microphysics;observations-instruments;climate-variability-change;statistics-causal-ml,observation;numerical_modeling;statistical_ml,train
https://doi.org/10.1175/waf-d-19-0106.1,Assessment of ECMWF SEAS5 Seasonal Forecast Performance over South America,2019,Weather and Forecasting,dynamics-weather-systems;forecasting-predictability;climate-variability-change,numerical_modeling;review_synthesis,train
https://doi.org/10.1175/waf-d-19-0107.1,Regional September Sea Ice Forecasting with Complex Networks and Gaussian Processes,2020,Weather and Forecasting,dynamics-weather-systems;forecasting-predictability;observations-instruments;climate-variability-change,unspecified,train
https://doi.org/10.1175/waf-d-19-0115.1,Using Near-Ground Storm Relative Helicity in Supercell Tornado Forecasting,2019,Weather and Forecasting,dynamics-weather-systems;forecasting-predictability;climate-variability-change,numerical_modeling,train
https://doi.org/10.1175/waf-d-19-0148.1,Improving Air Quality Predictions over the United States with an Analog Ensemble,2020,Weather and Forecasting,forecasting-predictability;atmospheric-chemistry;aerosols;air-quality-exposure,numerical_modeling,blind_test
https://doi.org/10.1175/waf-d-19-0158.1,Use of the Autoregressive Integrated Moving Average (ARIMA) Model to Forecast Near-Term Regional Temperature and Precipitation,2020,Weather and Forecasting,forecasting-predictability;cloud-precipitation-microphysics;climate-variability-change;extremes;hydrometeorology,numerical_modeling,train
https://doi.org/10.1175/waf-d-19-0159.1,Development of a Probabilistic Subfreezing Road Temperature Nowcast and Forecast Using Machine Learning,2020,Weather and Forecasting,forecasting-predictability;statistics-causal-ml,statistical_ml,train
https://doi.org/10.1175/waf-d-19-0170.1,Classifying Convective Storms Using Machine Learning,2019,Weather and Forecasting,dynamics-weather-systems;cloud-precipitation-microphysics;observations-instruments;climate-variability-change;statistics-causal-ml,observation;numerical_modeling;statistical_ml,train
https://doi.org/10.1175/waf-d-19-0216.1,A Hazard Multiple: Overlapping Tornado and Flash Flood Warnings in a National Weather Service Forecast Office in the Southeastern United States,2020,Weather and Forecasting,forecasting-predictability;extremes,unspecified,blind_test
https://doi.org/10.1175/waf-d-19-0217.1,Subseasonal Predictions of Tropical Cyclone Occurrence and ACE in the S2S Dataset,2020,Weather and Forecasting,dynamics-weather-systems;forecasting-predictability;remote-sensing-retrieval;climate-variability-change,remote_sensing;numerical_modeling,development
https://doi.org/10.1175/waf-d-19-0235.1,Seasonal Forecast Skill of ENSO Teleconnection Maps,2020,Weather and Forecasting,forecasting-predictability;climate-variability-change,numerical_modeling,train
https://doi.org/10.1175/waf-d-19-0236.1,Evaluation of Simulated Winter Precipitation Using WRF-ARW during the ICE-POP 2018 Field Campaign,2020,Weather and Forecasting,cloud-precipitation-microphysics;aerosols;observations-instruments;numerical-weather-prediction,observation;numerical_modeling,train
https://doi.org/10.1175/waf-d-19-0242.1,"NOAA ProbSevere v2.0—ProbHail, ProbWind, and ProbTor",2020,Weather and Forecasting,climate-variability-change;extremes,numerical_modeling;review_synthesis,train
https://doi.org/10.1175/waf-d-19-0253.1,Understanding Error Distributions of Hurricane Intensity Forecasts during Rapid Intensity Changes,2020,Weather and Forecasting,dynamics-weather-systems;forecasting-predictability;remote-sensing-retrieval;climate-variability-change;quality-control-uncertainty,remote_sensing;numerical_modeling,train
https://doi.org/10.1175/waf-d-19-0258.1,Generating Probabilistic Next-Day Severe Weather Forecasts from Convection-Allowing Ensembles Using Random Forests,2020,Weather and Forecasting,dynamics-weather-systems;forecasting-predictability;climate-variability-change;extremes;statistics-causal-ml,numerical_modeling;review_synthesis,train
https://doi.org/10.1175/waf-d-19-0259.1,The Canadian Seasonal to Interannual Prediction System Version 2 (CanSIPSv2),2020,Weather and Forecasting,dynamics-weather-systems;forecasting-predictability;climate-variability-change,numerical_modeling,train
https://doi.org/10.1175/waf-d-20-0015.1,A Consensus Approach for Estimating Tropical Cyclone Intensity from Meteorological Satellites: SATCON,2020,Weather and Forecasting,dynamics-weather-systems;remote-sensing-retrieval;climate-variability-change,remote_sensing;numerical_modeling,train
https://doi.org/10.1175/waf-d-20-0027.1,Pyrocumulonimbus Firepower Threshold: Assessing the Atmospheric Potential for pyroCb,2020,Weather and Forecasting,unclassified,numerical_modeling,blind_test
https://doi.org/10.1175/waf-d-20-0054.1,Subseasonal Precipitation Prediction for Africa: Forecast Evaluation and Sources of Predictability,2020,Weather and Forecasting,forecasting-predictability;cloud-precipitation-microphysics;observations-instruments;climate-variability-change,observation;numerical_modeling,train
https://doi.org/10.1175/waf-d-20-0059.1,Recent Progress in Tropical Cyclone Intensity Forecasting at the National Hurricane Center,2020,Weather and Forecasting,dynamics-weather-systems;forecasting-predictability;climate-variability-change,numerical_modeling,development
https://doi.org/10.1175/waf-d-20-0069.1,What Does a Convection-Allowing Ensemble of Opportunity Buy Us in Forecasting Thunderstorms?,2020,Weather and Forecasting,dynamics-weather-systems;forecasting-predictability;climate-variability-change,numerical_modeling,blind_test
https://doi.org/10.1175/waf-d-20-0104.1,Deep Learning Experiments for Tropical Cyclone Intensity Forecasts,2021,Weather and Forecasting,dynamics-weather-systems;forecasting-predictability;remote-sensing-retrieval;statistics-causal-ml,remote_sensing;numerical_modeling,blind_test
https://doi.org/10.1175/waf-d-20-0153.1,Near-Ground Wind Profiles of Tornadic and Nontornadic Environments in the United States and Europe from ERA5 Reanalyses,2020,Weather and Forecasting,dynamics-weather-systems;climate-variability-change,numerical_modeling;reanalysis,train
https://doi.org/10.1175/waf-d-21-0028.1,The September 2020 Wildfires over the Pacific Northwest,2021,Weather and Forecasting,climate-variability-change,unspecified,train
https://doi.org/10.1175/waf-d-21-0091.1,Hurricane Forecasting: A Novel Multimodal Machine Learning Framework,2022,Weather and Forecasting,dynamics-weather-systems;forecasting-predictability;climate-variability-change;statistics-causal-ml,numerical_modeling;statistical_ml,development
https://doi.org/10.1175/waf-d-21-0103.1,A Simple Model for Predicting the Tropical Cyclone Radius of Maximum Wind from Outer Size,2022,Weather and Forecasting,dynamics-weather-systems;remote-sensing-retrieval;climate-variability-change,remote_sensing;numerical_modeling,train
https://doi.org/10.1175/waf-d-21-0112.1,The Development of the NCEP Global Ensemble Forecast System Version 12,2022,Weather and Forecasting,dynamics-weather-systems;forecasting-predictability;climate-variability-change,numerical_modeling,train
https://doi.org/10.1175/waf-d-21-0130.1,The High-Resolution Rapid Refresh (HRRR): An Hourly Updating Convection-Allowing Forecast Model. Part II: Forecast Performance,2022,Weather and Forecasting,dynamics-weather-systems;forecasting-predictability;numerical-weather-prediction;climate-variability-change,numerical_modeling,blind_test
https://doi.org/10.1175/waf-d-21-0151.1,The High-Resolution Rapid Refresh (HRRR): An Hourly Updating Convection-Allowing Forecast Model. Part I: Motivation and System Description,2022,Weather and Forecasting,dynamics-weather-systems;forecasting-predictability;numerical-weather-prediction;climate-variability-change,numerical_modeling,train
https://doi.org/10.1175/waf-d-21-0163.1,Subseasonal Earth System Prediction with CESM2,2022,Weather and Forecasting,dynamics-weather-systems;forecasting-predictability;atmospheric-chemistry;climate-variability-change;earth-system-models,numerical_modeling,train
https://doi.org/10.1175/waf-d-22-0187.1,A Machine Learning Tutorial for Operational Meteorology. Part II: Neural Networks and Deep Learning,2023,Weather and Forecasting,observations-instruments;statistics-causal-ml,statistical_ml,train
https://doi.org/10.16993/tellusb.26,The Climatic Role of Interactive Leaf Phenology in the Vegetation- Atmosphere System of Radiative-Convective Equilibrium Storm-Resolving Simulations,2022,Tellus B: Chemical and Physical Meteorology,dynamics-weather-systems;atmospheric-radiation;climate-variability-change;land-atmosphere,numerical_modeling,train
https://doi.org/10.16993/tellusb.27,Exploring Satellite-Derived Relationships between Cloud Droplet Number Concentration and Liquid Water Path Using a Large-Domain Large-Eddy Simulation,2022,Tellus B: Chemical and Physical Meteorology,boundary-layer-turbulence;cloud-precipitation-microphysics;atmospheric-chemistry;aerosols;remote-sensing-retrieval,remote_sensing;numerical_modeling,development
https://doi.org/10.16993/tellusb.33,ISORROPIA-Lite: A Comprehensive Atmospheric Aerosol Thermodynamics Module for Earth System Models,2022,Tellus B: Chemical and Physical Meteorology,dynamics-weather-systems;atmospheric-chemistry;aerosols;earth-system-models,numerical_modeling,train
https://doi.org/10.16993/tellusb.34,Tropical and Boreal Forest – Atmosphere Interactions: A Review,2022,Tellus B: Chemical and Physical Meteorology,cloud-precipitation-microphysics;atmospheric-chemistry;aerosols,review_synthesis,train
https://doi.org/10.3402/tellusb.v68.26206,"Factors controlling stable isotope composition of precipitation in arid conditions: an observation network in the Tianshan Mountains, central Asia",2016,Tellus B: Chemical and Physical Meteorology,cloud-precipitation-microphysics;atmospheric-chemistry;observations-instruments;climate-variability-change,observation;numerical_modeling,train
https://doi.org/10.3402/tellusb.v68.27034,Gas transfer velocity in the presence of wave breaking,2016,Tellus B: Chemical and Physical Meteorology,dynamics-weather-systems;remote-sensing-retrieval;ocean-atmosphere,remote_sensing,train
https://doi.org/10.3402/tellusb.v68.27343,Precipitation scavenging of aerosol particles at a rural site in the Czech Republic,2016,Tellus B: Chemical and Physical Meteorology,cloud-precipitation-microphysics;atmospheric-chemistry;aerosols;air-quality-exposure,unspecified,train
https://doi.org/10.3402/tellusb.v68.27922,Different sub-monsoon signals in stable oxygen isotope in daily precipitation to the northeast of the Tibetan Plateau,2016,Tellus B: Chemical and Physical Meteorology,dynamics-weather-systems;cloud-precipitation-microphysics;atmospheric-chemistry;climate-variability-change,numerical_modeling,blind_test
https://doi.org/10.3402/tellusb.v68.28506,Observation of atmospheric CO2 and CO at Shangri-La station: results from the only regional station located at southwestern China,2016,Tellus B: Chemical and Physical Meteorology,dynamics-weather-systems;atmospheric-chemistry;aerosols;observations-instruments,observation,train
https://doi.org/10.3402/tellusb.v68.28968,Decadal trends in the seasonal-cycle amplitude of terrestrial CO2 exchange resulting from the ensemble of terrestrial biosphere models,2016,Tellus B: Chemical and Physical Meteorology,dynamics-weather-systems;forecasting-predictability;atmospheric-chemistry;aerosols;climate-variability-change;land-atmosphere,numerical_modeling,development
https://doi.org/10.3402/tellusb.v68.29020,Horizontal scales of ice-supersaturated regions,2016,Tellus B: Chemical and Physical Meteorology,atmospheric-chemistry;aerosols,unspecified,train
https://doi.org/10.3402/tellusb.v68.29191,The visible spectroscopy of iron oxide minerals in dust particles from ice cores on the Tibetan Plateau,2016,Tellus B: Chemical and Physical Meteorology,atmospheric-chemistry;aerosols;paleoclimate,unspecified,train
https://doi.org/10.3402/tellusb.v68.29250,Ultrafine particles over Germany – an aerial survey,2016,Tellus B: Chemical and Physical Meteorology,cloud-precipitation-microphysics;atmospheric-chemistry;aerosols;air-quality-exposure,unspecified,development
https://doi.org/10.3402/tellusb.v68.29285,Spatial distributions of soluble salts in surface snow of East Antarctica,2016,Tellus B: Chemical and Physical Meteorology,dynamics-weather-systems;observations-instruments,observation,train
https://doi.org/10.3402/tellusb.v68.29484,"The first twenty years (1994–2014) of ozone soundings from Rapa Nui (27°S, 109°W, 51m a.s.l.)",2016,Tellus B: Chemical and Physical Meteorology,atmospheric-chemistry;aerosols,unspecified,train
https://doi.org/10.3402/tellusb.v68.29534,Seasonality of 7Be concentrations in Europe and influence of tropopause height,2016,Tellus B: Chemical and Physical Meteorology,atmospheric-chemistry;observations-instruments;climate-variability-change,observation;numerical_modeling,blind_test
https://doi.org/10.3402/tellusb.v68.29706,Coupling an aerosol box model with one-dimensional flow: a tool for understanding observations of new particle formation events,2016,Tellus B: Chemical and Physical Meteorology,cloud-precipitation-microphysics;atmospheric-chemistry;aerosols;air-quality-exposure;observations-instruments,observation;numerical_modeling,train
https://doi.org/10.3402/tellusb.v68.29751,Modelling of a strong dust event in the complex terrain of the Dead Sea valley during the passage of a gust front,2016,Tellus B: Chemical and Physical Meteorology,dynamics-weather-systems;cloud-precipitation-microphysics;atmospheric-chemistry;aerosols,numerical_modeling,train
https://doi.org/10.3402/tellusb.v68.29812,Aerosol data assimilation and forecasting experiments using aircraft and surface observations during CalNex,2016,Tellus B: Chemical and Physical Meteorology,forecasting-predictability;cloud-precipitation-microphysics;atmospheric-chemistry;aerosols;observations-instruments;numerical-weather-prediction,observation;numerical_modeling,train
https://doi.org/10.3402/tellusb.v68.29972,Ship-based observations of atmospheric potential oxygen and regional air–sea O2 flux in the northern North Pacific and the Arctic Ocean,2016,Tellus B: Chemical and Physical Meteorology,dynamics-weather-systems;observations-instruments;ocean-atmosphere,observation,development
https://doi.org/10.3402/tellusb.v68.30198,Air–sea gas exchange in the North Atlantic: 3He/SF6 experiment during GasEx-98,2016,Tellus B: Chemical and Physical Meteorology,dynamics-weather-systems;climate-variability-change,numerical_modeling,train
https://doi.org/10.3402/tellusb.v68.30305,Variability and trends of carbon parameters at a time series in the eastern tropical Atlantic,2016,Tellus B: Chemical and Physical Meteorology,ocean-atmosphere,unspecified,blind_test
https://doi.org/10.3402/tellusb.v68.30397,Water stable isotopes in the Yarlungzangbo headwater region and its vicinity of the southwestern Tibetan Plateau,2016,Tellus B: Chemical and Physical Meteorology,atmospheric-chemistry;climate-variability-change;hydrometeorology,numerical_modeling,train
https://doi.org/10.3402/tellusb.v68.30467,Tundra permafrost thaw causes significant shifts in energy partitioning,2016,Tellus B: Chemical and Physical Meteorology,observations-instruments;climate-variability-change;land-atmosphere,observation,train
https://doi.org/10.3402/tellusb.v68.30545,"Spatio-temporal variability of CO and O3 in Hyderabad (17°N, 78°E), central India, based on MOZAIC and TES observations and WRF-Chem and MOZART-4 models",2016,Tellus B: Chemical and Physical Meteorology,dynamics-weather-systems;atmospheric-chemistry;aerosols;observations-instruments;numerical-weather-prediction,observation;numerical_modeling,train
https://doi.org/10.3402/tellusb.v68.30575,Direct and indirect effects of climatic variations on the interannual variability in net ecosystem exchange across terrestrial ecosystems,2016,Tellus B: Chemical and Physical Meteorology,dynamics-weather-systems,unspecified,train
https://doi.org/10.3402/tellusb.v68.30659,Chemical characterisation and source apportionment of PM1 during massive loading at an urban location in Indo-Gangetic Plain: impact of local sources and long-range transport,2016,Tellus B: Chemical and Physical Meteorology,cloud-precipitation-microphysics;atmospheric-chemistry;aerosols;air-quality-exposure;land-atmosphere,unspecified,development
https://doi.org/10.3402/tellusb.v68.30666,Biomass burning contributions to urban PM2.5 along the coastal lines of southeastern China,2016,Tellus B: Chemical and Physical Meteorology,atmospheric-chemistry;aerosols;air-quality-exposure;land-atmosphere,unspecified,train
https://doi.org/10.3402/tellusb.v68.30967,Radon as a tracer of atmospheric influences on traffic-related air pollution in a small inland city,2016,Tellus B: Chemical and Physical Meteorology,atmospheric-chemistry;aerosols;air-quality-exposure;observations-instruments,observation,train
https://doi.org/10.3402/tellusb.v68.31518,Stable carbon and nitrogen isotopic composition of fine mode aerosols (PM2.5) over the Bay of Bengal: impact of continental sources,2016,Tellus B: Chemical and Physical Meteorology,cloud-precipitation-microphysics;atmospheric-chemistry;aerosols;air-quality-exposure,unspecified,train
https://doi.org/10.3402/tellusb.v68.31682,Using the Wasserstein distance to compare fields of pollutants: application to the radionuclide atmospheric dispersion of the Fukushima-Daiichi accident,2016,Tellus B: Chemical and Physical Meteorology,observations-instruments,observation,train
https://doi.org/10.3402/tellusb.v68.32803,Currents and convection cause enhanced gas exchange in the ice–water boundary layer,2016,Tellus B: Chemical and Physical Meteorology,dynamics-weather-systems;boundary-layer-turbulence;observations-instruments,observation,train
https://doi.org/10.4209/aaqr.200619,"First Measurements of Ambient PM2.5 in Kinshasa, Democratic Republic of Congo and Brazzaville, Republic of Congo Using Field-calibrated Low-cost Sensors",2021,Aerosol and Air Quality Research,forecasting-predictability;air-quality-exposure;observations-instruments;climate-variability-change,observation,train
https://doi.org/10.4209/aaqr.2014.11.0273,A New Approach for Site Selection of Air Quality Monitoring Stations: Multi-Criteria Decision-Making,2016,Aerosol and Air Quality Research,air-quality-exposure,observation;review_synthesis,blind_test
https://doi.org/10.4209/aaqr.2015.08.0528,Assessment of Airborne Particles in Indoor Environments: Applicability of Particle Counting for Prediction of Bioaerosol Concentrations,2016,Aerosol and Air Quality Research,forecasting-predictability;aerosols;air-quality-exposure,review_synthesis,train
https://doi.org/10.4209/aaqr.2015.11.0628,"Association of Particulate Matter Impact on Prevalence of Chronic Obstructive Pulmonary Disease in Ahvaz, Southwest Iran during 2009-2013",2017,Aerosol and Air Quality Research,forecasting-predictability;aerosols;air-quality-exposure,unspecified,train
https://doi.org/10.4209/aaqr.2015.12.0698,Challenges and Perspectives on Carbon Fixation and Utilization Technologies: An Overview,2016,Aerosol and Air Quality Research,unclassified,review_synthesis,train
https://doi.org/10.4209/aaqr.2016.01.0014,"Isotherm, Thermodynamic and Kinetic Studies of Selective CO2 Adsorption on Chemically Modified Carbon Surfaces",2016,Aerosol and Air Quality Research,dynamics-weather-systems;atmospheric-chemistry,unspecified,train
https://doi.org/10.4209/aaqr.2016.02.0081,Analysing Temporal Trends in the Ratios of PM2.5/PM10 in the UK,2016,Aerosol and Air Quality Research,forecasting-predictability;atmospheric-chemistry;aerosols;air-quality-exposure,unspecified,train
https://doi.org/10.4209/aaqr.2016.02.0087,"Airborne Bacterial Communities of PM2.5 in Beijing-Tianjin-Hebei Megalopolis, China as Revealed by Illumina MiSeq Sequencing: A Case Study",2016,Aerosol and Air Quality Research,air-quality-exposure,unspecified,train
https://doi.org/10.4209/aaqr.2016.03.0117,"Analysing PM2.5 and its Association with PM10 and Meteorology in the Arid Climate of Makkah, Saudi Arabia",2016,Aerosol and Air Quality Research,forecasting-predictability;atmospheric-chemistry;aerosols;air-quality-exposure,unspecified,development
https://doi.org/10.4209/aaqr.2016.03.0120,"Particulate Matter, Ozone, and Nitrogen Species in Aged Wildfire Plumes Observed at the Mount Bachelor Observatory",2016,Aerosol and Air Quality Research,dynamics-weather-systems;atmospheric-chemistry;aerosols,unspecified,train
https://doi.org/10.4209/aaqr.2016.05.0198,"Chemical Characterization of Indoor and Outdoor Particulate Matter (PM2.5, PM10) in Doha, Qatar",2017,Aerosol and Air Quality Research,forecasting-predictability;atmospheric-chemistry;aerosols;air-quality-exposure,unspecified,train
https://doi.org/10.4209/aaqr.2016.06.0256,Filtration Properties of Nanofiber/Microfiber Mixed Filter and Prediction of its Performance,2017,Aerosol and Air Quality Research,forecasting-predictability;cloud-precipitation-microphysics;aerosols;observations-instruments;climate-variability-change,unspecified,blind_test
https://doi.org/10.4209/aaqr.2016.06.0262,Significance of PM2.5 Air Quality at the Indian Capital,2016,Aerosol and Air Quality Research,air-quality-exposure;climate-variability-change,unspecified,blind_test
https://doi.org/10.4209/aaqr.2016.07.0307,"Trends of PM2.5 and Chemical Composition in Beijing, 2000-2015",2017,Aerosol and Air Quality Research,forecasting-predictability;atmospheric-chemistry;aerosols;air-quality-exposure,unspecified,development
https://doi.org/10.4209/aaqr.2016.08.0350,Satellite-Surface Perspectives of Air Quality and Aerosol-Cloud Effects on the Environment: An Overview of 7-SEAS/BASELInE,2016,Aerosol and Air Quality Research,cloud-precipitation-microphysics;atmospheric-chemistry;aerosols;air-quality-exposure;remote-sensing-retrieval,remote_sensing;review_synthesis,train
https://doi.org/10.4209/aaqr.2016.09.0406,"Spatial and Temporal Variability of the PM2.5/PM10 Ratio in Wuhan, Central China",2017,Aerosol and Air Quality Research,forecasting-predictability;atmospheric-chemistry;aerosols;air-quality-exposure,unspecified,train
https://doi.org/10.4209/aaqr.2016.10.0437,Capture of Sub-500 nm Particles Using Residential Electret HVAC Filter Media-Experiments and Modeling,2016,Aerosol and Air Quality Research,cloud-precipitation-microphysics;aerosols,numerical_modeling,train
https://doi.org/10.4209/aaqr.2016.10.0463,"Chemical Composition Characteristics of PM2.5 in Three Cities in Henan, Central China",2017,Aerosol and Air Quality Research,forecasting-predictability;atmospheric-chemistry;air-quality-exposure,review_synthesis,train
https://doi.org/10.4209/aaqr.2016.12.0528,"Testing Water Yield, Efficiency of Different Meshes and Water Quality with a Novel Fog Collector for High Wind Speeds",2017,Aerosol and Air Quality Research,unclassified,unspecified,train
https://doi.org/10.4209/aaqr.2016.12.0564,"Study on Catalytic Soot Oxidation over Spinel Type ACo2O4 (A = Co, Ni, Cu, Zn) Catalysts",2017,Aerosol and Air Quality Research,atmospheric-chemistry,unspecified,train
https://doi.org/10.4209/aaqr.2017.01.0013,Effect of MnO2 Crystalline Structure on the Catalytic Oxidation of Formaldehyde,2017,Aerosol and Air Quality Research,atmospheric-chemistry;aerosols,unspecified,blind_test
https://doi.org/10.4209/aaqr.2017.01.0021,"A Case Study on Fog/Low Stratus Occurrence at Las Lomitas, Atacama Desert (Chile) as a Water Source for Biological Soil Crusts",2017,Aerosol and Air Quality Research,dynamics-weather-systems;land-atmosphere,unspecified,train
https://doi.org/10.4209/aaqr.2017.01.0022,"ENSO Influence on Coastal Fog-Water Yield in the Atacama Desert, Chile",2017,Aerosol and Air Quality Research,climate-variability-change,numerical_modeling,development
https://doi.org/10.4209/aaqr.2017.01.0040,Fog Water Collection Effectiveness: Mesh Intercomparisons,2017,Aerosol and Air Quality Research,quality-control-uncertainty,unspecified,train
https://doi.org/10.4209/aaqr.2017.01.0060,"Fog Water Chemical Composition on Ailaoshan Mountain, Yunnan Province, SW China",2017,Aerosol and Air Quality Research,dynamics-weather-systems;atmospheric-chemistry;land-atmosphere,unspecified,blind_test
https://doi.org/10.4209/aaqr.2017.03.0108,"Chemical Characterization and Source Apportionment of PM2.5 during Spring and Winter in the Yangtze River Delta, China",2017,Aerosol and Air Quality Research,forecasting-predictability;atmospheric-chemistry;aerosols;air-quality-exposure,unspecified,train
https://doi.org/10.4209/aaqr.2017.03.0112,"Characteristics, Sources, and Health Risk Assessment of Trace Elements in PM10 at an Urban Site in Chengdu, Southwest China",2017,Aerosol and Air Quality Research,air-quality-exposure;land-atmosphere,review_synthesis,train
https://doi.org/10.4209/aaqr.2017.04.0127,Chemical Composition of Diesel/Biodiesel Particulate Exhaust by FTIR Spectroscopy and Mass Spectrometry: Impact of Fuel and Driving Cycle,2017,Aerosol and Air Quality Research,atmospheric-chemistry;aerosols,unspecified,blind_test
https://doi.org/10.4209/aaqr.2017.04.0128,"Estimation of Mortality and Hospital Admissions Attributed to Criteria Air Pollutants in Tehran Metropolis, Iran (2013-2016)",2017,Aerosol and Air Quality Research,air-quality-exposure,unspecified,train
https://doi.org/10.4209/aaqr.2017.08.0282,High Selectivity of Visible-Light-Driven La-doped TiO2 Photocatalysts for NO Removal,2017,Aerosol and Air Quality Research,unclassified,unspecified,train
https://doi.org/10.4209/aaqr.2017.09.0340,On the Morphology and Composition of Particulate Matter in an Urban Environment,2018,Aerosol and Air Quality Research,forecasting-predictability;atmospheric-chemistry;aerosols;air-quality-exposure;land-atmosphere,unspecified,train
https://doi.org/10.4209/aaqr.2017.10.0368,Ozone in China: Spatial Distribution and Leading Meteorological Factors Controlling O3 in 16 Chinese Cities,2018,Aerosol and Air Quality Research,atmospheric-chemistry;aerosols;air-quality-exposure,unspecified,train
https://doi.org/10.4209/aaqr.2017.10.0418,Field Test of Several Low-Cost Particulate Matter Sensors in High and Low Concentration Urban Environments,2018,Aerosol and Air Quality Research,forecasting-predictability;atmospheric-chemistry;aerosols;air-quality-exposure;observations-instruments;climate-variability-change;land-atmosphere,unspecified,blind_test
https://doi.org/10.4209/aaqr.2017.11.0440,Increasing Potential for Air Pollution over Megacity New Delhi: A Study Based on 2016 Diwali Episode,2018,Aerosol and Air Quality Research,atmospheric-chemistry;aerosols;air-quality-exposure,unspecified,development
https://doi.org/10.4209/aaqr.2017.11.0465,Ambient Air Quality in Dhaka Bangladesh over Two Decades: Impacts of Policy on Air Quality,2018,Aerosol and Air Quality Research,forecasting-predictability;air-quality-exposure,unspecified,train
https://doi.org/10.4209/aaqr.2017.11.0466,Seasonal Variation in Culturable Bioaerosols in a Wastewater Treatment Plant,2018,Aerosol and Air Quality Research,aerosols;air-quality-exposure,unspecified,blind_test
https://doi.org/10.4209/aaqr.2017.11.0502,"Mass Concentrations and Carbonaceous Compositions of PM0.1, PM2.5, and PM10 at Urban Locations of Hanoi, Vietnam",2018,Aerosol and Air Quality Research,atmospheric-chemistry;aerosols;air-quality-exposure;land-atmosphere,unspecified,train
https://doi.org/10.4209/aaqr.2017.11.0536,Potassium: A Tracer for Biomass Burning in Beijing?,2018,Aerosol and Air Quality Research,atmospheric-chemistry;aerosols;air-quality-exposure,unspecified,train
https://doi.org/10.4209/aaqr.2017.12.0567,"Elemental Composition and Source Apportionment of Fine and Coarse Particles at Traffic and Urban Background Locations in Athens, Greece",2018,Aerosol and Air Quality Research,atmospheric-chemistry;aerosols;air-quality-exposure;land-atmosphere,unspecified,train
https://doi.org/10.4209/aaqr.2017.12.0583,Agricultural Burning and Air Quality over Northern India: A Synergistic Analysis using NASA’s A-train Satellite Data and Ground Measurements,2018,Aerosol and Air Quality Research,cloud-precipitation-microphysics;atmospheric-chemistry;aerosols;air-quality-exposure;remote-sensing-retrieval;observations-instruments,observation;remote_sensing,blind_test
https://doi.org/10.4209/aaqr.2017.12.0604,"Identification of Sources from Chemical Characterization of Fine Particulate Matter and Assessment of Ambient Air Quality in Dhaka, Bangladesh",2018,Aerosol and Air Quality Research,atmospheric-chemistry;aerosols;air-quality-exposure;observations-instruments,observation;review_synthesis,development
https://doi.org/10.4209/aaqr.2018.01.0031,"Quantity, Size Distribution, and Characteristics of Cough-generated Aerosol Produced by Patients with an Upper Respiratory Tract Infection",2018,Aerosol and Air Quality Research,aerosols;air-quality-exposure,unspecified,train
https://doi.org/10.4209/aaqr.2018.03.0081,Trend of Air Quality in Seoul: Policy and Science,2018,Aerosol and Air Quality Research,atmospheric-chemistry;aerosols;air-quality-exposure,unspecified,train
https://doi.org/10.4209/aaqr.2018.03.0093,An Overview: Reaction Mechanisms and Modelling of CO2 Utilization via Mineralization,2018,Aerosol and Air Quality Research,unclassified,numerical_modeling;review_synthesis,train
https://doi.org/10.4209/aaqr.2018.03.0099,Tire Abrasion as a Major Source of Microplastics in the Environment,2018,Aerosol and Air Quality Research,air-quality-exposure,unspecified,development
https://doi.org/10.4209/aaqr.2018.03.0107,Impacts and Effects Indicators of Atmospheric Deposition of Major Pollutants to Various Ecosystems - A Review,2018,Aerosol and Air Quality Research,forecasting-predictability;air-quality-exposure,review_synthesis,train
https://doi.org/10.4209/aaqr.2018.04.0131,"Chemical Composition of Particulate Matter from Traffic Emissions in a Road Tunnel in Xi’an, China",2018,Aerosol and Air Quality Research,atmospheric-chemistry;aerosols;air-quality-exposure,unspecified,development
https://doi.org/10.4209/aaqr.2018.06.0238,"Urban-scale SALSCS, Part I: Experimental Evaluation and Numerical Modeling of a Demonstration Unit",2018,Aerosol and Air Quality Research,land-atmosphere,numerical_modeling,train
https://doi.org/10.4209/aaqr.2018.09.0344,Effects of Wind Direction on the Airflow and Pollutant Dispersion inside a Long Street Canyon,2019,Aerosol and Air Quality Research,dynamics-weather-systems,unspecified,development
https://doi.org/10.4209/aaqr.2018.09.0348,Synoptic Weather Patterns and Associated Air Pollution in Taiwan,2019,Aerosol and Air Quality Research,cloud-precipitation-microphysics;atmospheric-chemistry;aerosols;air-quality-exposure;climate-variability-change,numerical_modeling,train
https://doi.org/10.4209/aaqr.2018.10.0372,Preparation of CoFe2O4-Graphene Composites Using Aerosol Spray Pyrolysis for Supercapacitors Application,2018,Aerosol and Air Quality Research,aerosols,unspecified,development
https://doi.org/10.4209/aaqr.2018.10.0390,Low-cost PM2.5 Sensors: An Assessment of Their Suitability for Various Applications,2020,Aerosol and Air Quality Research,forecasting-predictability;atmospheric-chemistry;aerosols;air-quality-exposure;observations-instruments;climate-variability-change,review_synthesis,development
https://doi.org/10.4209/aaqr.2018.11.0394,"Using Low-cost sensors to Quantify the Effects of Air Filtration on Indoor and Personal Exposure Relevant PM2.5 Concentrations in Beijing, China",2019,Aerosol and Air Quality Research,forecasting-predictability;air-quality-exposure;observations-instruments;climate-variability-change,unspecified,train
https://doi.org/10.4209/aaqr.2018.12.0450,Evaluation of Different Machine Learning Approaches to Forecasting PM2.5 Mass Concentrations,2019,Aerosol and Air Quality Research,forecasting-predictability;air-quality-exposure;statistics-causal-ml,statistical_ml,train
https://doi.org/10.4209/aaqr.2018.12.0452,"Seasonal Variations, Source Apportionment, and Health Risk Assessment of Heavy Metals in PM2.5 in Ningbo, China",2019,Aerosol and Air Quality Research,air-quality-exposure,review_synthesis,train
https://doi.org/10.4209/aaqr.2018.12.0471,"Current Status of Fine Particulate Matter (PM2.5) in Vietnam’s Most Populous City, Ho Chi Minh City",2019,Aerosol and Air Quality Research,aerosols;air-quality-exposure;land-atmosphere,unspecified,train
https://doi.org/10.4209/aaqr.2018.12.0485,Evaluation of Nine Low-cost-sensor-based Particulate Matter Monitors,2019,Aerosol and Air Quality Research,forecasting-predictability;aerosols;air-quality-exposure;observations-instruments;climate-variability-change,unspecified,blind_test
https://doi.org/10.4209/aaqr.2019.01.0027,"Impact of Extreme Meteorological Events on Ozone in the Pearl River Delta, China",2019,Aerosol and Air Quality Research,atmospheric-chemistry;aerosols;extremes;ocean-atmosphere,unspecified,development
https://doi.org/10.4209/aaqr.2019.03.0106,"Impact of Fine Particulate Matter on Visibility at Incheon International Airport, South Korea",2020,Aerosol and Air Quality Research,aerosols;air-quality-exposure,unspecified,train
https://doi.org/10.4209/aaqr.2019.04.0177,Microstructure and Chemical Composition of Particles from Small-scale Gas Flaring,2019,Aerosol and Air Quality Research,atmospheric-chemistry,unspecified,train
https://doi.org/10.4209/aaqr.2019.04.0191,Chemical Characterization of Fine Particulate Matter in Gasoline and Diesel Vehicle Exhaust,2019,Aerosol and Air Quality Research,forecasting-predictability;atmospheric-chemistry;aerosols;air-quality-exposure,unspecified,train
https://doi.org/10.4209/aaqr.2019.04.0215,"Removal of Typical Industrial Gaseous Pollutants: From Carbon, Zeolite, and Metal-organic Frameworks to Molecularly Imprinted Adsorbents",2019,Aerosol and Air Quality Research,aerosols;observations-instruments;climate-variability-change,unspecified,train
https://doi.org/10.4209/aaqr.2019.06.0298,Comparison of Filter-based Absorption Measurements of Biomass Burning Aerosol and Background Aerosol at the Mt. Bachelor Observatory,2019,Aerosol and Air Quality Research,dynamics-weather-systems;atmospheric-chemistry;aerosols;air-quality-exposure;observations-instruments,observation,development
https://doi.org/10.4209/aaqr.2019.06.0327,Global Research Trends in Health Effects of Volatile Organic Compounds during the Last 16 Years: A Bibliometric Analysis,2019,Aerosol and Air Quality Research,forecasting-predictability;atmospheric-chemistry;air-quality-exposure;observations-instruments;climate-variability-change,unspecified,train
https://doi.org/10.4209/aaqr.2019.08.0408,Application of the XGBoost Machine Learning Method in PM2.5 Prediction: A Case Study of Shanghai,2019,Aerosol and Air Quality Research,forecasting-predictability;atmospheric-chemistry;aerosols;air-quality-exposure;statistics-causal-ml,statistical_ml,train
https://doi.org/10.4209/aaqr.2019.09.0455,Reduction in Carbon Dioxide Emission and Energy Savings Obtained by Using a Green Roof,2019,Aerosol and Air Quality Research,air-quality-exposure;land-atmosphere,unspecified,train
https://doi.org/10.4209/aaqr.2019.11.0568,Implementation Plan for Low-carbon Resilient City towards Sustainable Development Goals: Challenges and Perspectives,2020,Aerosol and Air Quality Research,climate-variability-change,review_synthesis,blind_test
https://doi.org/10.4209/aaqr.2019.12.0615,Evaluation of PM2.5 Surface Concentrations Simulated by NASA’s MERRA Version 2 Aerosol Reanalysis over India and its Relation to the Air Quality Index,2020,Aerosol and Air Quality Research,forecasting-predictability;atmospheric-chemistry;aerosols;air-quality-exposure,reanalysis,train
https://doi.org/10.4209/aaqr.2019.12.0651,Synthesis of Zeolites from Coal Fly Ash for Removal of Harmful Gaseous Pollutants: A Review,2020,Aerosol and Air Quality Research,unclassified,review_synthesis,train
https://doi.org/10.4209/aaqr.2020.02.0067,"Particle Deposition in Human Lung Airways: Effects of Airflow, Particle Size, and Mechanisms",2020,Aerosol and Air Quality Research,dynamics-weather-systems,unspecified,development
https://doi.org/10.4209/aaqr.2020.02.0074,"Urban Air Pollutant from Motor Vehicle Emissions in Kuala Lumpur, Malaysia",2020,Aerosol and Air Quality Research,air-quality-exposure;land-atmosphere,unspecified,train
https://doi.org/10.4209/aaqr.2020.02.0202,Collection of SARS-CoV-2 Virus from the Air of a Clinic within a University Student Health Care Center and Analyses of the Viral Genomic Sequence,2020,Aerosol and Air Quality Research,air-quality-exposure,unspecified,development
https://doi.org/10.4209/aaqr.2020.03.0097,Air Pollution Forecasting Using Artificial and Wavelet Neural Networks with Meteorological Conditions,2020,Aerosol and Air Quality Research,dynamics-weather-systems;forecasting-predictability;atmospheric-chemistry;aerosols;air-quality-exposure;observations-instruments;statistics-causal-ml,statistical_ml,train
https://doi.org/10.4209/aaqr.2020.04.0139,"Air Quality Index, Indicatory Air Pollutants and Impact of COVID-19 Event on the Air Quality near Central China",2020,Aerosol and Air Quality Research,forecasting-predictability;air-quality-exposure,unspecified,train
https://doi.org/10.4209/aaqr.2020.04.0150,Impact of the COVID-19 Event on Air Quality in Central China,2020,Aerosol and Air Quality Research,air-quality-exposure;climate-variability-change,unspecified,train
https://doi.org/10.4209/aaqr.2020.04.0158,A Letter about the Airborne Transmission of SARS-CoV-2 Based on the Current Evidence,2020,Aerosol and Air Quality Research,air-quality-exposure,unspecified,train
https://doi.org/10.4209/aaqr.2020.04.0163,"The Impact of Movement Control Order (MCO) during Pandemic COVID-19 on Local Air Quality in an Urban Area of Klang Valley, Malaysia",2020,Aerosol and Air Quality Research,forecasting-predictability;air-quality-exposure;land-atmosphere,unspecified,train
https://doi.org/10.4209/aaqr.2020.04.0171,"Social and Travel Lockdown Impact Considering Coronavirus Disease (COVID-19) on Air Quality in Megacities of India: Present Benefits, Future Challenges and Way Forward",2020,Aerosol and Air Quality Research,air-quality-exposure,unspecified,blind_test
https://doi.org/10.4209/aaqr.2020.04.0185,An Overview of Experiments and Numerical Simulations on Airflow and Aerosols Deposition in Human Airways and the Role of Bioaerosol Motion in COVID-19 Transmission,2020,Aerosol and Air Quality Research,cloud-precipitation-microphysics;aerosols,numerical_modeling,blind_test
https://doi.org/10.4209/aaqr.2020.05.0202,Collection of SARS-CoV-2 Virus from the Air of a Clinic within a University Student Health Care Center and Analyses of the Viral Genomic Sequence,2020,Aerosol and Air Quality Research,air-quality-exposure,unspecified,blind_test
https://doi.org/10.4209/aaqr.2020.05.0205,Impact of COVID-19 Event on the Air Quality in Iran,2020,Aerosol and Air Quality Research,air-quality-exposure,unspecified,train
https://doi.org/10.4209/aaqr.2020.05.0218,"Demystifying a Possible Relationship between COVID-19, Air Quality and Meteorological Factors: Evidence from Kuala Lumpur, Malaysia",2020,Aerosol and Air Quality Research,air-quality-exposure,unspecified,development
https://doi.org/10.4209/aaqr.2020.05.0224,Influence of COVID-19 Event on Air Quality and their Association in Mainland China,2020,Aerosol and Air Quality Research,air-quality-exposure,unspecified,train
https://doi.org/10.4209/aaqr.2020.05.0226,"Impact Assessment of COVID-19 on Variations of SO2, NO2, CO and AOD over East China",2020,Aerosol and Air Quality Research,air-quality-exposure,review_synthesis,train
https://doi.org/10.4209/aaqr.2020.05.0240,"COVID-19 Lockdowns Improve Air Quality in the South-East Asian Regions, as Seen by the Remote Sensing Satellites",2020,Aerosol and Air Quality Research,forecasting-predictability;air-quality-exposure;remote-sensing-retrieval,remote_sensing,train
https://doi.org/10.4209/aaqr.2020.05.0254,Drastic Improvements in Air Quality in Ecuador during the COVID-19 Outbreak,2020,Aerosol and Air Quality Research,air-quality-exposure,unspecified,train
https://doi.org/10.4209/aaqr.2020.05.0256,Examining Effects of the COVID-19 National Lockdown on Ambient Air Quality across Urban India,2020,Aerosol and Air Quality Research,forecasting-predictability;air-quality-exposure;land-atmosphere,unspecified,train
https://doi.org/10.4209/aaqr.2020.06.0302,An Overview on the Role of Relative Humidity in Airborne Transmission of SARS-CoV-2 in Indoor Environments,2020,Aerosol and Air Quality Research,air-quality-exposure,unspecified,blind_test
https://doi.org/10.4209/aaqr.2020.06.0303,Changes in Air Quality during the COVID-19 Lockdown in Singapore and Associations with Human Mobility Trends,2020,Aerosol and Air Quality Research,air-quality-exposure;climate-variability-change,unspecified,train
https://doi.org/10.4209/aaqr.2020.07.0403,Effect of Wearing Face Masks on the Carbon Dioxide Concentration in the Breathing Zone,2020,Aerosol and Air Quality Research,air-quality-exposure,unspecified,train
https://doi.org/10.4209/aaqr.2020.07.0439,Airborne Microplastics from Waste as a Transmission Vector for COVID-19,2020,Aerosol and Air Quality Research,air-quality-exposure,unspecified,development
https://doi.org/10.4209/aaqr.210046,Impact of Wildfire Smoke Events on Indoor Air Quality and Evaluation of a Low-cost Filtration Method,2021,Aerosol and Air Quality Research,air-quality-exposure,unspecified,train
https://doi.org/10.4209/aaqr.210117,Filtration Performance of Layering Masks and Face Coverings and the Reusability of Cotton Masks after Repeated Washing and Drying,2021,Aerosol and Air Quality Research,cloud-precipitation-microphysics;aerosols,unspecified,blind_test
https://doi.org/10.4209/aaqr.210163,Urban Air Quality Studies in Mongolia: Pollution Characteristics and Future Research Needs,2021,Aerosol and Air Quality Research,air-quality-exposure;land-atmosphere,unspecified,train
https://doi.org/10.4209/aaqr.210204,Analysis of Air Pollution Data in India between 2015 and 2019,2021,Aerosol and Air Quality Research,forecasting-predictability;air-quality-exposure,unspecified,train
https://doi.org/10.4209/aaqr.220008,Air Quality Assessment by Moss Biomonitoring and Trace Metals Atmospheric Deposition,2022,Aerosol and Air Quality Research,air-quality-exposure,review_synthesis,train
https://doi.org/10.4209/aaqr.220148,An Overview: Organophosphate Flame Retardants in the Atmosphere,2022,Aerosol and Air Quality Research,atmospheric-chemistry;aerosols,unspecified,train
https://doi.org/10.4209/aaqr.220235,Synthesis of Cu-BTC Metal-Organic Framework for CO2 Capture via Solvent-free Method: Effect of Metal Precursor and Molar Ratio,2022,Aerosol and Air Quality Research,unclassified,review_synthesis,train
https://doi.org/10.4209/aaqr.220448,Prediction of Hourly PM2.5 and PM10 Concentrations in Chongqing City in China Based on Artificial Neural Network,2023,Aerosol and Air Quality Research,forecasting-predictability;air-quality-exposure;observations-instruments;statistics-causal-ml,statistical_ml,train
https://doi.org/10.4209/aaqr.230151,Interpretable Machine Learning Approaches for Forecasting and Predicting Air Pollution: A Systematic Review,2023,Aerosol and Air Quality Research,forecasting-predictability;atmospheric-chemistry;aerosols;air-quality-exposure;statistics-causal-ml,statistical_ml;review_synthesis,train
https://doi.org/10.5194/acp-16-10333-2016,One-year simulation of ozone and particulate matter in China using WRF/CMAQ modeling system,2016,Atmospheric Chemistry and Physics,forecasting-predictability;atmospheric-chemistry;aerosols;air-quality-exposure;numerical-weather-prediction,numerical_modeling,train
https://doi.org/10.5194/acp-16-11477-2016,A comparative study of K-rich and Na/Ca-rich feldspar ice-nucleating particles in a nanoliter droplet freezing assay,2016,Atmospheric Chemistry and Physics,dynamics-weather-systems,unspecified,train
https://doi.org/10.5194/acp-16-11601-2016,The influence of temperature on ozone production under varying NO x conditions – a modelling study,2016,Atmospheric Chemistry and Physics,atmospheric-chemistry;aerosols,numerical_modeling,train
https://doi.org/10.5194/acp-16-11635-2016,"Source apportionment of atmospheric ammonia before, during, and after the 2014 APEC summit in Beijing using stable nitrogen isotope signatures",2016,Atmospheric Chemistry and Physics,atmospheric-chemistry;aerosols,unspecified,train
https://doi.org/10.5194/acp-16-11915-2016,Atmospheric mercury concentrations observed at ground-based monitoring sites globally distributed in the framework of the GMOS network,2016,Atmospheric Chemistry and Physics,observations-instruments,unspecified,development
https://doi.org/10.5194/acp-16-12239-2016,"Global impacts of tropospheric halogens (Cl, Br, I) on oxidants and composition in GEOS-Chem",2016,Atmospheric Chemistry and Physics,dynamics-weather-systems;atmospheric-chemistry;aerosols,unspecified,blind_test
https://doi.org/10.5194/acp-16-12477-2016,"Global tropospheric hydroxyl distribution, budget and reactivity",2016,Atmospheric Chemistry and Physics,dynamics-weather-systems;atmospheric-chemistry;aerosols,unspecified,blind_test
https://doi.org/10.5194/acp-16-13309-2016,The climatology of planetary boundary layer height in China derived from radiosonde and reanalysis data,2016,Atmospheric Chemistry and Physics,boundary-layer-turbulence;cloud-precipitation-microphysics;atmospheric-chemistry;aerosols,numerical_modeling;reanalysis,train
https://doi.org/10.5194/acp-16-13561-2016,Why do models overestimate surface ozone in the Southeast United States?,2016,Atmospheric Chemistry and Physics,atmospheric-chemistry;aerosols;air-quality-exposure,numerical_modeling,train
https://doi.org/10.5194/acp-16-14371-2016,Satellite observations of atmospheric methane and their value for quantifying methane emissions,2016,Atmospheric Chemistry and Physics,dynamics-weather-systems;atmospheric-chemistry;aerosols;remote-sensing-retrieval;observations-instruments,observation;remote_sensing,train
https://doi.org/10.5194/acp-16-14527-2016,Detection of atmospheric gaseous amines and amides by a high-resolution time-of-flight chemical ionization mass spectrometer with protonated ethanol reagent ions,2016,Atmospheric Chemistry and Physics,atmospheric-chemistry;aerosols;observations-instruments;climate-variability-change,unspecified,blind_test
https://doi.org/10.5194/acp-16-1603-2016,Aqueous-phase mechanism for secondary organic aerosol formation from isoprene: application to the southeast United States and co-benefit of SO 2 emission controls,2016,Atmospheric Chemistry and Physics,cloud-precipitation-microphysics;atmospheric-chemistry;aerosols,unspecified,train
https://doi.org/10.5194/acp-16-2043-2016,High-resolution ammonia emissions inventories in China from 1980 to 2012,2016,Atmospheric Chemistry and Physics,dynamics-weather-systems;atmospheric-chemistry;aerosols,unspecified,train
https://doi.org/10.5194/acp-16-2459-2016,"Mixing layer height and its implications for air pollution over Beijing, China",2016,Atmospheric Chemistry and Physics,dynamics-weather-systems;cloud-precipitation-microphysics;atmospheric-chemistry;aerosols;air-quality-exposure,unspecified,train
https://doi.org/10.5194/acp-16-2597-2016,Formaldehyde production from isoprene oxidation across NO x regimes,2016,Atmospheric Chemistry and Physics,atmospheric-chemistry;aerosols,unspecified,train
https://doi.org/10.5194/acp-16-3207-2016,New insights into PM 2.5 chemical composition and sources in two major cities in China during extreme haze events using aerosol mass spectrometry,2016,Atmospheric Chemistry and Physics,cloud-precipitation-microphysics;atmospheric-chemistry;aerosols;air-quality-exposure;extremes,unspecified,train
https://doi.org/10.5194/acp-16-3289-2016,AIRUSE-LIFE+: a harmonized PM speciation and source apportionment in five southern European cities,2016,Atmospheric Chemistry and Physics,atmospheric-chemistry;aerosols;air-quality-exposure,unspecified,train
https://doi.org/10.5194/acp-16-3327-2016,Molecular corridors and parameterizations of volatility in the chemical evolution of organic aerosols,2016,Atmospheric Chemistry and Physics,atmospheric-chemistry;aerosols;air-quality-exposure;model-evaluation-downscaling,unspecified,train
https://doi.org/10.5194/acp-16-3463-2016,A microphysics guide to cirrus clouds – Part 1: Cirrus types,2016,Atmospheric Chemistry and Physics,cloud-precipitation-microphysics;atmospheric-chemistry;aerosols,unspecified,train
https://doi.org/10.5194/acp-16-3761-2016,"Ice melt, sea level rise and superstorms: evidence from paleoclimate data, climate modeling, and modern observations that 2 °C global warming could be dangerous",2016,Atmospheric Chemistry and Physics,dynamics-weather-systems;atmospheric-chemistry;observations-instruments;climate-variability-change;paleoclimate,observation;numerical_modeling,train
https://doi.org/10.5194/acp-16-3825-2016,Forty years of improvements in European air quality: regional policy-industry interactions with global impacts,2016,Atmospheric Chemistry and Physics,atmospheric-chemistry;aerosols;air-quality-exposure,unspecified,train
https://doi.org/10.5194/acp-16-3865-2016,Oxidative potential of ambient water-soluble PM 2.5 in the southeastern United States: contrasts in sources and health associations between ascorbic acid (AA) and dithiothreitol (DTT) assays,2016,Atmospheric Chemistry and Physics,atmospheric-chemistry;aerosols;air-quality-exposure;climate-variability-change,unspecified,train
https://doi.org/10.5194/acp-16-3969-2016,"Significant increase of surface ozone at a rural site, north of eastern China",2016,Atmospheric Chemistry and Physics,forecasting-predictability;atmospheric-chemistry;aerosols;air-quality-exposure,unspecified,development
https://doi.org/10.5194/acp-16-4205-2016,Understanding the recent trend of haze pollution in eastern China: roles of climate change,2016,Atmospheric Chemistry and Physics,dynamics-weather-systems;atmospheric-chemistry;aerosols;climate-variability-change,numerical_modeling,train
https://doi.org/10.5194/acp-16-4605-2016,Aura OMI observations of regional SO 2 and NO 2 pollution changes from 2005 to 2015,2016,Atmospheric Chemistry and Physics,dynamics-weather-systems;atmospheric-chemistry;aerosols;observations-instruments,observation,train
https://doi.org/10.5194/acp-16-4785-2016,Introduction: Observations and Modeling of the Green Ocean Amazon (GoAmazon2014/5),2016,Atmospheric Chemistry and Physics,cloud-precipitation-microphysics;atmospheric-chemistry;aerosols;observations-instruments,observation;numerical_modeling,train
https://doi.org/10.5194/acp-16-5111-2016,An overview of the first decade of Polly NET : an emerging network of automated Raman-polarization lidars for continuous aerosol profiling,2016,Atmospheric Chemistry and Physics,dynamics-weather-systems;cloud-precipitation-microphysics;atmospheric-chemistry;aerosols;remote-sensing-retrieval;observations-instruments,remote_sensing,development
https://doi.org/10.5194/acp-16-7195-2016,Sources of organic ice nucleating particles in soils,2016,Atmospheric Chemistry and Physics,atmospheric-chemistry;aerosols;land-atmosphere,unspecified,blind_test
https://doi.org/10.5194/acp-16-7917-2016,"Rethinking the global secondary organic aerosol (SOA) budget: stronger production, faster removal, shorter lifetime",2016,Atmospheric Chemistry and Physics,cloud-precipitation-microphysics;atmospheric-chemistry;aerosols;air-quality-exposure,unspecified,train
https://doi.org/10.5194/acp-16-8309-2016,"Primary and secondary aerosols in Beijing in winter: sources, variations and processes",2016,Atmospheric Chemistry and Physics,forecasting-predictability;atmospheric-chemistry;aerosols;air-quality-exposure,unspecified,development
https://doi.org/10.5194/acp-16-8571-2016,Imbalanced phosphorus and nitrogen deposition in China's forests,2016,Atmospheric Chemistry and Physics,dynamics-weather-systems;land-atmosphere,unspecified,train
https://doi.org/10.5194/acp-17-1417-2017,Introduction to the SPARC Reanalysis Intercomparison Project (S-RIP) and overview of the reanalysis systems,2017,Atmospheric Chemistry and Physics,dynamics-weather-systems;atmospheric-chemistry;climate-variability-change;quality-control-uncertainty,numerical_modeling;reanalysis,train
https://doi.org/10.5194/acp-17-1775-2017,Cleaning up the air: effectiveness of air quality policy for SO 2 and NO x emissions in China,2017,Atmospheric Chemistry and Physics,atmospheric-chemistry;aerosols;air-quality-exposure,unspecified,train
https://doi.org/10.5194/acp-17-2103-2017,"Nitrate radicals and biogenic volatile organic compounds: oxidation, mechanisms, and organic aerosol",2017,Atmospheric Chemistry and Physics,cloud-precipitation-microphysics;atmospheric-chemistry;aerosols,unspecified,train
https://doi.org/10.5194/acp-17-2839-2017,A comprehensive biomass burning emission inventory with high spatial and temporal resolution in China,2017,Atmospheric Chemistry and Physics,dynamics-weather-systems;atmospheric-chemistry;aerosols;air-quality-exposure,unspecified,train
https://doi.org/10.5194/acp-17-2943-2017,"US surface ozone trends and extremes from 1980 to 2014: quantifying the roles of rising Asian emissions, domestic controls, wildfires, and climate",2017,Atmospheric Chemistry and Physics,dynamics-weather-systems;atmospheric-chemistry;aerosols;extremes,unspecified,train
https://doi.org/10.5194/acp-17-3097-2017,Classification of summertime synoptic patterns in Beijing and their associations with boundary layer structure affecting aerosol pollution,2017,Atmospheric Chemistry and Physics,boundary-layer-turbulence;cloud-precipitation-microphysics;atmospheric-chemistry;aerosols;climate-variability-change,numerical_modeling,train
https://doi.org/10.5194/acp-17-343-2017,On the implications of aerosol liquid water and phase separation for organic aerosol mass,2017,Atmospheric Chemistry and Physics,cloud-precipitation-microphysics;atmospheric-chemistry;aerosols;air-quality-exposure,unspecified,blind_test
https://doi.org/10.5194/acp-17-4229-2017,Evaluation of the absorption Ångström exponents for traffic and wood burning in the Aethalometer-based source apportionment using radiocarbon measurements of ambient aerosol,2017,Atmospheric Chemistry and Physics,dynamics-weather-systems;atmospheric-chemistry;aerosols;air-quality-exposure;observations-instruments,observation,train
https://doi.org/10.5194/acp-17-6073-2017,Ozone and haze pollution weakens net primary productivity in China,2017,Atmospheric Chemistry and Physics,atmospheric-chemistry;aerosols;climate-variability-change,numerical_modeling,blind_test
https://doi.org/10.5194/acp-17-6353-2017,A new mechanism for atmospheric mercury redox chemistry: implications for the global mercury budget,2017,Atmospheric Chemistry and Physics,atmospheric-chemistry;aerosols,unspecified,train
https://doi.org/10.5194/acp-17-663-2017,"Radical chemistry at a rural site (Wangdu) in the North China Plain: observation and model calculations of OH, HO 2 and RO 2 radicals",2017,Atmospheric Chemistry and Physics,atmospheric-chemistry;aerosols;air-quality-exposure;observations-instruments,observation;numerical_modeling,train
https://doi.org/10.5194/acp-17-7213-2017,A modified impulse-response representation of the global near-surface air temperature and atmospheric concentration response to carbon dioxide emissions,2017,Atmospheric Chemistry and Physics,dynamics-weather-systems;climate-variability-change,numerical_modeling,train
https://doi.org/10.5194/acp-17-807-2017,Decadal changes in global surface NO x emissions from multi-constituent satellite data assimilation,2017,Atmospheric Chemistry and Physics,dynamics-weather-systems;atmospheric-chemistry;aerosols;remote-sensing-retrieval;numerical-weather-prediction,remote_sensing,train
https://doi.org/10.5194/acp-17-8681-2017,Global anthropogenic emissions of particulate matter including black carbon,2017,Atmospheric Chemistry and Physics,atmospheric-chemistry;aerosols;air-quality-exposure;climate-variability-change,unspecified,development
https://doi.org/10.5194/acp-17-935-2017,MIX: a mosaic Asian anthropogenic emission inventory under the international collaboration framework of the MICS-Asia and HTAP,2017,Atmospheric Chemistry and Physics,dynamics-weather-systems;atmospheric-chemistry;aerosols;air-quality-exposure;climate-variability-change,unspecified,development
https://doi.org/10.5194/acp-17-9485-2017,"A review of current knowledge concerning PM 2. 5 chemical composition, aerosol optical properties and their relationships across China",2017,Atmospheric Chemistry and Physics,cloud-precipitation-microphysics;atmospheric-chemistry;aerosols;air-quality-exposure,review_synthesis,blind_test
https://doi.org/10.5194/acp-18-11847-2018,"Depolarization and lidar ratios at 355, 532, and 1064 nm and microphysical properties of aged tropospheric and stratospheric Canadian wildfire smoke",2018,Atmospheric Chemistry and Physics,dynamics-weather-systems;cloud-precipitation-microphysics;atmospheric-chemistry;aerosols;remote-sensing-retrieval,remote_sensing,development
https://doi.org/10.5194/acp-18-12391-2018,Wintertime photochemistry in Beijing: observations of RO x radical concentrations in the North China Plain during the BEST-ONE campaign,2018,Atmospheric Chemistry and Physics,atmospheric-chemistry;aerosols;air-quality-exposure;observations-instruments,observation,train
https://doi.org/10.5194/acp-18-1379-2018,Evidence for a continuous decline in lower stratospheric ozone offsetting ozone layer recovery,2018,Atmospheric Chemistry and Physics,dynamics-weather-systems;atmospheric-chemistry;aerosols,unspecified,train
https://doi.org/10.5194/acp-18-14095-2018,Trends in China's anthropogenic emissions since 2010 as the consequence of clean air actions,2018,Atmospheric Chemistry and Physics,atmospheric-chemistry;aerosols;air-quality-exposure;climate-variability-change,unspecified,blind_test
https://doi.org/10.5194/acp-18-15921-2018,Relationships between the planetary boundary layer height and surface pollutants derived from lidar observations over China: regional pattern and influencing factors,2018,Atmospheric Chemistry and Physics,boundary-layer-turbulence;cloud-precipitation-microphysics;atmospheric-chemistry;aerosols;air-quality-exposure;remote-sensing-retrieval;observations-instruments,observation;remote_sensing,train
https://doi.org/10.5194/acp-18-1909-2018,Formation of highly oxygenated organic molecules from aromatic compounds,2018,Atmospheric Chemistry and Physics,atmospheric-chemistry;aerosols;air-quality-exposure,unspecified,train
https://doi.org/10.5194/acp-18-247-2018,Feedback effects of boundary-layer meteorological factors on cumulative explosive growth of PM 2.5 during winter heavy pollution episodes in Beijing from 2013 to 2016,2018,Atmospheric Chemistry and Physics,cloud-precipitation-microphysics;atmospheric-chemistry;aerosols;air-quality-exposure,unspecified,train
https://doi.org/10.5194/acp-18-3299-2018,"Non-methane organic gas emissions from biomass burning: identification, quantification, and emission factors from PTR-ToF during the FIREX 2016 laboratory experiment",2018,Atmospheric Chemistry and Physics,atmospheric-chemistry;aerosols,unspecified,development
https://doi.org/10.5194/acp-18-339-2018,Agricultural ammonia emissions in China: reconciling bottom-up and top-down estimates,2018,Atmospheric Chemistry and Physics,dynamics-weather-systems;atmospheric-chemistry;aerosols,unspecified,train
https://doi.org/10.5194/acp-18-4935-2018,"The Network for the Detection of Atmospheric Composition Change (NDACC): history, status and perspectives",2018,Atmospheric Chemistry and Physics,dynamics-weather-systems;atmospheric-chemistry;aerosols;observations-instruments,review_synthesis,train
https://doi.org/10.5194/acp-18-5699-2018,The Ozone Monitoring Instrument: overview of 14 years in space,2018,Atmospheric Chemistry and Physics,dynamics-weather-systems;atmospheric-chemistry;aerosols;observations-instruments,observation,blind_test
https://doi.org/10.5194/acp-18-6223-2018,Random forest meteorological normalisation models for Swiss PM 10 trend analysis,2018,Atmospheric Chemistry and Physics,forecasting-predictability;atmospheric-chemistry;aerosols;air-quality-exposure;statistics-causal-ml,numerical_modeling,train
https://doi.org/10.5194/acp-18-6259-2018,The absorption Ångström exponent of black carbon: from numerical aspects,2018,Atmospheric Chemistry and Physics,cloud-precipitation-microphysics;atmospheric-chemistry;aerosols;air-quality-exposure,unspecified,development
https://doi.org/10.5194/acp-18-7423-2018,Fine-particle pH for Beijing winter haze as inferred from different thermodynamic equilibrium models,2018,Atmospheric Chemistry and Physics,dynamics-weather-systems;atmospheric-chemistry;aerosols,numerical_modeling,train
https://doi.org/10.5194/acp-18-7863-2018,Comparison between five acellular oxidative potential measurement assays performed with detailed chemistry on PM 10 samples from the city of Chamonix (France),2018,Atmospheric Chemistry and Physics,atmospheric-chemistry;air-quality-exposure;observations-instruments;climate-variability-change,observation,train
https://doi.org/10.5194/acp-18-8017-2018,Source influence on emission pathways and ambient PM 2.5 pollution over India (2015–2050),2018,Atmospheric Chemistry and Physics,atmospheric-chemistry;aerosols;air-quality-exposure,unspecified,development
https://doi.org/10.5194/acp-18-9263-2018,High- and low-temperature pyrolysis profiles describe volatile organic compound emissions from western US wildfire fuels,2018,Atmospheric Chemistry and Physics,dynamics-weather-systems;atmospheric-chemistry;aerosols,unspecified,blind_test
https://doi.org/10.5194/acp-19-11031-2019,"Fine particulate matter (PM 2.5 ) trends in China, 2013–2018: separating contributions from anthropogenic emissions and meteorology",2019,Atmospheric Chemistry and Physics,atmospheric-chemistry;aerosols;air-quality-exposure;climate-variability-change,unspecified,train
https://doi.org/10.5194/acp-19-11303-2019,Assessing the impact of clean air action on air quality trends in Beijing using a machine learning technique,2019,Atmospheric Chemistry and Physics,forecasting-predictability;atmospheric-chemistry;aerosols;air-quality-exposure;statistics-causal-ml,statistical_ml,train
https://doi.org/10.5194/acp-19-12195-2019,Substantial ozone enhancement over the North China Plain from increased biogenic emissions due to heat waves and land cover in summer 2017,2019,Atmospheric Chemistry and Physics,dynamics-weather-systems;atmospheric-chemistry;aerosols;land-atmosphere,unspecified,train
https://doi.org/10.5194/acp-19-3097-2019,From ERA-Interim to ERA5: the considerable impact of ECMWF's next-generation reanalysis on Lagrangian transport simulations,2019,Atmospheric Chemistry and Physics,atmospheric-chemistry;climate-variability-change,numerical_modeling;reanalysis,train
https://doi.org/10.5194/acp-19-3493-2019,Daytime atmospheric oxidation capacity in four Chinese megacities during the photochemically polluted season: a case study based on box model simulation,2019,Atmospheric Chemistry and Physics,forecasting-predictability;atmospheric-chemistry;aerosols;air-quality-exposure,numerical_modeling,train
https://doi.org/10.5194/acp-19-3515-2019,The CAMS reanalysis of atmospheric composition,2019,Atmospheric Chemistry and Physics,dynamics-weather-systems;atmospheric-chemistry;aerosols,reanalysis,train
https://doi.org/10.5194/acp-19-3981-2019,The role of chlorine in global tropospheric chemistry,2019,Atmospheric Chemistry and Physics,dynamics-weather-systems;atmospheric-chemistry;aerosols,unspecified,train
https://doi.org/10.5194/acp-19-5331-2019,Constraining the aerosol influence on cloud liquid water path,2019,Atmospheric Chemistry and Physics,cloud-precipitation-microphysics;atmospheric-chemistry;aerosols,unspecified,train
https://doi.org/10.5194/acp-19-6125-2019,Dominant role of emission reduction in PM 2.5 air quality improvement in Beijing during 2013–2017: a model-based decomposition analysis,2019,Atmospheric Chemistry and Physics,forecasting-predictability;atmospheric-chemistry;aerosols;air-quality-exposure,numerical_modeling,train
https://doi.org/10.5194/acp-19-7859-2019,"Global distribution of methane emissions, emission trends, and OH concentrations and trends inferred from an inversion of GOSAT satellite data for 2010–2015",2019,Atmospheric Chemistry and Physics,dynamics-weather-systems;atmospheric-chemistry;aerosols;remote-sensing-retrieval,remote_sensing,train
https://doi.org/10.5194/acp-19-8339-2019,Exploring 2016–2017 surface ozone pollution over China: source contributions and meteorological influences,2019,Atmospheric Chemistry and Physics,atmospheric-chemistry;aerosols;air-quality-exposure,unspecified,blind_test
https://doi.org/10.5194/acp-19-8523-2019,Emission of trace gases and aerosols from biomass burning – an updated assessment,2019,Atmospheric Chemistry and Physics,dynamics-weather-systems;atmospheric-chemistry;aerosols;air-quality-exposure,review_synthesis,train
https://doi.org/10.5194/acp-19-8801-2019,Contributions of different anthropogenic volatile organic compound sources to ozone formation at a receptor site in the Pearl River Delta region and its policy implications,2019,Atmospheric Chemistry and Physics,atmospheric-chemistry;aerosols;air-quality-exposure;climate-variability-change,unspecified,train
https://doi.org/10.5194/acp-19-8897-2019,"Persistent growth of anthropogenic non-methane volatile organic compound (NMVOC) emissions in China during 1990–2017: drivers, speciation and ozone formation potential",2019,Atmospheric Chemistry and Physics,atmospheric-chemistry;aerosols;air-quality-exposure;climate-variability-change,unspecified,blind_test
https://doi.org/10.5194/acp-20-1105-2020,Molecular composition and photochemical lifetimes of brown carbon chromophores in biomass burning organic aerosol,2020,Atmospheric Chemistry and Physics,atmospheric-chemistry;aerosols,unspecified,development
https://doi.org/10.5194/acp-20-11423-2020,Increases in surface ozone pollution in China from 2013 to 2019: anthropogenic and meteorological influences,2020,Atmospheric Chemistry and Physics,atmospheric-chemistry;aerosols;air-quality-exposure;climate-variability-change,unspecified,train
https://doi.org/10.5194/acp-20-11767-2020,Review of experimental studies of secondary ice production,2020,Atmospheric Chemistry and Physics,cloud-precipitation-microphysics;atmospheric-chemistry;aerosols,review_synthesis,development
https://doi.org/10.5194/acp-20-12761-2020,Long-term historical trends in air pollutant emissions in Asia: Regional Emission inventory in ASia (REAS) version 3,2020,Atmospheric Chemistry and Physics,atmospheric-chemistry;aerosols;air-quality-exposure,unspecified,train
https://doi.org/10.5194/acp-20-14547-2020,Historical and future changes in air pollutants from CMIP6 models,2020,Atmospheric Chemistry and Physics,dynamics-weather-systems;atmospheric-chemistry;aerosols;earth-system-models,numerical_modeling,train
https://doi.org/10.5194/acp-20-203-2020,Local and synoptic meteorological influences on daily variability in summertime surface ozone in eastern China,2020,Atmospheric Chemistry and Physics,forecasting-predictability;atmospheric-chemistry;aerosols;air-quality-exposure,unspecified,train
https://doi.org/10.5194/acp-20-3273-2020,Improved 1 km resolution PM 2.5 estimates across China using enhanced space–time extremely randomized trees,2020,Atmospheric Chemistry and Physics,forecasting-predictability;atmospheric-chemistry;aerosols;air-quality-exposure;extremes,unspecified,train
https://doi.org/10.5194/acp-20-4809-2020,The acidity of atmospheric particles and clouds,2020,Atmospheric Chemistry and Physics,cloud-precipitation-microphysics;atmospheric-chemistry;aerosols,unspecified,train
https://doi.org/10.5194/acp-20-5729-2020,"Dynamic projection of anthropogenic emissions in China: methodology and 2015–2050 emission pathways under a range of socio-economic, climate policy, and pollution control scenarios",2020,Atmospheric Chemistry and Physics,air-quality-exposure;climate-variability-change,unspecified,development
https://doi.org/10.5194/acp-20-6305-2020,Worsening urban ozone pollution in China from 2013 to 2017 – Part 1: The complex and varying roles of meteorology,2020,Atmospheric Chemistry and Physics,atmospheric-chemistry;aerosols;air-quality-exposure;land-atmosphere,unspecified,train
https://doi.org/10.5194/acp-20-6323-2020,Worsening urban ozone pollution in China from 2013 to 2017 – Part 2: The effects of emission changes and implications for multi-pollutant control,2020,Atmospheric Chemistry and Physics,forecasting-predictability;atmospheric-chemistry;aerosols;air-quality-exposure;land-atmosphere,unspecified,train
https://doi.org/10.5194/acp-20-9169-2020,Remote sensing of methane leakage from natural gas and petroleum systems revisited,2020,Atmospheric Chemistry and Physics,dynamics-weather-systems;atmospheric-chemistry;remote-sensing-retrieval,remote_sensing,blind_test
https://doi.org/10.5194/acp-20-9591-2020,Effective radiative forcing and adjustments in CMIP6 models,2020,Atmospheric Chemistry and Physics,dynamics-weather-systems;atmospheric-radiation;atmospheric-chemistry;aerosols;climate-variability-change;earth-system-models,numerical_modeling,train
https://doi.org/10.5194/acp-20-969-2020,Six global biomass burning emission datasets: intercomparison and application in one global aerosol model,2020,Atmospheric Chemistry and Physics,dynamics-weather-systems;atmospheric-chemistry;aerosols;quality-control-uncertainty,numerical_modeling,train
https://doi.org/10.5194/acp-21-1507-2021,An overview of the ORACLES (ObseRvations of Aerosols above CLouds and their intEractionS) project: aerosol–cloud–radiation interactions in the southeast Atlantic basin,2021,Atmospheric Chemistry and Physics,cloud-precipitation-microphysics;atmospheric-radiation;atmospheric-chemistry;aerosols;observations-instruments,observation,development
https://doi.org/10.5194/acp-21-4169-2021,COVID-19 lockdowns highlight a risk of increasing ozone pollution in European urban areas,2021,Atmospheric Chemistry and Physics,forecasting-predictability;atmospheric-chemistry;air-quality-exposure;land-atmosphere,unspecified,train
https://doi.org/10.5194/acp-21-8169-2021,Contribution of the world's main dust source regions to the global cycle of desert dust,2021,Atmospheric Chemistry and Physics,cloud-precipitation-microphysics;atmospheric-chemistry;aerosols,unspecified,development
https://doi.org/10.5194/acp-21-87-2021,AeroCom phase III multi-model evaluation of the aerosol life cycle and optical properties using ground- and space-based remote sensing as well as surface in situ observations,2021,Atmospheric Chemistry and Physics,cloud-precipitation-microphysics;atmospheric-chemistry;aerosols;remote-sensing-retrieval;observations-instruments;model-evaluation-downscaling,observation;remote_sensing;numerical_modeling,train
https://doi.org/10.5194/acp-22-9349-2022,Climate consequences of hydrogen emissions,2022,Atmospheric Chemistry and Physics,dynamics-weather-systems;atmospheric-chemistry;aerosols,unspecified,blind_test
https://doi.org/10.5194/acp-22-9617-2022,Quantifying methane emissions from the global scale down to point sources using satellite observations of atmospheric methane,2022,Atmospheric Chemistry and Physics,dynamics-weather-systems;atmospheric-chemistry;aerosols;remote-sensing-retrieval;observations-instruments,observation;remote_sensing,train
https://doi.org/10.5194/acp-23-10901-2023,Compilation of Henry's law constants (version 5.0.0) for water as solvent,2023,Atmospheric Chemistry and Physics,atmospheric-chemistry;aerosols,unspecified,train
https://doi.org/10.5194/acp-23-1511-2023,"Ground-level gaseous pollutants (NO 2 , SO 2 , and CO) in China: daily seamless mapping and spatiotemporal variations",2023,Atmospheric Chemistry and Physics,atmospheric-chemistry;aerosols;air-quality-exposure;climate-variability-change,unspecified,train
https://doi.org/10.5194/amt-10-119-2017,Sulfur dioxide retrievals from TROPOMI onboard Sentinel-5 Precursor: algorithm theoretical basis,2017,Atmospheric Measurement Techniques,dynamics-weather-systems;atmospheric-chemistry;aerosols;remote-sensing-retrieval,remote_sensing,blind_test
https://doi.org/10.5194/amt-10-1335-2017,Solid hydrometeor classification and riming degree estimation from pictures collected with a Multi-Angle Snowflake Camera,2017,Atmospheric Measurement Techniques,dynamics-weather-systems;observations-instruments,observation,blind_test
https://doi.org/10.5194/amt-10-1957-2017,In-flight performance of the Ozone Monitoring Instrument,2017,Atmospheric Measurement Techniques,dynamics-weather-systems;atmospheric-chemistry;aerosols;observations-instruments,observation,train
https://doi.org/10.5194/amt-10-2209-2017,Comparisons of the Orbiting Carbon Observatory-2 (OCO-2) X CO 2 measurements with TCCON,2017,Atmospheric Measurement Techniques,dynamics-weather-systems;atmospheric-chemistry;observations-instruments,observation,development
https://doi.org/10.5194/amt-10-2821-2017,A method for measuring total aerosol oxidative potential (OP) with the dithiothreitol (DTT) assay and comparisons between an urban and roadside site of water-soluble and total OP,2017,Atmospheric Measurement Techniques,forecasting-predictability;aerosols;air-quality-exposure;land-atmosphere,unspecified,blind_test
https://doi.org/10.5194/amt-10-2881-2017,Three-dimensional structure of wind turbine wakes as measured by scanning lidar,2017,Atmospheric Measurement Techniques,dynamics-weather-systems;remote-sensing-retrieval,remote_sensing,development
https://doi.org/10.5194/amt-10-3133-2017,The version 3 OMI NO 2 standard product,2017,Atmospheric Measurement Techniques,dynamics-weather-systems;atmospheric-chemistry;aerosols,unspecified,train
https://doi.org/10.5194/amt-10-3345-2017,Application of Gauss's theorem to quantify localized surface emissions from airborne measurements of wind and trace gases,2017,Atmospheric Measurement Techniques,dynamics-weather-systems;atmospheric-chemistry;aerosols;observations-instruments,observation,train
https://doi.org/10.5194/amt-10-3403-2017,"Potential of polarization/Raman lidar to separate fine dust, coarse dust, maritime, and anthropogenic aerosol profiles",2017,Atmospheric Measurement Techniques,dynamics-weather-systems;cloud-precipitation-microphysics;atmospheric-chemistry;aerosols;remote-sensing-retrieval;climate-variability-change,remote_sensing,train
https://doi.org/10.5194/amt-10-3463-2017,Perdigão 2015: methodology for atmospheric multi-Doppler lidar experiments,2017,Atmospheric Measurement Techniques,cloud-precipitation-microphysics;aerosols;remote-sensing-retrieval,remote_sensing,train
https://doi.org/10.5194/amt-10-3575-2017,Use of electrochemical sensors for measurement of air pollution: correcting interference response and validating measurements,2017,Atmospheric Measurement Techniques,forecasting-predictability;atmospheric-chemistry;aerosols;air-quality-exposure;observations-instruments;climate-variability-change,observation,train
https://doi.org/10.5194/amt-10-4279-2017,Systematic characterization and fluorescence threshold strategies for the wideband integrated bioaerosol sensor (WIBS) using size-resolved biological and interfering particles,2017,Atmospheric Measurement Techniques,forecasting-predictability;aerosols;air-quality-exposure;observations-instruments;climate-variability-change,unspecified,train
https://doi.org/10.5194/amt-10-4687-2017,Effects of gas–wall partitioning in Teflon tubing and instrumentation on time-resolved measurements of gas-phase organic compounds,2017,Atmospheric Measurement Techniques,atmospheric-chemistry;aerosols;air-quality-exposure;observations-instruments,observation,train
https://doi.org/10.5194/amt-10-4905-2017,Version 2 of the IASI NH 3 neural network retrieval algorithm: near-real-time and reanalysed datasets,2017,Atmospheric Measurement Techniques,dynamics-weather-systems;atmospheric-chemistry;aerosols;remote-sensing-retrieval;observations-instruments;statistics-causal-ml,remote_sensing;statistical_ml,train
https://doi.org/10.5194/amt-10-549-2017,The Orbiting Carbon Observatory-2: first 18 months of science data products,2017,Atmospheric Measurement Techniques,dynamics-weather-systems;atmospheric-chemistry;aerosols,unspecified,train
https://doi.org/10.5194/amt-10-59-2017,The on-orbit performance of the Orbiting Carbon Observatory-2 (OCO-2) instrument and its radiometrically calibrated products,2017,Atmospheric Measurement Techniques,dynamics-weather-systems;atmospheric-chemistry;observations-instruments,observation,train
https://doi.org/10.5194/amt-10-617-2017,Improved methodologies for continuous-flow analysis of stable water isotopes in ice cores,2017,Atmospheric Measurement Techniques,atmospheric-chemistry;paleoclimate,unspecified,train
https://doi.org/10.5194/amt-10-759-2017,Structural uncertainty in air mass factor calculation for NO 2 and HCHO satellite retrievals,2017,Atmospheric Measurement Techniques,dynamics-weather-systems;atmospheric-chemistry;aerosols;remote-sensing-retrieval;quality-control-uncertainty,remote_sensing,train
https://doi.org/10.5194/amt-11-1233-2018,Evaluation of linear regression techniques for atmospheric applications: the importance of appropriate weighting,2018,Atmospheric Measurement Techniques,climate-variability-change;statistics-causal-ml,numerical_modeling;statistical_ml,train
https://doi.org/10.5194/amt-11-1459-2018,CALIPSO lidar calibration at 532 nm: version 4 nighttime algorithm,2018,Atmospheric Measurement Techniques,dynamics-weather-systems;cloud-precipitation-microphysics;atmospheric-chemistry;aerosols;remote-sensing-retrieval,remote_sensing,train
https://doi.org/10.5194/amt-11-1921-2018,"Validation of new satellite rainfall products over the Upper Blue Nile Basin, Ethiopia",2018,Atmospheric Measurement Techniques,cloud-precipitation-microphysics;remote-sensing-retrieval;observations-instruments;climate-variability-change;quality-control-uncertainty,observation;remote_sensing;numerical_modeling,train
https://doi.org/10.5194/amt-11-233-2018,The WeIzmann Supercooled Droplets Observation on a Microarray (WISDOM) and application for ambient dust,2018,Atmospheric Measurement Techniques,cloud-precipitation-microphysics;atmospheric-radiation;aerosols;observations-instruments,observation,train
https://doi.org/10.5194/amt-11-2395-2018,Algorithm theoretical baseline for formaldehyde retrievals from S5P TROPOMI and from the QA4ECV project,2018,Atmospheric Measurement Techniques,dynamics-weather-systems;atmospheric-chemistry;aerosols;remote-sensing-retrieval,remote_sensing,train
https://doi.org/10.5194/amt-11-291-2018,A machine learning calibration model using random forests to improve sensor performance for lower-cost air quality monitoring,2018,Atmospheric Measurement Techniques,forecasting-predictability;air-quality-exposure;observations-instruments;climate-variability-change;statistics-causal-ml,numerical_modeling;statistical_ml,train
https://doi.org/10.5194/amt-11-3717-2018,"Performance of NO, NO 2 low cost sensors and three calibration approaches within a real world application",2018,Atmospheric Measurement Techniques,forecasting-predictability;air-quality-exposure;observations-instruments;climate-variability-change,unspecified,train
https://doi.org/10.5194/amt-11-409-2018,The operational cloud retrieval algorithms from TROPOMI on board Sentinel-5 Precursor,2018,Atmospheric Measurement Techniques,dynamics-weather-systems;cloud-precipitation-microphysics;atmospheric-chemistry;aerosols;remote-sensing-retrieval,remote_sensing,train
https://doi.org/10.5194/amt-11-4129-2018,CALIPSO lidar level 3 aerosol profile product: version 3 algorithm design,2018,Atmospheric Measurement Techniques,dynamics-weather-systems;cloud-precipitation-microphysics;atmospheric-chemistry;aerosols;remote-sensing-retrieval,remote_sensing,blind_test
https://doi.org/10.5194/amt-11-4823-2018,Field evaluation of low-cost particulate matter sensors in high- and low-concentration environments,2018,Atmospheric Measurement Techniques,forecasting-predictability;atmospheric-chemistry;aerosols;air-quality-exposure;observations-instruments;climate-variability-change,unspecified,blind_test
https://doi.org/10.5194/amt-11-4883-2018,The influence of humidity on the performance of a low-cost air particle mass sensor and the effect of atmospheric fog,2018,Atmospheric Measurement Techniques,forecasting-predictability;cloud-precipitation-microphysics;aerosols;air-quality-exposure;observations-instruments;climate-variability-change,unspecified,development
https://doi.org/10.5194/amt-11-4891-2018,Retrieving horizontally resolved wind fields using multi-static meteor radar observations,2018,Atmospheric Measurement Techniques,dynamics-weather-systems;remote-sensing-retrieval;observations-instruments,observation;remote_sensing,train
https://doi.org/10.5194/amt-11-5673-2018,Quantifying methane point sources from fine-scale satellite observations of atmospheric methane plumes,2018,Atmospheric Measurement Techniques,dynamics-weather-systems;atmospheric-chemistry;aerosols;remote-sensing-retrieval;observations-instruments,observation;remote_sensing,train
https://doi.org/10.5194/amt-11-5701-2018,Extinction and optical depth retrievals for CALIPSO's Version 4 data release,2018,Atmospheric Measurement Techniques,dynamics-weather-systems;cloud-precipitation-microphysics;atmospheric-chemistry;aerosols;remote-sensing-retrieval,remote_sensing,train
https://doi.org/10.5194/amt-11-5741-2018,MODIS Collection 6 MAIAC algorithm,2018,Atmospheric Measurement Techniques,dynamics-weather-systems;cloud-precipitation-microphysics;atmospheric-chemistry;aerosols,unspecified,blind_test
https://doi.org/10.5194/amt-11-6107-2018,The CALIPSO version 4 automated aerosol classification and lidar ratio selection algorithm,2018,Atmospheric Measurement Techniques,cloud-precipitation-microphysics;atmospheric-chemistry;aerosols;remote-sensing-retrieval,remote_sensing,train
https://doi.org/10.5194/amt-11-6231-2018,The Fifth International Workshop on Ice Nucleation phase 2 (FIN-02): laboratory intercomparison of ice nucleation measurements,2018,Atmospheric Measurement Techniques,cloud-precipitation-microphysics;atmospheric-chemistry;aerosols;observations-instruments;quality-control-uncertainty,observation,train
https://doi.org/10.5194/amt-11-6539-2018,Improved retrievals of carbon dioxide from Orbiting Carbon Observatory-2 with the version 8 ACOS algorithm,2018,Atmospheric Measurement Techniques,dynamics-weather-systems;atmospheric-chemistry;aerosols;remote-sensing-retrieval,remote_sensing,train
https://doi.org/10.5194/amt-11-6651-2018,Improving algorithms and uncertainty estimates for satellite NO 2 retrievals: results from the quality assurance for the essential climate variables (QA4ECV) project,2018,Atmospheric Measurement Techniques,dynamics-weather-systems;atmospheric-chemistry;aerosols;remote-sensing-retrieval;quality-control-uncertainty,remote_sensing,train
https://doi.org/10.5194/amt-11-709-2018,Evaluation of a low-cost optical particle counter (Alphasense OPC-N2) for ambient air monitoring,2018,Atmospheric Measurement Techniques,forecasting-predictability;atmospheric-chemistry;aerosols;air-quality-exposure,unspecified,train
https://doi.org/10.5194/amt-12-1219-2019,"Revisiting the differential freezing nucleus spectra derived from drop-freezing experiments: methods of calculation, applications, and confidence limits",2019,Atmospheric Measurement Techniques,unclassified,unspecified,development
https://doi.org/10.5194/amt-12-1513-2019,Building the COllaborative Carbon Column Observing Network (COCCON): long-term stability and ensemble performance of the EM27/SUN Fourier transform spectrometer,2019,Atmospheric Measurement Techniques,dynamics-weather-systems;forecasting-predictability;atmospheric-chemistry;observations-instruments,numerical_modeling,train
https://doi.org/10.5194/amt-12-169-2019,Advancements in the Aerosol Robotic Network (AERONET) Version 3 database – automated near-real-time quality control algorithm with improved cloud screening for Sun photometer aerosol optical depth (AOD) measurements,2019,Atmospheric Measurement Techniques,cloud-precipitation-microphysics;atmospheric-chemistry;aerosols;observations-instruments;quality-control-uncertainty,observation,blind_test
https://doi.org/10.5194/amt-12-2241-2019,How bias correction goes wrong: measurement of X CO 2 affected by erroneous surface pressure estimates,2019,Atmospheric Measurement Techniques,dynamics-weather-systems;atmospheric-chemistry;observations-instruments;model-evaluation-downscaling,observation,train
https://doi.org/10.5194/amt-12-2341-2019,The OCO-3 mission: measurement objectives and expected performance based on 1 year of simulated data,2019,Atmospheric Measurement Techniques,dynamics-weather-systems;atmospheric-chemistry;aerosols;observations-instruments,observation,development
https://doi.org/10.5194/amt-12-2403-2019,Evaluating the performance of five different chemical ionization techniques for detecting gaseous oxygenated organic species,2019,Atmospheric Measurement Techniques,forecasting-predictability;atmospheric-chemistry;aerosols;air-quality-exposure,unspecified,train
https://doi.org/10.5194/amt-12-3081-2019,"Aerosol size distributions during the Atmospheric Tomography Mission (ATom): methods, uncertainties, and data products",2019,Atmospheric Measurement Techniques,cloud-precipitation-microphysics;atmospheric-chemistry;aerosols;air-quality-exposure,unspecified,train
https://doi.org/10.5194/amt-12-3435-2019,"Automatic pollen recognition with the Rapid-E particle counter: the first-level procedure, experience and next steps",2019,Atmospheric Measurement Techniques,atmospheric-chemistry;observations-instruments;climate-variability-change,unspecified,train
https://doi.org/10.5194/amt-12-4643-2019,Characterising low-cost sensors in highly portable platforms to quantify personal exposure in diverse environments,2019,Atmospheric Measurement Techniques,forecasting-predictability;air-quality-exposure;observations-instruments;climate-variability-change,unspecified,development
https://doi.org/10.5194/amt-12-4867-2019,An extractive electrospray ionization time-of-flight mass spectrometer (EESI-TOF) for online measurement of atmospheric aerosol particles,2019,Atmospheric Measurement Techniques,forecasting-predictability;atmospheric-chemistry;aerosols;air-quality-exposure;observations-instruments,observation,train
https://doi.org/10.5194/amt-12-5263-2019,TROPOMI/S5P total ozone column data: global ground-based validation and consistency with other satellite missions,2019,Atmospheric Measurement Techniques,dynamics-weather-systems;atmospheric-chemistry;aerosols;remote-sensing-retrieval;quality-control-uncertainty,remote_sensing,train
https://doi.org/10.5194/amt-12-703-2019,Discriminating between clouds and aerosols in the CALIOP version 4.1 data products,2019,Atmospheric Measurement Techniques,dynamics-weather-systems;cloud-precipitation-microphysics;atmospheric-chemistry;aerosols,unspecified,train
https://doi.org/10.5194/amt-12-903-2019,Development of a general calibration model and long-term performance evaluation of low-cost sensors for air pollutant gas monitoring,2019,Atmospheric Measurement Techniques,forecasting-predictability;air-quality-exposure;observations-instruments;climate-variability-change,numerical_modeling,train
https://doi.org/10.5194/amt-13-1315-2020,"S5P TROPOMI NO 2 slant column retrieval: method, stability, uncertainties and comparisons with OMI",2020,Atmospheric Measurement Techniques,dynamics-weather-systems;atmospheric-chemistry;aerosols;remote-sensing-retrieval,remote_sensing,train
https://doi.org/10.5194/amt-13-1539-2020,Real-time pollen monitoring using digital holography,2020,Atmospheric Measurement Techniques,unclassified,unspecified,blind_test
https://doi.org/10.5194/amt-13-1693-2020,Evaluation and calibration of a low-cost particle sensor in ambient conditions using machine-learning methods,2020,Atmospheric Measurement Techniques,forecasting-predictability;air-quality-exposure;observations-instruments;climate-variability-change,unspecified,train
https://doi.org/10.5194/amt-13-205-2020,Comparison of TROPOMI/Sentinel-5 Precursor NO 2 observations with ground-based measurements in Helsinki,2020,Atmospheric Measurement Techniques,dynamics-weather-systems;atmospheric-chemistry;aerosols;observations-instruments,observation,train
https://doi.org/10.5194/amt-13-2075-2020,Intercomparison of wind observations from the European Space Agency's Aeolus satellite mission and the ALADIN Airborne Demonstrator,2020,Atmospheric Measurement Techniques,dynamics-weather-systems;cloud-precipitation-microphysics;atmospheric-chemistry;aerosols;remote-sensing-retrieval;observations-instruments;quality-control-uncertainty,observation;remote_sensing,train
https://doi.org/10.5194/amt-13-2413-2020,Laboratory evaluation of particle-size selectivity of optical low-cost particulate matter sensors,2020,Atmospheric Measurement Techniques,forecasting-predictability;atmospheric-chemistry;aerosols;air-quality-exposure;observations-instruments;climate-variability-change,unspecified,train
https://doi.org/10.5194/amt-13-3375-2020,"The AERONET Version 3 aerosol retrieval algorithm, associated uncertainties and comparisons to Version 2",2020,Atmospheric Measurement Techniques,cloud-precipitation-microphysics;atmospheric-chemistry;aerosols;remote-sensing-retrieval,remote_sensing,development
https://doi.org/10.5194/amt-13-3561-2020,In-flight calibration results of the TROPOMI payload on board the Sentinel-5 Precursor satellite,2020,Atmospheric Measurement Techniques,atmospheric-chemistry;remote-sensing-retrieval;observations-instruments,observation;remote_sensing,blind_test
https://doi.org/10.5194/amt-13-3751-2020,TROPOMI–Sentinel-5 Precursor formaldehyde validation using an extensive network of ground-based Fourier-transform infrared stations,2020,Atmospheric Measurement Techniques,dynamics-weather-systems;atmospheric-chemistry;aerosols;observations-instruments;quality-control-uncertainty,observation,train
https://doi.org/10.5194/amt-13-4195-2020,An overview of and issues with sky radiometer technology and SKYNET,2020,Atmospheric Measurement Techniques,cloud-precipitation-microphysics;atmospheric-chemistry;aerosols;remote-sensing-retrieval;observations-instruments,observation,development
https://doi.org/10.5194/amt-13-593-2020,Introducing the 4.4 km spatial resolution Multi-Angle Imaging SpectroRadiometer (MISR) aerosol product,2020,Atmospheric Measurement Techniques,dynamics-weather-systems;cloud-precipitation-microphysics;atmospheric-chemistry;aerosols;remote-sensing-retrieval,unspecified,train
https://doi.org/10.5194/amt-13-6113-2020,Evaluating Sentinel-5P TROPOMI tropospheric NO 2 column densities with airborne and Pandora spectrometers near New York City and Long Island Sound,2020,Atmospheric Measurement Techniques,dynamics-weather-systems;atmospheric-chemistry;aerosols,unspecified,development
https://doi.org/10.5194/amt-13-6343-2020,Assessing the accuracy of low-cost optical particle sensors using a physics-based approach,2020,Atmospheric Measurement Techniques,forecasting-predictability;atmospheric-chemistry;aerosols;air-quality-exposure;observations-instruments;climate-variability-change,unspecified,train
https://doi.org/10.5194/amt-14-1303-2021,Towards accurate and practical drone-based wind measurements with an ultrasonic anemometer,2021,Atmospheric Measurement Techniques,dynamics-weather-systems;observations-instruments,observation,train
https://doi.org/10.5194/amt-14-2127-2021,The GHGSat-D imaging spectrometer,2021,Atmospheric Measurement Techniques,dynamics-weather-systems;atmospheric-chemistry,unspecified,blind_test
https://doi.org/10.5194/amt-14-2167-2021,Validation of Aeolus winds using radiosonde observations and numerical weather prediction model equivalents,2021,Atmospheric Measurement Techniques,dynamics-weather-systems;forecasting-predictability;cloud-precipitation-microphysics;aerosols;observations-instruments;numerical-weather-prediction;quality-control-uncertainty,observation;numerical_modeling,train
https://doi.org/10.5194/amt-14-2771-2021,High-frequency monitoring of anomalous methane point sources with multispectral Sentinel-2 satellite observations,2021,Atmospheric Measurement Techniques,dynamics-weather-systems;atmospheric-chemistry;remote-sensing-retrieval;observations-instruments,observation;remote_sensing,development
https://doi.org/10.5194/amt-14-455-2021,Ozone Monitoring Instrument (OMI) Aura nitrogen dioxide standard product version 4.0 with improved surface and cloud treatments,2021,Atmospheric Measurement Techniques,dynamics-weather-systems;cloud-precipitation-microphysics;atmospheric-chemistry;aerosols;observations-instruments,observation,blind_test
https://doi.org/10.5194/amt-14-4617-2021,Development and application of a United States-wide correction for PM 2.5 data collected with the PurpleAir sensor,2021,Atmospheric Measurement Techniques,forecasting-predictability;atmospheric-chemistry;aerosols;air-quality-exposure;observations-instruments;climate-variability-change,unspecified,train
https://doi.org/10.5194/amt-14-481-2021,"Ground-based validation of the Copernicus Sentinel-5P TROPOMI NO 2 measurements with the NDACC ZSL-DOAS, MAX-DOAS and Pandonia global networks",2021,Atmospheric Measurement Techniques,dynamics-weather-systems;atmospheric-chemistry;aerosols;observations-instruments;quality-control-uncertainty,observation,blind_test
https://doi.org/10.5194/amt-14-6249-2021,Validation of methane and carbon monoxide from Sentinel-5 Precursor using TCCON and NDACC-IRWG stations,2021,Atmospheric Measurement Techniques,dynamics-weather-systems;atmospheric-chemistry;aerosols;quality-control-uncertainty,observation,train
https://doi.org/10.5194/amt-14-665-2021,Methane retrieved from TROPOMI: improvement of the data product and validation of the first 2 years of measurements,2021,Atmospheric Measurement Techniques,dynamics-weather-systems;atmospheric-chemistry;aerosols;observations-instruments;quality-control-uncertainty,observation,train
https://doi.org/10.5194/amt-14-923-2021,A new method for long-term source apportionment with time-dependent factor profiles and uncertainty assessment using SoFi Pro: application to 1 year of organic aerosol data,2021,Atmospheric Measurement Techniques,forecasting-predictability;atmospheric-chemistry;aerosols;air-quality-exposure;quality-control-uncertainty,review_synthesis,train
https://doi.org/10.5194/amt-15-2037-2022,Sentinel-5P TROPOMI NO 2 retrieval: impact of version v2.2 improvements and comparisons with OMI and ground-based data,2022,Atmospheric Measurement Techniques,dynamics-weather-systems;atmospheric-chemistry;aerosols;remote-sensing-retrieval,remote_sensing,train
https://doi.org/10.5194/amt-15-735-2022,A high-resolution monitoring approach of canopy urban heat island using a random forest model and multi-platform observations,2022,Atmospheric Measurement Techniques,air-quality-exposure;remote-sensing-retrieval;observations-instruments;land-atmosphere;statistics-causal-ml,observation;remote_sensing;numerical_modeling,blind_test
https://doi.org/10.5194/amt-15-797-2022,Applying self-supervised learning for semantic cloud segmentation of all-sky images,2022,Atmospheric Measurement Techniques,cloud-precipitation-microphysics;atmospheric-radiation,unspecified,development
https://doi.org/10.5194/amt-16-3581-2023,The EarthCARE mission – science and system overview,2023,Atmospheric Measurement Techniques,dynamics-weather-systems;cloud-precipitation-microphysics;atmospheric-chemistry;aerosols,unspecified,blind_test
https://doi.org/10.5194/amt-9-1279-2016,"The GOME-2 instrument on the Metop series of satellites: instrument design, calibration, and level 1 data processing – an overview",2016,Atmospheric Measurement Techniques,dynamics-weather-systems;atmospheric-chemistry;aerosols;remote-sensing-retrieval;observations-instruments,observation;remote_sensing,development
https://doi.org/10.5194/amt-9-1449-2016,Characterization of the mass-dependent transmission efficiency of a CIMS,2016,Atmospheric Measurement Techniques,atmospheric-chemistry;aerosols,unspecified,development
https://doi.org/10.5194/amt-9-1505-2016,Constraining the sensitivity of iodide adduct chemical ionization mass spectrometry to multifunctional organic molecules using the collision limit and thermodynamic stability of iodide ion adducts,2016,Atmospheric Measurement Techniques,forecasting-predictability;atmospheric-chemistry;aerosols;air-quality-exposure,unspecified,development
https://doi.org/10.5194/amt-9-1767-2016,The automated multiwavelength Raman polarization and water-vapor lidar Polly XT : the neXT generation,2016,Atmospheric Measurement Techniques,dynamics-weather-systems;cloud-precipitation-microphysics;atmospheric-chemistry;aerosols;remote-sensing-retrieval,remote_sensing,train
https://doi.org/10.5194/amt-9-23-2016,Characterization and source apportionment of organic aerosol using offline aerosol mass spectrometry,2016,Atmospheric Measurement Techniques,cloud-precipitation-microphysics;atmospheric-chemistry;aerosols;air-quality-exposure,unspecified,train
https://doi.org/10.5194/amt-9-2425-2016,Retrieval algorithm for rainfall mapping from microwave links in a cellular communication network,2016,Atmospheric Measurement Techniques,dynamics-weather-systems;cloud-precipitation-microphysics;remote-sensing-retrieval;observations-instruments;hydrometeorology;land-atmosphere,observation;remote_sensing;numerical_modeling,blind_test
https://doi.org/10.5194/amt-9-2445-2016,"Update on GOSAT TANSO-FTS performance, operations, and data products after more than 6 years in space",2016,Atmospheric Measurement Techniques,dynamics-weather-systems;atmospheric-chemistry,unspecified,train
https://doi.org/10.5194/amt-9-2497-2016,Ground-based assessment of the bias and long-term stability of 14 limb and occultation ozone profile data records,2016,Atmospheric Measurement Techniques,dynamics-weather-systems;atmospheric-chemistry,review_synthesis,train
https://doi.org/10.5194/amt-9-3293-2016,A surface reflectance scheme for retrieving aerosol optical depth over urban surfaces in MODIS Dark Target retrieval algorithm,2016,Atmospheric Measurement Techniques,cloud-precipitation-microphysics;atmospheric-chemistry;aerosols;remote-sensing-retrieval;land-atmosphere,remote_sensing,train
https://doi.org/10.5194/amt-9-3769-2016,Recommendations for processing atmospheric attenuated backscatter profiles from Vaisala CL31 ceilometers,2016,Atmospheric Measurement Techniques,cloud-precipitation-microphysics;atmospheric-radiation;aerosols,numerical_modeling,train
https://doi.org/10.5194/amt-9-3939-2016,New methods for the retrieval of chlorophyll red fluorescence from hyperspectral satellite instruments: simulations and application to GOME-2 and SCIAMACHY,2016,Atmospheric Measurement Techniques,dynamics-weather-systems;atmospheric-chemistry;remote-sensing-retrieval;observations-instruments;ocean-atmosphere,observation;remote_sensing;numerical_modeling,train
https://doi.org/10.5194/amt-9-4181-2016,About the effects of polarising optics on lidar signals and the Δ90 calibration,2016,Atmospheric Measurement Techniques,cloud-precipitation-microphysics;aerosols;remote-sensing-retrieval,remote_sensing,train
https://doi.org/10.5194/amt-9-423-2016,"A broadband cavity enhanced absorption spectrometer for aircraft measurements of glyoxal, methylglyoxal, nitrous acid, nitrogen dioxide, and water vapor",2016,Atmospheric Measurement Techniques,atmospheric-chemistry;aerosols;observations-instruments,observation,train
https://doi.org/10.5194/amt-9-4425-2016,Hydrometeor classification through statistical clustering of polarimetric radar measurements: a semi-supervised approach,2016,Atmospheric Measurement Techniques,dynamics-weather-systems;remote-sensing-retrieval;observations-instruments;hydrometeorology;land-atmosphere;statistics-causal-ml,observation;remote_sensing;numerical_modeling;statistical_ml,train
https://doi.org/10.5194/amt-9-4915-2016,Quantifying the uncertainty of eddy covariance fluxes due to the use of different software packages and combinations of processing steps in two contrasting ecosystems,2016,Atmospheric Measurement Techniques,dynamics-weather-systems;boundary-layer-turbulence;climate-variability-change;quality-control-uncertainty,numerical_modeling,train
https://doi.org/10.5194/amt-9-4955-2016,Carbon monoxide total column retrievals from TROPOMI shortwave infrared measurements,2016,Atmospheric Measurement Techniques,dynamics-weather-systems;atmospheric-radiation;atmospheric-chemistry;aerosols;remote-sensing-retrieval;observations-instruments,observation;remote_sensing,train
https://doi.org/10.5194/amt-9-5281-2016,Community Air Sensor Network (CAIRSENSE) project: evaluation of low-cost sensor performance in a suburban environment in the southeastern United States,2016,Atmospheric Measurement Techniques,forecasting-predictability;atmospheric-chemistry;aerosols;air-quality-exposure;observations-instruments;climate-variability-change;land-atmosphere,unspecified,train
https://doi.org/10.5194/amt-9-5385-2016,Review of the state of the art and future prospects of the ground-based GNSS meteorology in Europe,2016,Atmospheric Measurement Techniques,dynamics-weather-systems;observations-instruments,observation;review_synthesis,train
https://doi.org/10.5194/amt-9-5423-2016,The operational methane retrieval algorithm for TROPOMI,2016,Atmospheric Measurement Techniques,dynamics-weather-systems;atmospheric-chemistry;remote-sensing-retrieval,remote_sensing,blind_test
https://doi.org/10.5194/amt-9-631-2016,The new sun-sky-lunar Cimel CE318-T multiband photometer – a comprehensive performance evaluation,2016,Atmospheric Measurement Techniques,cloud-precipitation-microphysics;atmospheric-chemistry;aerosols;observations-instruments,observation,train
https://doi.org/10.5194/amt-9-79-2016,The uncertainty of the atmospheric integrated water vapour estimated from GNSS observations,2016,Atmospheric Measurement Techniques,dynamics-weather-systems;observations-instruments;quality-control-uncertainty,observation,train
https://doi.org/10.5194/amt-9-829-2016,Coded continuous wave meteor radar,2016,Atmospheric Measurement Techniques,dynamics-weather-systems;remote-sensing-retrieval,remote_sensing,train
https://doi.org/10.5194/cp-12-1-2016,"Evidence of a prolonged drought ca. 4200 yr BP correlated with prehistoric settlement abandonment from the Gueldaman GLD1 Cave, Northern Algeria",2016,Climate of the Past,extremes,unspecified,train
https://doi.org/10.5194/cp-12-103-2016,Variability of sulfate signal in ice core records based on five replicate cores,2016,Climate of the Past,observations-instruments;climate-variability-change;paleoclimate,observation;numerical_modeling,train
https://doi.org/10.5194/cp-12-1079-2016,A Late Pleistocene sea level stack,2016,Climate of the Past,ocean-atmosphere,unspecified,train
https://doi.org/10.5194/cp-12-1093-2016,Technical note: The Linked Paleo Data framework – a common tongue for paleoclimatology,2016,Climate of the Past,climate-variability-change,unspecified,development
https://doi.org/10.5194/cp-12-1165-2016,A high-altitude peatland record of environmental changes in the NW Argentine Andes (24 ° S) over the last 2100 years,2016,Climate of the Past,unclassified,unspecified,train
https://doi.org/10.5194/cp-12-1181-2016,Palaeogeographic controls on climate and proxy interpretation,2016,Climate of the Past,dynamics-weather-systems;paleoclimate,unspecified,train
https://doi.org/10.5194/cp-12-1199-2016,Palaeoclimatic oscillations in the Pliensbachian (Early Jurassic) of the Asturian Basin (Northern Spain),2016,Climate of the Past,atmospheric-chemistry,unspecified,development
https://doi.org/10.5194/cp-12-1215-2016,Technical note: Estimating unbiased transfer-function performances in spatially structured environments,2016,Climate of the Past,statistics-causal-ml,statistical_ml,train
https://doi.org/10.5194/cp-12-1473-2016,Palynological evidence for late Miocene stepwise aridification on the northeastern Tibetan Plateau,2016,Climate of the Past,unclassified,unspecified,train
https://doi.org/10.5194/cp-12-15-2016,Synchronizing the Greenland ice core and radiocarbon timescales over the Holocene – Bayesian wiggle-matching of cosmogenic radionuclide records,2016,Climate of the Past,paleoclimate,unspecified,train
https://doi.org/10.5194/cp-12-1519-2016,The PRISM4 (mid-Piacenzian) paleoenvironmental reconstruction,2016,Climate of the Past,unclassified,unspecified,train
https://doi.org/10.5194/cp-12-1635-2016,Reconstructing geographical boundary conditions for palaeoclimate modelling during the Cenozoic,2016,Climate of the Past,paleoclimate,numerical_modeling,train
https://doi.org/10.5194/cp-12-1663-2016,"Hosed vs. unhosed: interruptions of the Atlantic Meridional Overturning Circulation in a global coupled model, with and without freshwater forcing",2016,Climate of the Past,dynamics-weather-systems;climate-variability-change;ocean-atmosphere;earth-system-models,numerical_modeling,train
https://doi.org/10.5194/cp-12-1805-2016,Mode transitions in Northern Hemisphere glaciation: co-evolution of millennial and orbital variability in Quaternary climate,2016,Climate of the Past,atmospheric-chemistry,unspecified,development
https://doi.org/10.5194/cp-12-1829-2016,The effect of greenhouse gas concentrations and ice sheets on the glacial AMOC in a coupled climate model,2016,Climate of the Past,dynamics-weather-systems;atmospheric-chemistry,numerical_modeling,train
https://doi.org/10.5194/cp-12-1889-2016,On the spatial and temporal variability of ENSO precipitation and drought teleconnection in mainland Southeast Asia,2016,Climate of the Past,dynamics-weather-systems;cloud-precipitation-microphysics;climate-variability-change;extremes;hydrometeorology,numerical_modeling,train
https://doi.org/10.5194/cp-12-1995-2016,Orbital control on the timing of oceanic anoxia in the Late Cretaceous,2016,Climate of the Past,unclassified,unspecified,train
https://doi.org/10.5194/cp-12-2033-2016,Boreal fire records in Northern Hemisphere ice cores: a review,2016,Climate of the Past,observations-instruments;paleoclimate,observation;review_synthesis,train
https://doi.org/10.5194/cp-12-2107-2016,The 1430s: a cold period of extraordinary internal climate variability during the early Spörer Minimum with social and economic impacts in north-western and central Europe,2016,Climate of the Past,climate-variability-change,unspecified,blind_test
https://doi.org/10.5194/cp-12-2195-2016,Last Interglacial climate and sea-level evolution from a coupled ice sheet–climate model,2016,Climate of the Past,observations-instruments,observation;numerical_modeling,development
https://doi.org/10.5194/cp-12-429-2016,Late Cretaceous (late Campanian–Maastrichtian) sea-surface temperature record of the Boreal Chalk Sea,2016,Climate of the Past,unclassified,unspecified,train
https://doi.org/10.5194/cp-12-455-2016,A model–model and data–model comparison for the early Eocene hydrological cycle,2016,Climate of the Past,dynamics-weather-systems;climate-variability-change;hydrometeorology,numerical_modeling,blind_test
https://doi.org/10.5194/cp-12-483-2016,Climate variability and human impact in South America during the last 2000 years: synthesis and perspectives from pollen records,2016,Climate of the Past,climate-variability-change,review_synthesis,development
https://doi.org/10.5194/cp-12-525-2016,A Bayesian hierarchical model for reconstructing relative sea level: from raw data to rates of change,2016,Climate of the Past,observations-instruments,observation;numerical_modeling,blind_test
https://doi.org/10.5194/cp-12-575-2016,Impacts of climate and humans on the vegetation in northwestern Turkey: palynological insights from Lake Iznik since the Last Glacial,2016,Climate of the Past,land-atmosphere;ocean-atmosphere;paleoclimate,unspecified,train
https://doi.org/10.5194/cp-12-611-2016,Fallacies and fantasies: the theoretical underpinnings of the Coexistence Approach for palaeoclimate reconstruction,2016,Climate of the Past,dynamics-weather-systems;climate-variability-change;land-atmosphere;paleoclimate,unspecified,train
https://doi.org/10.5194/cp-12-635-2016,Probabilistic precipitation and temperature downscaling of the Twentieth Century Reanalysis over France,2016,Climate of the Past,cloud-precipitation-microphysics;climate-variability-change;extremes;hydrometeorology;model-evaluation-downscaling,numerical_modeling;reanalysis,train
https://doi.org/10.5194/cp-12-663-2016,The Pliocene Model Intercomparison Project (PlioMIP) Phase 2: scientific objectives and experimental design,2016,Climate of the Past,observations-instruments;climate-variability-change;quality-control-uncertainty,observation;numerical_modeling,train
https://doi.org/10.5194/cp-12-769-2016,The WAIS Divide deep ice core WD2014 chronology – Part 2: Annual-layer counting (0–31 ka BP),2016,Climate of the Past,observations-instruments;paleoclimate,observation,train
https://doi.org/10.5194/cp-12-819-2016,Revisiting carbonate chemistry controls on planktic foraminifera Mg / Ca: implications for sea surface temperature and hydrology shifts over the Paleocene–Eocene Thermal Maximum and Eocene–Oligocene transition,2016,Climate of the Past,atmospheric-chemistry;hydrometeorology;ocean-atmosphere,unspecified,train
https://doi.org/10.5194/cp-12-849-2016,Sea surface temperature variability in the central-western Mediterranean Sea during the last 2700 years: a multi-proxy and multi-record approach,2016,Climate of the Past,ocean-atmosphere;paleoclimate,unspecified,train
https://doi.org/10.5194/cp-13-1129-2017,Astronomical calibration of the Ypresian timescale: implications for seafloor spreading rates and the chaotic behavior of the solar system?,2017,Climate of the Past,unclassified,unspecified,train
https://doi.org/10.5194/cp-13-1491-2017,Regional Antarctic snow accumulation over the past 1000 years,2017,Climate of the Past,observations-instruments;climate-variability-change,observation,train
https://doi.org/10.5194/cp-13-1609-2017,Antarctic climate variability on regional and continental scales over the last 2000 years,2017,Climate of the Past,observations-instruments;climate-variability-change,observation,train
https://doi.org/10.5194/cp-13-1695-2017,"Simulation of climate, ice sheets and CO 2 evolution during the last four glacial cycles with an Earth system model of intermediate complexity",2017,Climate of the Past,atmospheric-chemistry;observations-instruments;earth-system-models,observation;numerical_modeling,blind_test
https://doi.org/10.5194/cp-13-1751-2017,Multi-century cool- and warm-season rainfall reconstructions for Australia's major climatic regions,2017,Climate of the Past,cloud-precipitation-microphysics;climate-variability-change;extremes;hydrometeorology,numerical_modeling,blind_test
https://doi.org/10.5194/cp-13-1851-2017,Comparing proxy and model estimates of hydroclimate variability and change over the Common Era,2017,Climate of the Past,climate-variability-change;extremes;hydrometeorology;paleoclimate,numerical_modeling,train
https://doi.org/10.5194/cp-13-1919-2017,Multi-proxy reconstructions of May–September precipitation field in China over the past 500 years,2017,Climate of the Past,dynamics-weather-systems;cloud-precipitation-microphysics;paleoclimate,unspecified,train
https://doi.org/10.5194/cp-13-249-2017,Precipitation changes in the Mediterranean basin during the Holocene from terrestrial and marine pollen records: a model–data comparison,2017,Climate of the Past,cloud-precipitation-microphysics;ocean-atmosphere;paleoclimate,numerical_modeling,train
https://doi.org/10.5194/cp-13-613-2017,Postglacial fire history and interactions with vegetation and climate in southwestern Yunnan Province of China,2017,Climate of the Past,land-atmosphere,unspecified,train
https://doi.org/10.5194/cp-13-779-2017,"Revisiting the Ceara Rise, equatorial Atlantic Ocean: isotope stratigraphy of ODP Leg 154 from 0 to 5 Ma",2017,Climate of the Past,ocean-atmosphere,unspecified,train
https://doi.org/10.5194/cp-13-855-2017,Water-mass evolution in the Cretaceous Western Interior Seaway of North America and equatorial Atlantic,2017,Climate of the Past,atmospheric-chemistry,unspecified,train
https://doi.org/10.5194/cp-13-919-2017,Regional and global climate for the mid-Pliocene using the University of Toronto version of CCSM4 and PlioMIP2 boundary conditions,2017,Climate of the Past,observations-instruments;climate-variability-change,observation;numerical_modeling,train
https://doi.org/10.5194/cp-13-959-2017,Antarctic climate and ice-sheet configuration during the early Pliocene interglacial at 4.23 Ma,2017,Climate of the Past,dynamics-weather-systems;observations-instruments,observation,train
https://doi.org/10.5194/cp-13-991-2017,Post-glacial flooding of the Bering Land Bridge dated to 11 cal ka BP based on new geophysical and sediment records,2017,Climate of the Past,climate-variability-change;extremes,unspecified,train
https://doi.org/10.5194/cp-14-1-2018,Effects of undetected data quality issues on climatological analyses,2018,Climate of the Past,climate-variability-change;extremes;hydrometeorology,numerical_modeling,development
https://doi.org/10.5194/cp-14-1147-2018,Mid-Cretaceous paleoenvironmental changes in the western Tethys,2018,Climate of the Past,unclassified,unspecified,train
https://doi.org/10.5194/cp-14-1529-2018,The 4.2 ka BP event in the Levant,2018,Climate of the Past,unclassified,unspecified,train
https://doi.org/10.5194/cp-14-1653-2018,A 900-year New England temperature reconstruction from in situ seasonally produced branched glycerol dialkyl glycerol tetraethers (brGDGTs),2018,Climate of the Past,dynamics-weather-systems,unspecified,development
https://doi.org/10.5194/cp-14-1755-2018,Connecting the Greenland ice-core and U∕Th timescales via cosmogenic radionuclides: testing the synchroneity of Dansgaard–Oeschger events,2018,Climate of the Past,atmospheric-chemistry,unspecified,development
https://doi.org/10.5194/cp-14-1805-2018,Hydroclimatic variations in southeastern China during the 4.2 ka event reflected by stalagmite records,2018,Climate of the Past,unclassified,unspecified,train
https://doi.org/10.5194/cp-14-1869-2018,Evaluating the timing and structure of the 4.2 ka event in the Indian summer monsoon domain from an annually resolved speleothem record from Northeast India,2018,Climate of the Past,dynamics-weather-systems,unspecified,train
https://doi.org/10.5194/cp-14-1915-2018,Documentary data and the study of past droughts: a global state of the art,2018,Climate of the Past,dynamics-weather-systems;extremes;hydrometeorology,unspecified,train
https://doi.org/10.5194/cp-14-2071-2018,Climate evolution across the Mid-Brunhes Transition,2018,Climate of the Past,atmospheric-chemistry,unspecified,blind_test
https://doi.org/10.5194/cp-14-271-2018,Eolian dust dispersal patterns since the last glacial period in eastern Central Asia: insights from a loess-paleosol sequence in the Ili Basin,2018,Climate of the Past,aerosols;paleoclimate,unspecified,train
https://doi.org/10.5194/cp-14-39-2018,Tropical Atlantic climate and ecosystem regime shifts during the Paleocene–Eocene Thermal Maximum,2018,Climate of the Past,ocean-atmosphere,unspecified,blind_test
https://doi.org/10.5194/cp-14-653-2018,Decreasing Indian summer monsoon on the northern Indian sub-continent during the last 180 years: evidence from five tree-ring cellulose oxygen isotope chronologies,2018,Climate of the Past,dynamics-weather-systems;climate-variability-change,numerical_modeling,blind_test
https://doi.org/10.5194/cp-14-789-2018,Climate sensitivity and meridional overturning circulation in the late Eocene using GFDL CM2.1,2018,Climate of the Past,dynamics-weather-systems;climate-variability-change;ocean-atmosphere,numerical_modeling,train
https://doi.org/10.5194/cp-14-991-2018,"Paleoceanography and ice sheet variability offshore Wilkes Land, Antarctica – Part 1: Insights from late Oligocene astronomically paced contourite sedimentation",2018,Climate of the Past,observations-instruments,observation,blind_test
https://doi.org/10.5194/cp-15-1251-2019,Last Millennium Reanalysis with an expanded proxy database and seasonal proxy modeling,2019,Climate of the Past,dynamics-weather-systems;climate-variability-change;paleoclimate,numerical_modeling;reanalysis,train
https://doi.org/10.5194/cp-15-135-2019,"The 4.2 ka event in the central Mediterranean: new data from a Corchia speleothem (Apuan Alps, central Italy)",2019,Climate of the Past,unclassified,unspecified,development
https://doi.org/10.5194/cp-15-1485-2019,"The longest homogeneous series of grape harvest dates, Beaune 1354–2018, and its significance for the understanding of past and present climate",2019,Climate of the Past,dynamics-weather-systems,unspecified,development
https://doi.org/10.5194/cp-15-1503-2019,Pollen-based quantitative land-cover reconstruction for northern Asia covering the last 40 ka cal BP,2019,Climate of the Past,unclassified,unspecified,train
https://doi.org/10.5194/cp-15-1691-2019,The HadCM3 contribution to PlioMIP phase 2,2019,Climate of the Past,climate-variability-change,numerical_modeling,train
https://doi.org/10.5194/cp-15-1913-2019,Water isotopes – climate relationships for the mid-Holocene and preindustrial period simulated with an isotope-enabled version of MPI-ESM,2019,Climate of the Past,atmospheric-chemistry;aerosols;paleoclimate;earth-system-models,unspecified,train
https://doi.org/10.5194/cp-15-217-2019,Mercury anomalies across the Palaeocene–Eocene Thermal Maximum,2019,Climate of the Past,atmospheric-chemistry,unspecified,blind_test
https://doi.org/10.5194/cp-15-265-2019,Physical processes of cooling and mega-drought during the 4.2 ka BP event: results from TraCE-21ka simulations,2019,Climate of the Past,extremes;ocean-atmosphere,numerical_modeling,blind_test
https://doi.org/10.5194/cp-15-555-2019,The 4.2 ka BP Event in the Mediterranean region: an overview,2019,Climate of the Past,unclassified,unspecified,train
https://doi.org/10.5194/cp-15-751-2019,"A 2700-year annual timescale and accumulation history for an ice core from Roosevelt Island, West Antarctica",2019,Climate of the Past,observations-instruments;climate-variability-change;paleoclimate,observation,train
https://doi.org/10.5194/cp-15-781-2019,Atmospheric blocking induced by the strengthened Siberian High led to drying in west Asia during the 4.2 ka BP event – a hypothesis,2019,Climate of the Past,dynamics-weather-systems,unspecified,development
https://doi.org/10.5194/cp-15-811-2019,Decadal-scale progression of the onset of Dansgaard–Oeschger warming events,2019,Climate of the Past,atmospheric-chemistry;climate-variability-change,unspecified,train
https://doi.org/10.5194/cp-15-849-2019,Low terrestrial carbon storage at the Last Glacial Maximum: constraints from multi-proxy data,2019,Climate of the Past,ocean-atmosphere;paleoclimate,unspecified,train
https://doi.org/10.5194/cp-16-117-2020,The end of the African humid period as seen by a transient comprehensive Earth system model simulation of the last 8000 years,2020,Climate of the Past,climate-variability-change;earth-system-models,numerical_modeling,train
https://doi.org/10.5194/cp-16-1493-2020,An empirical evaluation of bias correction methods for palaeoclimate simulations,2020,Climate of the Past,climate-variability-change;paleoclimate;model-evaluation-downscaling,numerical_modeling,train
https://doi.org/10.5194/cp-16-1565-2020,Bipolar volcanic synchronization of abrupt climate change in Greenland and Antarctic ice cores during the last glacial period,2020,Climate of the Past,observations-instruments;climate-variability-change;paleoclimate,observation,train
https://doi.org/10.5194/cp-16-1581-2020,Climatic information archived in ice cores: impact of intermittency and diffusion on the recorded isotopic signal in Antarctica,2020,Climate of the Past,observations-instruments;climate-variability-change;paleoclimate,observation,train
https://doi.org/10.5194/cp-16-1599-2020,Lessons from a high-CO 2 world: an ocean view from ∼ 3 million years ago,2020,Climate of the Past,atmospheric-chemistry,unspecified,blind_test
https://doi.org/10.5194/cp-16-1759-2020,Influence of temporally varying weatherability on CO 2 -climate coupling and ecosystem change in the late Paleozoic,2020,Climate of the Past,atmospheric-chemistry,unspecified,train
https://doi.org/10.5194/cp-16-1777-2020,Comparison of past and future simulations of ENSO in CMIP5/PMIP3 and CMIP6/PMIP4 models,2020,Climate of the Past,climate-variability-change;ocean-atmosphere;earth-system-models,numerical_modeling,train
https://doi.org/10.5194/cp-16-183-2020,PlioMIP2 simulations with NorESM-L and NorESM1-F,2020,Climate of the Past,climate-variability-change;earth-system-models,numerical_modeling,development
https://doi.org/10.5194/cp-16-1847-2020,Large-scale features and evaluation of the PMIP4-CMIP6 midHolocene simulations,2020,Climate of the Past,dynamics-weather-systems;climate-variability-change;paleoclimate;earth-system-models,numerical_modeling,train
https://doi.org/10.5194/cp-16-1953-2020,"Global mean surface temperature and climate sensitivity of the early Eocene Climatic Optimum (EECO), Paleocene–Eocene Thermal Maximum (PETM), and latest Paleocene",2020,Climate of the Past,climate-variability-change,numerical_modeling,blind_test
https://doi.org/10.5194/cp-16-2095-2020,The Pliocene Model Intercomparison Project Phase 2: large-scale climate features and climate sensitivity,2020,Climate of the Past,dynamics-weather-systems;climate-variability-change;quality-control-uncertainty,numerical_modeling,train
https://doi.org/10.5194/cp-16-2153-2020,A 2600-year summer climate reconstruction in central Japan by integrating tree-ring stable oxygen and hydrogen isotopes,2020,Climate of the Past,dynamics-weather-systems,unspecified,blind_test
https://doi.org/10.5194/cp-16-2275-2020,Contribution of the coupled atmosphere–ocean–sea ice–vegetation model COSMOS to the PlioMIP2,2020,Climate of the Past,dynamics-weather-systems;climate-variability-change;land-atmosphere,numerical_modeling,train
https://doi.org/10.5194/cp-16-2599-2020,OPTiMAL: a new machine learning approach for GDGT-based palaeothermometry,2020,Climate of the Past,statistics-causal-ml,numerical_modeling;statistical_ml,development
https://doi.org/10.5194/cp-16-847-2020,The origin of Asian monsoons: a modelling perspective,2020,Climate of the Past,dynamics-weather-systems;climate-variability-change,numerical_modeling;review_synthesis,train
https://doi.org/10.5194/cp-16-973-2020,Paleogeographic controls on the evolution of Late Cretaceous ocean circulation,2020,Climate of the Past,dynamics-weather-systems,unspecified,blind_test
https://doi.org/10.5194/cp-17-1065-2021,The PMIP4 Last Glacial Maximum experiments: preliminary results and comparison with the PMIP3 simulations,2021,Climate of the Past,climate-variability-change;paleoclimate,numerical_modeling,development
https://doi.org/10.5194/cp-17-1483-2021,Deep ocean temperatures through time,2021,Climate of the Past,unclassified,unspecified,development
https://doi.org/10.5194/cp-17-203-2021,DeepMIP: model intercomparison of early Eocene climatic optimum (EECO) large-scale climate features and comparison with proxy data,2021,Climate of the Past,dynamics-weather-systems;climate-variability-change;paleoclimate;quality-control-uncertainty,numerical_modeling,train
https://doi.org/10.5194/cp-17-269-2021,"The Eocene–Oligocene transition: a review of marine and terrestrial proxy data, models and model–data comparisons",2021,Climate of the Past,atmospheric-chemistry;ocean-atmosphere;paleoclimate,numerical_modeling;review_synthesis,train
https://doi.org/10.5194/cp-17-37-2021,A multi-model CMIP6-PMIP4 study of Arctic sea ice at 127 ka: sea ice data compilation and model differences,2021,Climate of the Past,dynamics-weather-systems;climate-variability-change;earth-system-models,numerical_modeling,train
https://doi.org/10.5194/cp-17-451-2021,Long-term global ground heat flux and continental heat storage from geothermal data,2021,Climate of the Past,climate-variability-change,unspecified,development
https://doi.org/10.5194/cp-17-63-2021,Large-scale features of Last Interglacial climate: results from evaluating the lig127k simulations for the Coupled Model Intercomparison Project (CMIP6)–Paleoclimate Modeling Intercomparison Project (PMIP4),2021,Climate of the Past,observations-instruments;climate-variability-change;paleoclimate;earth-system-models;quality-control-uncertainty,observation;numerical_modeling,train
https://doi.org/10.5194/cp-17-969-2021,On the phenomenon of the blue sun,2021,Climate of the Past,cloud-precipitation-microphysics;atmospheric-chemistry;aerosols;land-atmosphere,unspecified,train
https://doi.org/10.5194/cp-18-1883-2022,A new global surface temperature reconstruction for the Last Glacial Maximum,2022,Climate of the Past,observations-instruments;climate-variability-change;paleoclimate,observation;numerical_modeling,blind_test
https://doi.org/10.5194/cp-18-485-2022,"Magnitude, frequency and climate forcing of global volcanism during the last glacial period as seen in Greenland and Antarctic ice cores (60–9 ka)",2022,Climate of the Past,observations-instruments;paleoclimate,observation,development
https://doi.org/10.5194/cp-18-863-2022,"Orbital insolation variations, intrinsic climate variability, and Quaternary glaciations",2022,Climate of the Past,dynamics-weather-systems;climate-variability-change,unspecified,train
https://doi.org/10.5194/cp-19-439-2023,CHELSA-TraCE21k – high-resolution (1 km) downscaled transient temperature and precipitation data since the Last Glacial Maximum,2023,Climate of the Past,cloud-precipitation-microphysics;observations-instruments;climate-variability-change;paleoclimate;model-evaluation-downscaling,observation;numerical_modeling,blind_test
https://doi.org/10.5194/esd-10-233-2019,Evaluation of terrestrial pan-Arctic carbon cycling using a data-assimilation system,2019,Earth System Dynamics,observations-instruments;climate-variability-change,observation,train
https://doi.org/10.5194/esd-10-31-2019,The effect of univariate bias adjustment on multivariate hazard estimates,2019,Earth System Dynamics,air-quality-exposure;climate-variability-change,numerical_modeling,train
https://doi.org/10.5194/esd-10-379-2019,ESD Reviews: Climate feedbacks in the Earth system and prospects for their evaluation,2019,Earth System Dynamics,dynamics-weather-systems;atmospheric-chemistry;aerosols;climate-variability-change,numerical_modeling;review_synthesis,blind_test
https://doi.org/10.5194/esd-10-617-2019,Modeling forest plantations for carbon uptake with the LPJmL dynamic global vegetation model,2019,Earth System Dynamics,land-atmosphere,numerical_modeling,blind_test
https://doi.org/10.5194/esd-10-73-2019,The response of precipitation characteristics to global warming from climate projections,2019,Earth System Dynamics,dynamics-weather-systems;cloud-precipitation-microphysics;climate-variability-change,numerical_modeling,train
https://doi.org/10.5194/esd-10-859-2019,Heat stress risk in European dairy cattle husbandry under different climate change scenarios – uncertainties and potential impacts,2019,Earth System Dynamics,air-quality-exposure;climate-variability-change;land-atmosphere,unspecified,train
https://doi.org/10.5194/esd-10-91-2019,"ESD Reviews: Model dependence in multi-model climate ensembles: weighting, sub-selection and out-of-sample testing",2019,Earth System Dynamics,forecasting-predictability;climate-variability-change,numerical_modeling;review_synthesis,train
https://doi.org/10.5194/esd-11-1051-2020,Expanding the design space of stratospheric aerosol geoengineering to include precipitation-based objectives and explore trade-offs,2020,Earth System Dynamics,cloud-precipitation-microphysics;atmospheric-chemistry;aerosols;climate-variability-change,unspecified,train
https://doi.org/10.5194/esd-11-1233-2020,Emergent constraints on equilibrium climate sensitivity in CMIP5: do they hold for CMIP6?,2020,Earth System Dynamics,dynamics-weather-systems;climate-variability-change;earth-system-models,numerical_modeling,train
https://doi.org/10.5194/esd-11-139-2020,Emulating Earth system model temperatures with MESMER: from global mean temperature trajectories to grid-point-level realizations on land,2020,Earth System Dynamics,dynamics-weather-systems;climate-variability-change;earth-system-models,numerical_modeling,blind_test
https://doi.org/10.5194/esd-11-183-2020,Biogeophysical impacts of forestation in Europe: first results from the LUCAS (Land Use and Climate Across Scales) regional climate model intercomparison,2020,Earth System Dynamics,dynamics-weather-systems;climate-variability-change;model-evaluation-downscaling;quality-control-uncertainty,observation;numerical_modeling,train
https://doi.org/10.5194/esd-11-201-2020,Earth system data cubes unravel global multivariate dynamics,2020,Earth System Dynamics,dynamics-weather-systems;remote-sensing-retrieval;climate-variability-change;land-atmosphere,remote_sensing;numerical_modeling,train
https://doi.org/10.5194/esd-11-251-2020,Concurrent wet and dry hydrological extremes at the global scale,2020,Earth System Dynamics,climate-variability-change;extremes;hydrometeorology,numerical_modeling;review_synthesis,train
https://doi.org/10.5194/esd-11-35-2020,Projecting Antarctica's contribution to future sea level rise from basal ice shelf melt using linear response functions of 16 ice sheet models (LARMIP-2),2020,Earth System Dynamics,observations-instruments;climate-variability-change,observation;numerical_modeling,train
https://doi.org/10.5194/esd-11-395-2020,Earth system modeling with endogenous and dynamic human societies: the copan:CORE open World–Earth modeling framework,2020,Earth System Dynamics,earth-system-models,numerical_modeling,train
https://doi.org/10.5194/esd-11-491-2020,Partitioning climate projection uncertainty with multiple large ensembles and CMIP5/6,2020,Earth System Dynamics,dynamics-weather-systems;forecasting-predictability;climate-variability-change;earth-system-models;quality-control-uncertainty,numerical_modeling,train
https://doi.org/10.5194/esd-11-537-2020,Multivariate bias corrections of climate simulations: which benefits for which losses?,2020,Earth System Dynamics,dynamics-weather-systems;climate-variability-change;model-evaluation-downscaling,numerical_modeling,train
https://doi.org/10.5194/esd-11-579-2020,Reaching 1.5 and 2.0 °C global surface temperature targets using stratospheric aerosol geoengineering,2020,Earth System Dynamics,atmospheric-chemistry;aerosols;climate-variability-change,unspecified,train
https://doi.org/10.5194/esd-11-737-2020,Emergent constraints on transient climate response (TCR) and equilibrium climate sensitivity (ECS) from historical warming in CMIP5 and CMIP6 models,2020,Earth System Dynamics,dynamics-weather-systems;climate-variability-change;earth-system-models,numerical_modeling,train
https://doi.org/10.5194/esd-11-755-2020,Groundwater storage dynamics in the world's large aquifer systems from GRACE: uncertainty and role of extreme precipitation,2020,Earth System Dynamics,dynamics-weather-systems;cloud-precipitation-microphysics;observations-instruments;extremes;quality-control-uncertainty,observation,train
https://doi.org/10.5194/esd-11-793-2020,Compound warm–dry and cold–wet events over the Mediterranean,2020,Earth System Dynamics,dynamics-weather-systems;climate-variability-change,numerical_modeling,train
https://doi.org/10.5194/esd-11-885-2020,How large does a large ensemble need to be?,2020,Earth System Dynamics,dynamics-weather-systems;forecasting-predictability;climate-variability-change,numerical_modeling,train
https://doi.org/10.5194/esd-11-995-2020,Reduced global warming from CMIP6 projections when weighting models by performance and independence,2020,Earth System Dynamics,dynamics-weather-systems;climate-variability-change;earth-system-models,numerical_modeling,train
https://doi.org/10.5194/esd-12-1-2021,Evaluating the dependence structure of compound precipitation and wind speed extremes,2021,Earth System Dynamics,dynamics-weather-systems;cloud-precipitation-microphysics;climate-variability-change;extremes,numerical_modeling,train
https://doi.org/10.5194/esd-12-1015-2021,Vulnerability of European ecosystems to two compound dry and hot summers in 2018 and 2019,2021,Earth System Dynamics,dynamics-weather-systems;climate-variability-change,numerical_modeling,development
https://doi.org/10.5194/esd-12-1037-2021,Soil organic carbon dynamics from agricultural management practices under climate change,2021,Earth System Dynamics,dynamics-weather-systems;aerosols;climate-variability-change;land-atmosphere,unspecified,blind_test
https://doi.org/10.5194/esd-12-1061-2021,Climate change in the High Mountain Asia in CMIP6,2021,Earth System Dynamics,observations-instruments;climate-variability-change;earth-system-models,observation;numerical_modeling,blind_test
https://doi.org/10.5194/esd-12-1099-2021,Climate change impacts on solar power generation and its spatial variability in Europe based on CMIP6,2021,Earth System Dynamics,dynamics-weather-systems;atmospheric-radiation;climate-variability-change;earth-system-models,numerical_modeling,train
https://doi.org/10.5194/esd-12-1371-2021,Impacts of compound hot–dry extremes on US soybean yields,2021,Earth System Dynamics,dynamics-weather-systems;climate-variability-change;extremes;land-atmosphere,unspecified,train
https://doi.org/10.5194/esd-12-1393-2021,Ubiquity of human-induced changes in climate variability,2021,Earth System Dynamics,dynamics-weather-systems;climate-variability-change,numerical_modeling,development
https://doi.org/10.5194/esd-12-1503-2021,Storylines of weather-induced crop failure events under climate change,2021,Earth System Dynamics,climate-variability-change,unspecified,train
https://doi.org/10.5194/esd-12-151-2021,Identifying meteorological drivers of extreme impacts: an application to simulated crop yields,2021,Earth System Dynamics,climate-variability-change;extremes;hydrometeorology,unspecified,train
https://doi.org/10.5194/esd-12-17-2021,Impact of precipitation and increasing temperatures on drought trends in eastern Africa,2021,Earth System Dynamics,cloud-precipitation-microphysics;climate-variability-change;extremes;hydrometeorology,numerical_modeling,train
https://doi.org/10.5194/esd-12-173-2021,Assessment of a full-field initialized decadal climate prediction system with the CMIP6 version of EC-Earth,2021,Earth System Dynamics,dynamics-weather-systems;forecasting-predictability;climate-variability-change;earth-system-models,numerical_modeling;review_synthesis,blind_test
https://doi.org/10.5194/esd-12-253-2021,Climate model projections from the Scenario Model Intercomparison Project (ScenarioMIP) of CMIP6,2021,Earth System Dynamics,dynamics-weather-systems;climate-variability-change;earth-system-models;quality-control-uncertainty,numerical_modeling,blind_test
https://doi.org/10.5194/esd-12-367-2021,Robust increase of Indian monsoon rainfall and its variability under future warming in CMIP6 models,2021,Earth System Dynamics,dynamics-weather-systems;cloud-precipitation-microphysics;climate-variability-change;earth-system-models,numerical_modeling,development
https://doi.org/10.5194/esd-12-439-2021,The thermal response of small and shallow lakes to climate change: new insights from 3D hindcast modelling,2021,Earth System Dynamics,dynamics-weather-systems;climate-variability-change;ocean-atmosphere,numerical_modeling,train
https://doi.org/10.5194/esd-12-601-2021,Interacting tipping elements increase risk of climate domino effects under global warming,2021,Earth System Dynamics,dynamics-weather-systems;climate-variability-change,numerical_modeling,train
https://doi.org/10.5194/esd-12-725-2021,Climate-controlled root zone parameters show potential to improve water flux simulations by land surface models,2021,Earth System Dynamics,remote-sensing-retrieval;hydrometeorology;land-atmosphere,remote_sensing;numerical_modeling,train
https://doi.org/10.5194/esd-12-871-2021,Sea level dynamics and coastal erosion in the Baltic Sea region,2021,Earth System Dynamics,dynamics-weather-systems;remote-sensing-retrieval;observations-instruments;ocean-atmosphere,observation;remote_sensing,train
https://doi.org/10.5194/esd-13-1-2022,Human impacts and their interactions in the Baltic Sea region,2022,Earth System Dynamics,ocean-atmosphere,unspecified,train
https://doi.org/10.5194/esd-13-159-2022,Oceanographic regional climate projections for the Baltic Sea until 2100,2022,Earth System Dynamics,climate-variability-change;ocean-atmosphere;model-evaluation-downscaling,numerical_modeling,blind_test
https://doi.org/10.5194/esd-13-1689-2022,Rapid attribution analysis of the extraordinary heat wave on the Pacific coast of the US and Canada in June 2021,2022,Earth System Dynamics,dynamics-weather-systems;air-quality-exposure;climate-variability-change,numerical_modeling,train
https://doi.org/10.5194/esd-13-251-2022,Natural hazards and extreme events in the Baltic Sea region,2022,Earth System Dynamics,dynamics-weather-systems;remote-sensing-retrieval;climate-variability-change;extremes,remote_sensing;numerical_modeling,development
https://doi.org/10.5194/esd-13-321-2022,The Mediterranean climate change hotspot in the CMIP5 and CMIP6 projections,2022,Earth System Dynamics,climate-variability-change;extremes;hydrometeorology;earth-system-models,numerical_modeling,train
https://doi.org/10.5194/esd-13-373-2022,Salinity dynamics of the Baltic Sea,2022,Earth System Dynamics,dynamics-weather-systems;ocean-atmosphere,unspecified,train
https://doi.org/10.5194/esd-13-457-2022,Climate change in the Baltic Sea region: a summary,2022,Earth System Dynamics,dynamics-weather-systems;atmospheric-chemistry;climate-variability-change,unspecified,train
https://doi.org/10.5194/esd-13-633-2022,Biogeochemical functioning of the Baltic Sea,2022,Earth System Dynamics,atmospheric-chemistry;ocean-atmosphere,unspecified,train
https://doi.org/10.5194/esd-13-711-2022,"Global climate change and the Baltic Sea ecosystem: direct and indirect effects on species, communities and ecosystem functioning",2022,Earth System Dynamics,climate-variability-change;ocean-atmosphere,unspecified,development
https://doi.org/10.5194/esd-13-749-2022,Extreme weather and societal impacts in the eastern Mediterranean,2022,Earth System Dynamics,air-quality-exposure;climate-variability-change;extremes;hydrometeorology,numerical_modeling,blind_test
https://doi.org/10.5194/esd-13-795-2022,Coupling human and natural systems for sustainability: experience from China's Loess Plateau,2022,Earth System Dynamics,land-atmosphere,unspecified,train
https://doi.org/10.5194/esd-14-185-2023,Carbon dioxide removal via macroalgae open-ocean mariculture and sinking: an Earth system modeling study,2023,Earth System Dynamics,atmospheric-chemistry;ocean-atmosphere;earth-system-models,numerical_modeling,train
https://doi.org/10.5194/esd-15-1117-2024,"Tipping point detection and early warnings in climate, ecological, and human systems",2024,Earth System Dynamics,dynamics-weather-systems;air-quality-exposure;climate-variability-change,unspecified,train
https://doi.org/10.5194/esd-15-41-2024,Climate tipping point interactions and cascades: a review,2024,Earth System Dynamics,dynamics-weather-systems;climate-variability-change,numerical_modeling;review_synthesis,development
https://doi.org/10.5194/esd-7-167-2016,The role of spatial scale and background climate in the latitudinal temperature response to deforestation,2016,Earth System Dynamics,dynamics-weather-systems,observation,train
https://doi.org/10.5194/esd-7-183-2016,"Groundwater nitrate concentration evolution under climate change and agricultural adaptation scenarios: Prince Edward Island, Canada",2016,Earth System Dynamics,atmospheric-chemistry;climate-variability-change;hydrometeorology,unspecified,train
https://doi.org/10.5194/esd-7-211-2016,Projections of leaf area index in earth system models,2016,Earth System Dynamics,dynamics-weather-systems;remote-sensing-retrieval;climate-variability-change;earth-system-models,remote_sensing;numerical_modeling,train
https://doi.org/10.5194/esd-7-327-2016,Differential climate impacts for policy-relevant limits to global warming: the case of 1.5 °C and 2 °C,2016,Earth System Dynamics,dynamics-weather-systems;climate-variability-change,numerical_modeling,train
https://doi.org/10.5194/esd-7-353-2016,Revolutions in energy input and material cycling in Earth history and human history,2016,Earth System Dynamics,unclassified,unspecified,train
https://doi.org/10.5194/esd-7-371-2016,Atmospheric rivers moisture sources from a Lagrangian perspective,2016,Earth System Dynamics,dynamics-weather-systems;climate-variability-change,numerical_modeling;review_synthesis,train
https://doi.org/10.5194/esd-7-453-2016,Alluvial plain dynamics in the southern Amazonian foreland basin,2016,Earth System Dynamics,dynamics-weather-systems,unspecified,train
https://doi.org/10.5194/esd-7-469-2016,Geoengineering as a design problem,2016,Earth System Dynamics,dynamics-weather-systems;atmospheric-chemistry;climate-variability-change,unspecified,train
https://doi.org/10.5194/esd-7-659-2016,Hazard interactions and interaction networks (cascades) within multi-hazard methodologies,2016,Earth System Dynamics,observations-instruments;extremes,review_synthesis,development
https://doi.org/10.5194/esd-7-681-2016,Hemispherically asymmetric volcanic forcing of tropical hydroclimate during the last millennium,2016,Earth System Dynamics,atmospheric-chemistry;climate-variability-change,numerical_modeling,train
https://doi.org/10.5194/esd-7-767-2016,Seasonality and spatial variability of dynamic precipitation controls on the Tibetan Plateau,2016,Earth System Dynamics,cloud-precipitation-microphysics;observations-instruments;climate-variability-change,observation;numerical_modeling,train
https://doi.org/10.5194/esd-7-813-2016,Towards improved and more routine Earth system model evaluation in CMIP,2016,Earth System Dynamics,dynamics-weather-systems;climate-variability-change;earth-system-models;model-evaluation-downscaling,numerical_modeling,train
https://doi.org/10.5194/esd-8-1-2017,Climate engineering by mimicking natural dust climate control: the iron salt aerosol method,2017,Earth System Dynamics,cloud-precipitation-microphysics;atmospheric-chemistry;aerosols;air-quality-exposure,unspecified,train
https://doi.org/10.5194/esd-8-1237-2017,Synergy between land use and climate change increases future fire risk in Amazon forests,2017,Earth System Dynamics,dynamics-weather-systems;remote-sensing-retrieval;climate-variability-change,remote_sensing,blind_test
https://doi.org/10.5194/esd-8-147-2017,Role of moisture transport for Central American precipitation,2017,Earth System Dynamics,dynamics-weather-systems;cloud-precipitation-microphysics;climate-variability-change,numerical_modeling,train
https://doi.org/10.5194/esd-8-225-2017,Drought and flood in the Anthropocene: feedback mechanisms in reservoir operation,2017,Earth System Dynamics,extremes;hydrometeorology,review_synthesis,train
https://doi.org/10.5194/esd-8-235-2017,Accounting for the climate–carbon feedback in emission metrics,2017,Earth System Dynamics,dynamics-weather-systems;atmospheric-chemistry;aerosols;climate-variability-change,numerical_modeling,train
https://doi.org/10.5194/esd-8-337-2017,"Prevailing climatic trends and runoff response from Hindukush–Karakoram–Himalaya, upper Indus Basin",2017,Earth System Dynamics,observations-instruments;climate-variability-change;hydrometeorology,observation;numerical_modeling,train
https://doi.org/10.5194/esd-8-369-2017,Current challenges of implementing anthropogenic land-use and land-cover change in models contributing to climate change assessments,2017,Earth System Dynamics,dynamics-weather-systems;climate-variability-change,numerical_modeling;review_synthesis,train
https://doi.org/10.5194/esd-8-439-2017,Evapotranspiration seasonality across the Amazon Basin,2017,Earth System Dynamics,dynamics-weather-systems;atmospheric-radiation;hydrometeorology,unspecified,train
https://doi.org/10.5194/esd-8-547-2017,Emission metrics for quantifying regional climate impacts of aviation,2017,Earth System Dynamics,atmospheric-chemistry;aerosols;air-quality-exposure;model-evaluation-downscaling,unspecified,train
https://doi.org/10.5194/esd-8-577-2017,Young people's burden: requirement of negative CO 2 emissions,2017,Earth System Dynamics,dynamics-weather-systems;climate-variability-change,unspecified,train
https://doi.org/10.5194/esd-8-677-2017,Multivariate anomaly detection for Earth observations: a comparison of algorithms and feature extraction techniques,2017,Earth System Dynamics,forecasting-predictability;observations-instruments,observation,train
https://doi.org/10.5194/esd-8-827-2017,Community climate simulations to assess avoided impacts in 1.5 and 2 °C futures,2017,Earth System Dynamics,dynamics-weather-systems;climate-variability-change,numerical_modeling,development
https://doi.org/10.5194/esd-8-977-2017,Towards representing human behavior and decision making in Earth system models – an overview of techniques and approaches,2017,Earth System Dynamics,dynamics-weather-systems;observations-instruments;earth-system-models,numerical_modeling,train
https://doi.org/10.5194/esd-9-1025-2018,A theory of Pleistocene glacial rhythmicity,2018,Earth System Dynamics,observations-instruments,observation,train
https://doi.org/10.5194/esd-9-1085-2018,The point of no return for climate action: effects of climate uncertainty and risk tolerance,2018,Earth System Dynamics,dynamics-weather-systems;climate-variability-change;quality-control-uncertainty,unspecified,blind_test
https://doi.org/10.5194/esd-9-1107-2018,Varying soil moisture–atmosphere feedbacks explain divergent temperature extremes and precipitation projections in central Europe,2018,Earth System Dynamics,dynamics-weather-systems;cloud-precipitation-microphysics;climate-variability-change;extremes;hydrometeorology;land-atmosphere,numerical_modeling,train
https://doi.org/10.5194/esd-9-1155-2018,ESD Ideas: a simple proposal to improve the contribution of IPCC WGI to the assessment and communication of climate change risks,2018,Earth System Dynamics,climate-variability-change,review_synthesis,blind_test
https://doi.org/10.5194/esd-9-1235-2018,Simulation of observed climate changes in 1850–2014 with climate model INM-CM5,2018,Earth System Dynamics,dynamics-weather-systems;climate-variability-change,numerical_modeling,train
https://doi.org/10.5194/esd-9-1243-2018,Cascading transitions in the climate system,2018,Earth System Dynamics,dynamics-weather-systems,unspecified,blind_test
https://doi.org/10.5194/esd-9-135-2018,Selecting a climate model subset to optimise key ensemble properties,2018,Earth System Dynamics,forecasting-predictability;climate-variability-change;extremes;hydrometeorology,numerical_modeling,train
https://doi.org/10.5194/esd-9-167-2018,"A new moisture tagging capability in the Weather Research and Forecasting model: formulation, validation and application to the 2014 Great Lake-effect snowstorm",2018,Earth System Dynamics,dynamics-weather-systems;forecasting-predictability;observations-instruments;climate-variability-change;quality-control-uncertainty,observation;numerical_modeling,train
https://doi.org/10.5194/esd-9-211-2018,"Quantification of the impacts of climate change and human agricultural activities on oasis water requirements in an arid region: a case study of the Heihe River basin, China",2018,Earth System Dynamics,climate-variability-change;land-atmosphere,unspecified,train
https://doi.org/10.5194/esd-9-227-2018,Regional scaling of annual mean precipitation and water availability with global temperature change,2018,Earth System Dynamics,cloud-precipitation-microphysics;climate-variability-change;extremes;hydrometeorology,numerical_modeling,blind_test
https://doi.org/10.5194/esd-9-267-2018,Global drought and severe drought-affected populations in 1.5 and 2 °C warmer worlds,2018,Earth System Dynamics,climate-variability-change;extremes;hydrometeorology,numerical_modeling,development
https://doi.org/10.5194/esd-9-313-2018,A bias-corrected CMIP5 dataset for Africa using the CDF-t method – a contribution to agricultural impact studies,2018,Earth System Dynamics,climate-variability-change;earth-system-models,numerical_modeling,development
https://doi.org/10.5194/esd-9-339-2018,Assessing carbon dioxide removal through global and regional ocean alkalinization under high and low emission pathways,2018,Earth System Dynamics,dynamics-weather-systems;ocean-atmosphere,unspecified,train
https://doi.org/10.5194/esd-9-459-2018,European climate change at global mean temperature increases of 1.5 and 2 °C above pre-industrial conditions as simulated by the EURO-CORDEX regional climate models,2018,Earth System Dynamics,dynamics-weather-systems;aerosols;climate-variability-change;model-evaluation-downscaling,numerical_modeling,train
https://doi.org/10.5194/esd-9-543-2018,Impacts of climate change and climate extremes on major crops productivity in China at a global warming of 1.5 and 2.0 °C,2018,Earth System Dynamics,climate-variability-change;extremes,numerical_modeling,train
https://doi.org/10.5194/esd-9-593-2018,Steering operational synergies in terrestrial observation networks: opportunity for advancing Earth system dynamics modelling,2018,Earth System Dynamics,dynamics-weather-systems;observations-instruments;climate-variability-change,observation;numerical_modeling,development
https://doi.org/10.5194/esd-9-627-2018,Bias correction of surface downwelling longwave and shortwave radiation for the EWEMBI dataset,2018,Earth System Dynamics,dynamics-weather-systems;atmospheric-radiation;climate-variability-change;model-evaluation-downscaling,numerical_modeling,train
https://doi.org/10.5194/esd-9-757-2018,Recent trends in the frequency and duration of global floods,2018,Earth System Dynamics,climate-variability-change;extremes;hydrometeorology,numerical_modeling;review_synthesis,train
https://doi.org/10.5194/esd-9-895-2018,Modelling feedbacks between human and natural processes in the land system,2018,Earth System Dynamics,climate-variability-change,numerical_modeling,train
https://doi.org/10.5194/esd-9-915-2018,Recent changes of relative humidity: regional connections with land and ocean processes,2018,Earth System Dynamics,observations-instruments;climate-variability-change,observation;numerical_modeling,development
https://doi.org/10.5194/esd-9-969-2018,Using network theory and machine learning to predict El Niño,2018,Earth System Dynamics,observations-instruments;climate-variability-change;statistics-causal-ml,numerical_modeling;statistical_ml,train
https://doi.org/10.5194/gmd-10-1175-2017,"The Fire Modeling Intercomparison Project (FireMIP), phase 1: experimental and analytical protocols with detailed model descriptions",2017,Geoscientific Model Development,dynamics-weather-systems;climate-variability-change;quality-control-uncertainty,numerical_modeling,blind_test
https://doi.org/10.5194/gmd-10-1403-2017,"Global gridded crop model evaluation: benchmarking, skills, deficiencies and implications",2017,Geoscientific Model Development,climate-variability-change;land-atmosphere;model-evaluation-downscaling;quality-control-uncertainty,numerical_modeling,train
https://doi.org/10.5194/gmd-10-1487-2017,The Met Office Unified Model Global Atmosphere 6.0/6.1 and JULES Global Land 6.0/6.1 configurations,2017,Geoscientific Model Development,observations-instruments;climate-variability-change,observation;numerical_modeling,blind_test
https://doi.org/10.5194/gmd-10-1703-2017,Description and evaluation of the Community Multiscale Air Quality (CMAQ) modeling system version 5.1,2017,Geoscientific Model Development,dynamics-weather-systems;atmospheric-chemistry;aerosols;air-quality-exposure,numerical_modeling,train
https://doi.org/10.5194/gmd-10-1903-2017,GLEAM v3: satellite-based land evaporation and root-zone soil moisture,2017,Geoscientific Model Development,cloud-precipitation-microphysics;remote-sensing-retrieval;observations-instruments;hydrometeorology;land-atmosphere,observation;remote_sensing;numerical_modeling,development
https://doi.org/10.5194/gmd-10-2057-2017,Historical greenhouse gas concentrations for climate modelling (CMIP6),2017,Geoscientific Model Development,dynamics-weather-systems;atmospheric-chemistry;aerosols;climate-variability-change;earth-system-models,numerical_modeling,train
https://doi.org/10.5194/gmd-10-2141-2017,A global wetland methane emissions and uncertainty dataset for atmospheric chemical transport models (WetCHARTs version 1.0),2017,Geoscientific Model Development,dynamics-weather-systems;atmospheric-chemistry;climate-variability-change;quality-control-uncertainty,numerical_modeling,train
https://doi.org/10.5194/gmd-10-2247-2017,Solar forcing for CMIP6 (v3.2),2017,Geoscientific Model Development,dynamics-weather-systems;atmospheric-chemistry;earth-system-models,numerical_modeling,train
https://doi.org/10.5194/gmd-10-2379-2017,Skill and independence weighting for multi-model assessments,2017,Geoscientific Model Development,climate-variability-change;extremes;hydrometeorology,numerical_modeling;review_synthesis,train
https://doi.org/10.5194/gmd-10-3297-2017,"Development and performance of a new version of the OASIS coupler, OASIS3-MCT_3.0",2017,Geoscientific Model Development,climate-variability-change,numerical_modeling,blind_test
https://doi.org/10.5194/gmd-10-3329-2017,Historic global biomass burning emissions for CMIP6 (BB4CMIP) based on merging satellite observations with proxies and fire models (1750–2015),2017,Geoscientific Model Development,dynamics-weather-systems;atmospheric-chemistry;aerosols;remote-sensing-retrieval;observations-instruments;earth-system-models,observation;remote_sensing;numerical_modeling,train
https://doi.org/10.5194/gmd-10-3715-2017,The BRIDGE HadCM3 family of climate models: HadCM3@Bristol v1.0,2017,Geoscientific Model Development,dynamics-weather-systems;climate-variability-change,numerical_modeling,train
https://doi.org/10.5194/gmd-10-3745-2017,A representation of the phosphorus cycle for ORCHIDEE (revision 4520),2017,Geoscientific Model Development,dynamics-weather-systems;land-atmosphere,unspecified,train
https://doi.org/10.5194/gmd-10-3979-2017,"The PMIP4 contribution to CMIP6 – Part 2: Two interglacials, scientific objective and experimental design for Holocene and Last Interglacial simulations",2017,Geoscientific Model Development,paleoclimate;earth-system-models,numerical_modeling,train
https://doi.org/10.5194/gmd-10-4005-2017,"The PMIP4 contribution to CMIP6 – Part 3: The last millennium, scientific objective, and experimental design for the PMIP4 past1000 simulations",2017,Geoscientific Model Development,dynamics-weather-systems;climate-variability-change;earth-system-models,numerical_modeling,train
https://doi.org/10.5194/gmd-10-4035-2017,The PMIP4 contribution to CMIP6 – Part 4: Scientific objectives and experimental design of the PMIP4-CMIP6 Last Glacial Maximum experiments and PMIP4 sensitivity experiments,2017,Geoscientific Model Development,climate-variability-change;paleoclimate;earth-system-models,numerical_modeling,train
https://doi.org/10.5194/gmd-10-4145-2017,Curriculum vitae of the LOTOS–EUROS (v2.0) chemistry transport model,2017,Geoscientific Model Development,atmospheric-chemistry;aerosols;air-quality-exposure,numerical_modeling,train
https://doi.org/10.5194/gmd-10-4175-2017,Parcels v0.9: prototyping a Lagrangian ocean analysis framework for the petascale age,2017,Geoscientific Model Development,unclassified,unspecified,train
https://doi.org/10.5194/gmd-10-4321-2017,Assessing the impacts of 1.5 °C global warming – simulation protocol of the Inter-Sectoral Impact Model Intercomparison Project (ISIMIP2b),2017,Geoscientific Model Development,climate-variability-change;quality-control-uncertainty,numerical_modeling,development
https://doi.org/10.5194/gmd-10-4367-2017,SedFoam-2.0: a 3-D two-phase flow numerical model for sediment transport,2017,Geoscientific Model Development,dynamics-weather-systems,numerical_modeling,development
https://doi.org/10.5194/gmd-10-553-2017,"r.avaflow v1, an advanced open-source computational framework for the propagation and interaction of two-phase mass flows",2017,Geoscientific Model Development,extremes;hydrometeorology,review_synthesis,blind_test
https://doi.org/10.5194/gmd-10-585-2017,AerChemMIP: quantifying the effects of chemistry and aerosols in CMIP6,2017,Geoscientific Model Development,dynamics-weather-systems;atmospheric-chemistry;aerosols;earth-system-models,numerical_modeling,blind_test
https://doi.org/10.5194/gmd-10-639-2017,Review of the global models used within phase 1 of the Chemistry–Climate Model Initiative (CCMI),2017,Geoscientific Model Development,dynamics-weather-systems;atmospheric-chemistry;aerosols,numerical_modeling;review_synthesis,train
https://doi.org/10.5194/gmd-11-1033-2018,The PMIP4 contribution to CMIP6 – Part 1: Overview and over-arching analysis plan,2018,Geoscientific Model Development,climate-variability-change;earth-system-models,numerical_modeling,train
https://doi.org/10.5194/gmd-11-1133-2018,The Carbon Dioxide Removal Model Intercomparison Project (CDRMIP): rationale and experimental protocol for CMIP6,2018,Geoscientific Model Development,dynamics-weather-systems;climate-variability-change;earth-system-models;quality-control-uncertainty,numerical_modeling,development
https://doi.org/10.5194/gmd-11-1343-2018,LPJmL4 – a dynamic global vegetation model with managed land – Part 1: Model description,2018,Geoscientific Model Development,dynamics-weather-systems;climate-variability-change;land-atmosphere,numerical_modeling,train
https://doi.org/10.5194/gmd-11-1405-2018,OpenDrift v1.0: a generic framework for trajectory modelling,2018,Geoscientific Model Development,dynamics-weather-systems,numerical_modeling,development
https://doi.org/10.5194/gmd-11-1421-2018,A protocol for the intercomparison of marine fishery and ecosystem models: Fish-MIP v1.0,2018,Geoscientific Model Development,ocean-atmosphere;quality-control-uncertainty,numerical_modeling,train
https://doi.org/10.5194/gmd-11-1537-2018,"ARTS, the Atmospheric Radiative Transfer Simulator – version 2.2, the planetary toolbox edition",2018,Geoscientific Model Development,cloud-precipitation-microphysics;atmospheric-radiation;atmospheric-chemistry;aerosols,unspecified,train
https://doi.org/10.5194/gmd-11-1607-2018,Boundary conditions for the Middle Miocene Climate Transition (MMCT v1.0),2018,Geoscientific Model Development,unclassified,unspecified,train
https://doi.org/10.5194/gmd-11-1929-2018,Overview of the Meso-NH model version 5.4 and its applications,2018,Geoscientific Model Development,dynamics-weather-systems;climate-variability-change,numerical_modeling,development
https://doi.org/10.5194/gmd-11-2273-2018,FAIR v1.3: a simple emissions-based impulse response and carbon cycle model,2018,Geoscientific Model Development,dynamics-weather-systems;atmospheric-chemistry;aerosols;climate-variability-change;earth-system-models,numerical_modeling,blind_test
https://doi.org/10.5194/gmd-11-2429-2018,PCR-GLOBWB 2: a 5 arcmin global hydrological and water resources model,2018,Geoscientific Model Development,observations-instruments;extremes;hydrometeorology,observation;numerical_modeling;review_synthesis,train
https://doi.org/10.5194/gmd-11-2455-2018,Atmospheric River Tracking Method Intercomparison Project (ARTMIP): project goals and experimental design,2018,Geoscientific Model Development,cloud-precipitation-microphysics;observations-instruments;climate-variability-change;quality-control-uncertainty,observation;numerical_modeling,train
https://doi.org/10.5194/gmd-11-2541-2018,"Geodynamic diagnostics, scientific visualisation and StagLab 3.0",2018,Geoscientific Model Development,unclassified,unspecified,train
https://doi.org/10.5194/gmd-11-2717-2018,An update on the RTTOV fast radiative transfer model (currently at version 12),2018,Geoscientific Model Development,dynamics-weather-systems;cloud-precipitation-microphysics;atmospheric-radiation;atmospheric-chemistry;aerosols,numerical_modeling,train
https://doi.org/10.5194/gmd-11-2995-2018,"A new version of the CABLE land surface model (Subversion revision r4601) incorporating land use and land cover change, woody vegetation demography, and a novel optimisation-based approach to plant coordination of photosynthesis",2018,Geoscientific Model Development,dynamics-weather-systems;climate-variability-change;land-atmosphere,numerical_modeling;review_synthesis,train
https://doi.org/10.5194/gmd-11-3045-2018,"EcH 2 O-iso 1.0: water isotopes and age tracking in a process-based, distributed ecohydrological model",2018,Geoscientific Model Development,atmospheric-chemistry;hydrometeorology,numerical_modeling,development
https://doi.org/10.5194/gmd-11-3481-2018,The Variable Infiltration Capacity model version 5 (VIC-5): infrastructure improvements for new applications and reproducibility,2018,Geoscientific Model Development,cloud-precipitation-microphysics;observations-instruments;hydrometeorology;research-integrity-writing,observation;numerical_modeling,train
https://doi.org/10.5194/gmd-11-369-2018,Historical (1750–2014) anthropogenic emissions of reactive gases and aerosols from the Community Emissions Data System (CEDS),2018,Geoscientific Model Development,dynamics-weather-systems;atmospheric-chemistry;aerosols;climate-variability-change,unspecified,train
https://doi.org/10.5194/gmd-11-3999-2018,Challenges and design choices for global weather and climate models based on machine learning,2018,Geoscientific Model Development,forecasting-predictability;climate-variability-change;hydrometeorology;statistics-causal-ml,numerical_modeling;statistical_ml,blind_test
https://doi.org/10.5194/gmd-11-4537-2018,A protocol for an intercomparison of biodiversity and ecosystem services models using harmonized land-use and climate scenarios,2018,Geoscientific Model Development,quality-control-uncertainty,numerical_modeling,development
https://doi.org/10.5194/gmd-11-5027-2018,ESM-SnowMIP: assessing snow models and quantifying snow-related climate feedbacks,2018,Geoscientific Model Development,observations-instruments;climate-variability-change;hydrometeorology;earth-system-models,observation;numerical_modeling,train
https://doi.org/10.5194/gmd-12-1-2019,GemPy 1.0: open-source stochastic geological modeling and inversion,2019,Geoscientific Model Development,unclassified,numerical_modeling,train
https://doi.org/10.5194/gmd-12-1087-2019,SEAS5: the new ECMWF seasonal forecast system,2019,Geoscientific Model Development,dynamics-weather-systems;forecasting-predictability;climate-variability-change,numerical_modeling,train
https://doi.org/10.5194/gmd-12-1139-2019,The Polar Amplification Model Intercomparison Project (PAMIP) contribution to CMIP6: investigating the causes and consequences of polar amplification,2019,Geoscientific Model Development,dynamics-weather-systems;climate-variability-change;earth-system-models;quality-control-uncertainty,numerical_modeling,train
https://doi.org/10.5194/gmd-12-1165-2019,Devito (v3.1.0): an embedded domain-specific language for finite differences and geophysical exploration,2019,Geoscientific Model Development,unclassified,numerical_modeling,train
https://doi.org/10.5194/gmd-12-1299-2019,MAgPIE 4 – a modular open-source framework for modeling global land systems,2019,Geoscientific Model Development,climate-variability-change,numerical_modeling,blind_test
https://doi.org/10.5194/gmd-12-1443-2019,Global emissions pathways under different socioeconomic scenarios for use in CMIP6: a dataset of harmonized emissions trajectories through the end of the century,2019,Geoscientific Model Development,dynamics-weather-systems;atmospheric-chemistry;aerosols;earth-system-models,numerical_modeling,train
https://doi.org/10.5194/gmd-12-1573-2019,The Beijing Climate Center Climate System Model (BCC-CSM): the main progress from CMIP5 to CMIP6,2019,Geoscientific Model Development,dynamics-weather-systems;climate-variability-change;earth-system-models,numerical_modeling,train
https://doi.org/10.5194/gmd-12-1847-2019,OceanMesh2D 1.0: MATLAB-based software for two-dimensional unstructured mesh generation in coastal ocean modeling,2019,Geoscientific Model Development,dynamics-weather-systems;ocean-atmosphere,numerical_modeling,train
https://doi.org/10.5194/gmd-12-1909-2019,The Met Office Unified Model Global Atmosphere 7.0/7.1 and JULES Global Land 7.0 configurations,2019,Geoscientific Model Development,dynamics-weather-systems;atmospheric-chemistry;climate-variability-change,numerical_modeling,development
https://doi.org/10.5194/gmd-12-2727-2019,"Description and basic evaluation of simulated mean state, internal variability, and climate sensitivity in MIROC6",2019,Geoscientific Model Development,dynamics-weather-systems;atmospheric-chemistry;climate-variability-change,numerical_modeling,train
https://doi.org/10.5194/gmd-12-3055-2019,Trend-preserving bias adjustment and statistical downscaling with ISIMIP3BASD (v1.0),2019,Geoscientific Model Development,climate-variability-change;model-evaluation-downscaling;statistics-causal-ml,numerical_modeling;statistical_ml,train
https://doi.org/10.5194/gmd-12-3241-2019,Max Planck Institute Earth System Model (MPI-ESM1.2) for the High-Resolution Model Intercomparison Project (HighResMIP),2019,Geoscientific Model Development,climate-variability-change;earth-system-models;quality-control-uncertainty,numerical_modeling,development
https://doi.org/10.5194/gmd-12-3571-2019,The Parcels v2.0 Lagrangian framework: new field interpolation schemes,2019,Geoscientific Model Development,dynamics-weather-systems;ocean-atmosphere,unspecified,train
https://doi.org/10.5194/gmd-12-4823-2019,The Canadian Earth System Model version 5 (CanESM5.0.3),2019,Geoscientific Model Development,dynamics-weather-systems;climate-variability-change;earth-system-models,numerical_modeling,blind_test
https://doi.org/10.5194/gmd-12-4955-2019,The Lagrangian particle dispersion model FLEXPART version 10.4,2019,Geoscientific Model Development,dynamics-weather-systems;atmospheric-chemistry;aerosols,numerical_modeling,blind_test
https://doi.org/10.5194/gmd-12-677-2019,"GCAM v5.1: representing the linkages between energy, water, land, climate, and economic systems",2019,Geoscientific Model Development,climate-variability-change,unspecified,train
https://doi.org/10.5194/gmd-12-909-2019,The Open Global Glacier Model (OGGM) v1.1,2019,Geoscientific Model Development,dynamics-weather-systems;observations-instruments;climate-variability-change,observation;numerical_modeling,development
https://doi.org/10.5194/gmd-13-1335-2020,Overview of the PALM model system 6.0,2020,Geoscientific Model Development,land-atmosphere,numerical_modeling,development
https://doi.org/10.5194/gmd-13-2197-2020,Development of the MIROC-ES2L Earth system model and the evaluation of biogeochemical processes and feedbacks,2020,Geoscientific Model Development,dynamics-weather-systems;atmospheric-chemistry;climate-variability-change;ocean-atmosphere;earth-system-models,numerical_modeling,train
https://doi.org/10.5194/gmd-13-2631-2020,RainNet v1.0: a convolutional neural network for radar-based precipitation nowcasting,2020,Geoscientific Model Development,forecasting-predictability;cloud-precipitation-microphysics;remote-sensing-retrieval;observations-instruments;extremes;statistics-causal-ml,observation;remote_sensing;numerical_modeling;statistical_ml;review_synthesis,train
https://doi.org/10.5194/gmd-13-3267-2020,Development of the Community Water Model (CWatM v1.04) – a high-resolution hydrological model for global and regional assessment of integrated water resources management,2020,Geoscientific Model Development,hydrometeorology,numerical_modeling;review_synthesis,development
https://doi.org/10.5194/gmd-13-3299-2020,Quantitative assessment of fire and vegetation properties in simulations with fire-enabled vegetation models from the Fire Model Intercomparison Project,2020,Geoscientific Model Development,land-atmosphere;quality-control-uncertainty,numerical_modeling;review_synthesis,train
https://doi.org/10.5194/gmd-13-335-2020,An urban ecohydrological model to quantify the effect of vegetation on urban climate and hydrology (UT&C v1.0),2020,Geoscientific Model Development,air-quality-exposure;hydrometeorology;land-atmosphere,numerical_modeling,train
https://doi.org/10.5194/gmd-13-3571-2020,The shared socio-economic pathway (SSP) greenhouse gas concentrations and their extensions to 2500,2020,Geoscientific Model Development,dynamics-weather-systems;atmospheric-chemistry;aerosols;climate-variability-change,unspecified,train
https://doi.org/10.5194/gmd-13-5079-2020,The Making of the New European Wind Atlas – Part 2: Production and evaluation,2020,Geoscientific Model Development,unclassified,numerical_modeling,train
https://doi.org/10.5194/gmd-13-5425-2020,Harmonization of global land use change and management for the period 850–2100 (LUH2) for CMIP6,2020,Geoscientific Model Development,dynamics-weather-systems;climate-variability-change;earth-system-models,numerical_modeling,train
https://doi.org/10.5194/gmd-13-6165-2020,"Overview of the Norwegian Earth System Model (NorESM2) and key climate response of CMIP6 DECK, historical, and scenario simulations",2020,Geoscientific Model Development,dynamics-weather-systems;climate-variability-change;earth-system-models,numerical_modeling,train
https://doi.org/10.5194/gmd-14-1037-2021,The global water resources and use model WaterGAP v2.2d: model description and evaluation,2021,Geoscientific Model Development,atmospheric-chemistry;observations-instruments;climate-variability-change,observation;numerical_modeling,train
https://doi.org/10.5194/gmd-14-2867-2021,The Community Multiscale Air Quality (CMAQ) model versions 5.3 and 5.3.1: system updates and evaluation,2021,Geoscientific Model Development,cloud-precipitation-microphysics;atmospheric-chemistry;aerosols;air-quality-exposure,numerical_modeling,train
https://doi.org/10.5194/gmd-14-6571-2021,REMIND2.1: transformation and innovation dynamics of the energy-economic system within climate and sustainability limits,2021,Geoscientific Model Development,dynamics-weather-systems;climate-variability-change,unspecified,train
https://doi.org/10.5194/gmd-15-15-2022,PyCO2SYS v1.8: marine carbonate system calculations in Python,2022,Geoscientific Model Development,ocean-atmosphere,unspecified,train
https://doi.org/10.5194/gmd-15-2973-2022,The EC-Earth3 Earth system model for the Coupled Model Intercomparison Project 6,2022,Geoscientific Model Development,atmospheric-chemistry;earth-system-models;quality-control-uncertainty,numerical_modeling,train
https://doi.org/10.5194/gmd-15-3161-2022,GSTools v1.3: a toolbox for geostatistical modelling in Python,2022,Geoscientific Model Development,remote-sensing-retrieval;hydrometeorology;land-atmosphere;statistics-causal-ml,remote_sensing;numerical_modeling;statistical_ml,train
https://doi.org/10.5194/gmd-15-4597-2022,A framework for ensemble modelling of climate change impacts on lakes worldwide: the ISIMIP Lake Sector,2022,Geoscientific Model Development,dynamics-weather-systems;forecasting-predictability;climate-variability-change;ocean-atmosphere,numerical_modeling,train
https://doi.org/10.5194/gmd-15-5481-2022,Root-mean-square error (RMSE) or mean absolute error (MAE): when to use them or not,2022,Geoscientific Model Development,statistics-causal-ml;quality-control-uncertainty,numerical_modeling;statistical_ml,train
https://doi.org/10.5194/gmd-15-9075-2022,The IPCC Sixth Assessment Report WGIII climate assessment of mitigation pathways: from emissions to global temperatures,2022,Geoscientific Model Development,dynamics-weather-systems;climate-variability-change,numerical_modeling;review_synthesis,train
https://doi.org/10.5194/gmd-9-1153-2016,Earth System Chemistry integrated Modelling (ESCiMo) with the Modular Earth Submodel System (MESSy) version 2.51,2016,Geoscientific Model Development,dynamics-weather-systems;atmospheric-chemistry;aerosols,numerical_modeling,development
https://doi.org/10.5194/gmd-9-1293-2016,ERSEM 15.06: a generic model for marine biogeochemistry and the ecosystem dynamics of the lower trophic levels,2016,Geoscientific Model Development,dynamics-weather-systems;atmospheric-chemistry;ocean-atmosphere,numerical_modeling,blind_test
https://doi.org/10.5194/gmd-9-1647-2016,The libRadtran software package for radiative transfer calculations (version 2.0.1),2016,Geoscientific Model Development,dynamics-weather-systems;atmospheric-radiation;atmospheric-chemistry;aerosols,unspecified,train
https://doi.org/10.5194/gmd-9-175-2016,Modeling global water use for the 21st century: the Water Futures and Solutions (WFaS) initiative and its approaches,2016,Geoscientific Model Development,hydrometeorology,numerical_modeling,blind_test
https://doi.org/10.5194/gmd-9-1937-2016,Overview of the Coupled Model Intercomparison Project Phase 6 (CMIP6) experimental design and organization,2016,Geoscientific Model Development,dynamics-weather-systems;climate-variability-change;earth-system-models;quality-control-uncertainty,numerical_modeling,train
https://doi.org/10.5194/gmd-9-1977-2016,"LAKE 2.0: a model for temperature, methane, carbon dioxide and oxygen dynamics in lakes",2016,Geoscientific Model Development,dynamics-weather-systems;atmospheric-chemistry,numerical_modeling,train
https://doi.org/10.5194/gmd-9-2415-2016,Improved representation of plant functional types and physiology in the Joint UK Land Environment Simulator (JULES v4.2) using plant trait information,2016,Geoscientific Model Development,dynamics-weather-systems;remote-sensing-retrieval;land-atmosphere,remote_sensing,train
https://doi.org/10.5194/gmd-9-2809-2016,"LS3MIP (v1.0) contribution to CMIP6: the Land Surface, Snow and Soil moisture Model Intercomparison Project – aims, setup and expected outcome",2016,Geoscientific Model Development,observations-instruments;climate-variability-change;hydrometeorology;land-atmosphere;earth-system-models;quality-control-uncertainty,observation;numerical_modeling,train
https://doi.org/10.5194/gmd-9-2853-2016,C4MIP – The Coupled Climate–Carbon Cycle Model Intercomparison Project: experimental protocol for CMIP6,2016,Geoscientific Model Development,dynamics-weather-systems;climate-variability-change;earth-system-models;quality-control-uncertainty,numerical_modeling,development
https://doi.org/10.5194/gmd-9-2973-2016,The Land Use Model Intercomparison Project (LUMIP) contribution to CMIP6: rationale and experimental design,2016,Geoscientific Model Development,dynamics-weather-systems;climate-variability-change;earth-system-models;quality-control-uncertainty,numerical_modeling,development
https://doi.org/10.5194/gmd-9-3231-2016,OMIP contribution to CMIP6: experimental and diagnostic protocol for the physical component of the Ocean Model Intercomparison Project,2016,Geoscientific Model Development,dynamics-weather-systems;climate-variability-change;earth-system-models;quality-control-uncertainty,numerical_modeling,train
https://doi.org/10.5194/gmd-9-3309-2016,The Framework for 0-D Atmospheric Modeling (F0AM) v3.1,2016,Geoscientific Model Development,dynamics-weather-systems;atmospheric-chemistry;aerosols,numerical_modeling,train
https://doi.org/10.5194/gmd-9-3461-2016,The Scenario Model Intercomparison Project (ScenarioMIP) for CMIP6,2016,Geoscientific Model Development,dynamics-weather-systems;air-quality-exposure;climate-variability-change;earth-system-models;quality-control-uncertainty,numerical_modeling,train
https://doi.org/10.5194/gmd-9-3685-2016,The Detection and Attribution Model Intercomparison Project (DAMIP v1.0) contribution to CMIP6,2016,Geoscientific Model Development,dynamics-weather-systems;atmospheric-chemistry;aerosols;climate-variability-change;earth-system-models;quality-control-uncertainty,numerical_modeling,blind_test
https://doi.org/10.5194/gmd-9-3751-2016,The Decadal Climate Prediction Project (DCPP) contribution to CMIP6,2016,Geoscientific Model Development,dynamics-weather-systems;forecasting-predictability;climate-variability-change;earth-system-models,numerical_modeling,train
https://doi.org/10.5194/gmd-9-3975-2016,Automatic delineation of geomorphological slope units with r.slopeunits v1.0 and their optimization for landslide susceptibility modeling,2016,Geoscientific Model Development,observations-instruments;land-atmosphere,observation;numerical_modeling,development
https://doi.org/10.5194/gmd-9-4087-2016,WCRP COordinated Regional Downscaling EXperiment (CORDEX): a diagnostic MIP for CMIP6,2016,Geoscientific Model Development,dynamics-weather-systems;climate-variability-change;earth-system-models;model-evaluation-downscaling,numerical_modeling,train
https://doi.org/10.5194/gmd-9-4185-2016,High Resolution Model Intercomparison Project (HighResMIP v1.0) for CMIP6,2016,Geoscientific Model Development,dynamics-weather-systems;climate-variability-change;earth-system-models;quality-control-uncertainty,numerical_modeling,development
https://doi.org/10.5194/gmd-9-4227-2016,Linking hydraulic traits to tropical forest function in a size-structured and trait-driven model (TFS v.1-Hydro),2016,Geoscientific Model Development,dynamics-weather-systems,numerical_modeling,train
https://doi.org/10.5194/gmd-9-4521-2016,Ice Sheet Model Intercomparison Project (ISMIP6) contribution to CMIP6,2016,Geoscientific Model Development,dynamics-weather-systems;observations-instruments;climate-variability-change;earth-system-models;quality-control-uncertainty,observation;numerical_modeling,blind_test
https://doi.org/10.5194/gmd-9-505-2016,Description and evaluation of a new four-mode version of the Modal Aerosol Module (MAM4) within version 5.3 of the Community Atmosphere Model,2016,Geoscientific Model Development,cloud-precipitation-microphysics;atmospheric-chemistry;aerosols,numerical_modeling,blind_test
https://doi.org/10.5194/wcd-1-1-2020,The characteristics and structure of extra-tropical cyclones in a warmer climate,2020,Weather and Climate Dynamics,dynamics-weather-systems;remote-sensing-retrieval;climate-variability-change,remote_sensing;numerical_modeling,train
https://doi.org/10.5194/wcd-1-111-2020,Waveguidability of idealized midlatitude jets and the limitations of ray tracing theory,2020,Weather and Climate Dynamics,dynamics-weather-systems;climate-variability-change,numerical_modeling,train
https://doi.org/10.5194/wcd-1-127-2020,Potential vorticity structure of embedded convection in a warm conveyor belt and its relevance for large-scale dynamics,2020,Weather and Climate Dynamics,dynamics-weather-systems;climate-variability-change,numerical_modeling,train
https://doi.org/10.5194/wcd-1-155-2020,Decomposing the response of the stratospheric Brewer–Dobson circulation to an abrupt quadrupling in CO 2,2020,Weather and Climate Dynamics,dynamics-weather-systems;atmospheric-chemistry;climate-variability-change,numerical_modeling,train
https://doi.org/10.5194/wcd-1-191-2020,A Lagrangian analysis of upper-tropospheric anticyclones associated with heat waves in Europe,2020,Weather and Climate Dynamics,dynamics-weather-systems;climate-variability-change,numerical_modeling,train
https://doi.org/10.5194/wcd-1-225-2020,Nonlinearity in the tropospheric pathway of ENSO to the North Atlantic,2020,Weather and Climate Dynamics,atmospheric-chemistry;climate-variability-change,numerical_modeling,train
https://doi.org/10.5194/wcd-1-261-2020,Intermittency of Arctic–mid-latitude teleconnections: stratospheric pathway between autumn sea ice and the winter North Atlantic Oscillation,2020,Weather and Climate Dynamics,dynamics-weather-systems;climate-variability-change,numerical_modeling,train
https://doi.org/10.5194/wcd-1-277-2020,Northern Hemisphere blocking simulation in current climate models: evaluating progress from the Climate Model Intercomparison Project Phase 5 to 6 and sensitivity to resolution,2020,Weather and Climate Dynamics,dynamics-weather-systems;climate-variability-change;quality-control-uncertainty,numerical_modeling,train
https://doi.org/10.5194/wcd-1-293-2020,Atmospheric blocking in an aquaplanet and the impact of orography,2020,Weather and Climate Dynamics,dynamics-weather-systems;climate-variability-change,numerical_modeling,train
https://doi.org/10.5194/wcd-1-313-2020,Robust predictors for seasonal Atlantic hurricane activity identified with causal effect networks,2020,Weather and Climate Dynamics,dynamics-weather-systems;observations-instruments;climate-variability-change;statistics-causal-ml,numerical_modeling;statistical_ml,train
https://doi.org/10.5194/wcd-1-325-2020,The role of large-scale dynamics in an exceptional sequence of severe thunderstorms in Europe May–June 2018,2020,Weather and Climate Dynamics,dynamics-weather-systems;climate-variability-change,numerical_modeling,train
https://doi.org/10.5194/wcd-1-349-2020,The American monsoon system in HadGEM3 and UKESM1,2020,Weather and Climate Dynamics,dynamics-weather-systems;climate-variability-change;earth-system-models,numerical_modeling,train
https://doi.org/10.5194/wcd-1-373-2020,The role of North Atlantic–European weather regimes in the surface impact of sudden stratospheric warming events,2020,Weather and Climate Dynamics,atmospheric-chemistry;climate-variability-change,numerical_modeling,train
https://doi.org/10.5194/wcd-1-405-2020,The sensitivity of atmospheric blocking to upstream latent heating – numerical experiments,2020,Weather and Climate Dynamics,dynamics-weather-systems;cloud-precipitation-microphysics;aerosols;climate-variability-change,numerical_modeling,train
https://doi.org/10.5194/wcd-1-445-2020,An attempt to explain recent changes in European snowfall extremes,2020,Weather and Climate Dynamics,dynamics-weather-systems;cloud-precipitation-microphysics;climate-variability-change;extremes,numerical_modeling,development
https://doi.org/10.5194/wcd-1-45-2020,The substructure of extremely hot summers in the Northern Hemisphere,2020,Weather and Climate Dynamics,observations-instruments;climate-variability-change;extremes,observation;numerical_modeling,blind_test
https://doi.org/10.5194/wcd-1-481-2020,On the intermittency of orographic gravity wave hotspots and its importance for middle atmosphere dynamics,2020,Weather and Climate Dynamics,dynamics-weather-systems;atmospheric-chemistry;climate-variability-change,numerical_modeling,train
https://doi.org/10.5194/wcd-1-497-2020,A Lagrangian analysis of the dynamical and thermodynamic drivers of large-scale Greenland melt events during 1979–2017,2020,Weather and Climate Dynamics,observations-instruments;climate-variability-change,observation;numerical_modeling,train
https://doi.org/10.5194/wcd-1-519-2020,Dominant patterns of interaction between the tropics and mid-latitudes in boreal summer: causal relationships and the role of timescales,2020,Weather and Climate Dynamics,climate-variability-change;ocean-atmosphere;statistics-causal-ml,numerical_modeling;statistical_ml,train
https://doi.org/10.5194/wcd-1-541-2020,Stratospheric influence on North Atlantic marine cold air outbreaks following sudden stratospheric warming events,2020,Weather and Climate Dynamics,dynamics-weather-systems;climate-variability-change;ocean-atmosphere,numerical_modeling,train
https://doi.org/10.5194/wcd-1-555-2020,Tropopause-level planetary wave source and its role in two-way troposphere–stratosphere coupling,2020,Weather and Climate Dynamics,dynamics-weather-systems;atmospheric-chemistry;climate-variability-change,numerical_modeling,train
https://doi.org/10.5194/wcd-1-577-2020,"Vertical cloud structure of warm conveyor belts – a comparison and evaluation of ERA5 reanalysis, CloudSat and CALIPSO data",2020,Weather and Climate Dynamics,cloud-precipitation-microphysics;aerosols,numerical_modeling;reanalysis,train
https://doi.org/10.5194/wcd-1-597-2020,How an uncertain short-wave perturbation on the North Atlantic wave guide affects the forecast of an intense Mediterranean cyclone (Medicane Zorbas),2020,Weather and Climate Dynamics,dynamics-weather-systems;forecasting-predictability;climate-variability-change,numerical_modeling,train
https://doi.org/10.5194/wcd-1-617-2020,Organization of convective ascents in a warm conveyor belt,2020,Weather and Climate Dynamics,unclassified,numerical_modeling,train
https://doi.org/10.5194/wcd-1-635-2020,The effect of seasonally and spatially varying chlorophyll on Bay of Bengal surface ocean properties and the South Asian monsoon,2020,Weather and Climate Dynamics,dynamics-weather-systems;climate-variability-change;ocean-atmosphere,numerical_modeling,train
https://doi.org/10.5194/wcd-1-675-2020,Attribution of precipitation to cyclones and fronts over Europe in a kilometer-scale regional climate simulation,2020,Weather and Climate Dynamics,dynamics-weather-systems;cloud-precipitation-microphysics;climate-variability-change;model-evaluation-downscaling,numerical_modeling,train
https://doi.org/10.5194/wcd-1-715-2020,The role of Barents–Kara sea ice loss in projected polar vortex changes,2020,Weather and Climate Dynamics,dynamics-weather-systems;observations-instruments;climate-variability-change,observation;numerical_modeling,train
https://doi.org/10.5194/wcd-1-731-2020,Impacts of the North Atlantic Oscillation on winter precipitations and storm track variability in southeast Canada and the northeast United States,2020,Weather and Climate Dynamics,dynamics-weather-systems;cloud-precipitation-microphysics;climate-variability-change,numerical_modeling,train
https://doi.org/10.5194/wcd-2-1-2021,"Lagrangian detection of precipitation moisture sources for an arid region in northeast Greenland: relations to the North Atlantic Oscillation, sea ice cover, and temporal trends from 1979 to 2017",2021,Weather and Climate Dynamics,dynamics-weather-systems;cloud-precipitation-microphysics;observations-instruments;climate-variability-change,observation,train
https://doi.org/10.5194/wcd-2-1093-2021,Future summer warming pattern under climate change is affected by lapse-rate changes,2021,Weather and Climate Dynamics,climate-variability-change,numerical_modeling,train
https://doi.org/10.5194/wcd-2-111-2021,Tropospheric eddy feedback to different stratospheric conditions in idealised baroclinic life cycles,2021,Weather and Climate Dynamics,atmospheric-chemistry;climate-variability-change,numerical_modeling,train
https://doi.org/10.5194/wcd-2-1111-2021,Characteristics of extratropical cyclones and precursors to windstorms in northern Europe,2021,Weather and Climate Dynamics,dynamics-weather-systems;climate-variability-change,numerical_modeling,train
https://doi.org/10.5194/wcd-2-1187-2021,Synoptic processes of winter precipitation in the Upper Indus Basin,2021,Weather and Climate Dynamics,dynamics-weather-systems;cloud-precipitation-microphysics;climate-variability-change,numerical_modeling,train
https://doi.org/10.5194/wcd-2-1225-2021,A characterisation of Alpine mesocyclone occurrence,2021,Weather and Climate Dynamics,dynamics-weather-systems;observations-instruments;climate-variability-change,observation;numerical_modeling,train
https://doi.org/10.5194/wcd-2-1283-2021,"Dynamical and surface impacts of the January 2021 sudden stratospheric warming in novel Aeolus wind observations, MLS and ERA5",2021,Weather and Climate Dynamics,atmospheric-chemistry;observations-instruments;climate-variability-change,observation;numerical_modeling;reanalysis,train
https://doi.org/10.5194/wcd-2-129-2021,A global climatological perspective on the importance of Rossby wave breaking and intense moisture transport for extreme precipitation events,2021,Weather and Climate Dynamics,dynamics-weather-systems;cloud-precipitation-microphysics;climate-variability-change;extremes,numerical_modeling;review_synthesis,train
https://doi.org/10.5194/wcd-2-163-2021,A regime view of future atmospheric circulation changes in northern mid-latitudes,2021,Weather and Climate Dynamics,dynamics-weather-systems;atmospheric-chemistry;climate-variability-change,numerical_modeling,train
https://doi.org/10.5194/wcd-2-181-2021,The importance of horizontal model resolution on simulated precipitation in Europe – from global to regional models,2021,Weather and Climate Dynamics,cloud-precipitation-microphysics;observations-instruments;climate-variability-change,observation;numerical_modeling,train
https://doi.org/10.5194/wcd-2-19-2021,Polar lows – moist-baroclinic cyclones developing in four different vertical wind shear environments,2021,Weather and Climate Dynamics,dynamics-weather-systems;climate-variability-change,numerical_modeling,train
https://doi.org/10.5194/wcd-2-255-2021,A process-based anatomy of Mediterranean cyclones: from baroclinic lows to tropical-like systems,2021,Weather and Climate Dynamics,dynamics-weather-systems;climate-variability-change,numerical_modeling,train
https://doi.org/10.5194/wcd-2-281-2021,How Rossby wave breaking modulates the water cycle in the North Atlantic trade wind region,2021,Weather and Climate Dynamics,dynamics-weather-systems;climate-variability-change;hydrometeorology,numerical_modeling,train
https://doi.org/10.5194/wcd-2-331-2021,The role of air–sea fluxes for the water vapour isotope signals in the cold and warm sectors of extratropical cyclones over the Southern Ocean,2021,Weather and Climate Dynamics,dynamics-weather-systems;atmospheric-chemistry;climate-variability-change,numerical_modeling,train
https://doi.org/10.5194/wcd-2-37-2021,Mid-level convection in a warm conveyor belt accelerates the jet stream,2021,Weather and Climate Dynamics,dynamics-weather-systems;climate-variability-change,numerical_modeling,train
https://doi.org/10.5194/wcd-2-453-2021,The wave geometry of final stratospheric warming events,2021,Weather and Climate Dynamics,dynamics-weather-systems;atmospheric-chemistry;climate-variability-change,numerical_modeling,train
https://doi.org/10.5194/wcd-2-507-2021,The three-dimensional life cycles of potential vorticity cutoffs: a global and selected regional climatologies in ERA-Interim (1979–2018),2021,Weather and Climate Dynamics,dynamics-weather-systems;climate-variability-change,numerical_modeling,development
https://doi.org/10.5194/wcd-2-535-2021,Potential-vorticity dynamics of troughs and ridges within Rossby wave packets during a 40-year reanalysis period,2021,Weather and Climate Dynamics,dynamics-weather-systems;climate-variability-change,numerical_modeling;reanalysis,train
https://doi.org/10.5194/wcd-2-55-2021,The storm-track suppression over the western North Pacific from a cyclone life-cycle perspective,2021,Weather and Climate Dynamics,dynamics-weather-systems;climate-variability-change,numerical_modeling;review_synthesis,train
https://doi.org/10.5194/wcd-2-609-2021,Large-scale drivers of the mistral wind: link to Rossby wave life cycles and seasonal variability,2021,Weather and Climate Dynamics,dynamics-weather-systems;climate-variability-change,numerical_modeling,train
https://doi.org/10.5194/wcd-2-631-2021,On the occurrence of strong vertical wind shear in the tropopause region: a 10-year ERA5 northern hemispheric study,2021,Weather and Climate Dynamics,atmospheric-chemistry;aerosols;climate-variability-change,numerical_modeling;reanalysis,train
https://doi.org/10.5194/wcd-2-675-2021,Linking air stagnation in Europe with the synoptic- to large-scale atmospheric circulation,2021,Weather and Climate Dynamics,dynamics-weather-systems;atmospheric-chemistry;aerosols;climate-variability-change,numerical_modeling,train
https://doi.org/10.5194/wcd-2-713-2021,High-resolution stable isotope signature of a land-falling atmospheric river in southern Norway,2021,Weather and Climate Dynamics,atmospheric-chemistry;climate-variability-change,numerical_modeling,train
https://doi.org/10.5194/wcd-2-819-2021,Oceanic moisture sources contributing to wintertime Euro-Atlantic blocking,2021,Weather and Climate Dynamics,dynamics-weather-systems;climate-variability-change,numerical_modeling,train
https://doi.org/10.5194/wcd-2-89-2021,Observations and simulation of intense convection embedded in a warm conveyor belt – how ambient vertical wind shear determines the dynamical impact,2021,Weather and Climate Dynamics,dynamics-weather-systems;cloud-precipitation-microphysics;aerosols;observations-instruments;climate-variability-change,observation;numerical_modeling,train
https://doi.org/10.5194/wcd-2-971-2021,A dynamical adjustment perspective on extreme event attribution,2021,Weather and Climate Dynamics,climate-variability-change;extremes,numerical_modeling;review_synthesis,train
https://doi.org/10.5194/wcd-2-991-2021,A global analysis of the dry-dynamic forcing during cyclone growth and propagation,2021,Weather and Climate Dynamics,dynamics-weather-systems;climate-variability-change,numerical_modeling,train
https://doi.org/10.5194/wcd-3-1-2022,"Moisture origin, transport pathways, and driving processes of intense wintertime moisture transport into the Arctic",2022,Weather and Climate Dynamics,dynamics-weather-systems;climate-variability-change,numerical_modeling,development
https://doi.org/10.5194/wcd-3-1021-2022,Supercell convective environments in Spain based on ERA5: hail and non-hail differences,2022,Weather and Climate Dynamics,dynamics-weather-systems;climate-variability-change,numerical_modeling;reanalysis,train
https://doi.org/10.5194/wcd-3-1063-2022,Predictability of a tornado environment index from El Niño–Southern Oscillation (ENSO) and the Arctic Oscillation,2022,Weather and Climate Dynamics,forecasting-predictability;climate-variability-change,numerical_modeling,development
https://doi.org/10.5194/wcd-3-1097-2022,The composite development and structure of intense synoptic-scale Arctic cyclones,2022,Weather and Climate Dynamics,dynamics-weather-systems;climate-variability-change,numerical_modeling,blind_test
https://doi.org/10.5194/wcd-3-1113-2022,Classification of Alpine south foehn based on 5 years of kilometre-scale analysis data,2022,Weather and Climate Dynamics,observations-instruments;climate-variability-change,observation;numerical_modeling,train
https://doi.org/10.5194/wcd-3-1139-2022,Recurrent Rossby waves and south-eastern Australian heatwaves,2022,Weather and Climate Dynamics,dynamics-weather-systems;climate-variability-change;extremes,numerical_modeling,development
https://doi.org/10.5194/wcd-3-1215-2022,Stratospheric downward wave reflection events modulate North American weather regimes and cold spells,2022,Weather and Climate Dynamics,dynamics-weather-systems;atmospheric-chemistry;climate-variability-change,numerical_modeling,blind_test
https://doi.org/10.5194/wcd-3-1237-2022,The stratosphere: a review of the dynamics and variability,2022,Weather and Climate Dynamics,dynamics-weather-systems;atmospheric-chemistry;climate-variability-change,numerical_modeling;review_synthesis,development
https://doi.org/10.5194/wcd-3-139-2022,Twenty-first-century Southern Hemisphere impacts of ozone recovery and climate change from the stratosphere to the ocean,2022,Weather and Climate Dynamics,dynamics-weather-systems;atmospheric-chemistry;climate-variability-change,numerical_modeling,train
https://doi.org/10.5194/wcd-3-1415-2022,Reanalysis representation of low-level winds in the Antarctic near-coastal region,2022,Weather and Climate Dynamics,dynamics-weather-systems;observations-instruments;climate-variability-change,observation;numerical_modeling;reanalysis,train
https://doi.org/10.5194/wcd-3-173-2022,"Mediterranean cyclones: current knowledge and open questions on dynamics, prediction, climatology and impacts",2022,Weather and Climate Dynamics,dynamics-weather-systems;forecasting-predictability;climate-variability-change,numerical_modeling,train
https://doi.org/10.5194/wcd-3-21-2022,Interaction between Atlantic cyclones and Eurasian atmospheric blocking drives wintertime warm extremes in the high Arctic,2022,Weather and Climate Dynamics,dynamics-weather-systems;climate-variability-change;extremes,numerical_modeling,train
https://doi.org/10.5194/wcd-3-305-2022,Atmospheric blocking and weather extremes over the Euro-Atlantic sector – a review,2022,Weather and Climate Dynamics,dynamics-weather-systems;climate-variability-change;extremes,numerical_modeling;review_synthesis,train
https://doi.org/10.5194/wcd-3-337-2022,"Future changes in the extratropical storm tracks and cyclone intensity, wind speed, and structure",2022,Weather and Climate Dynamics,dynamics-weather-systems;climate-variability-change,numerical_modeling,train
https://doi.org/10.5194/wcd-3-361-2022,Differentiating lightning in winter and summer with characteristics of the wind field and mass field,2022,Weather and Climate Dynamics,unclassified,numerical_modeling,train
https://doi.org/10.5194/wcd-3-429-2022,"Future changes in North Atlantic winter cyclones in CESM-LE – Part 1: Cyclone intensity, potential vorticity anomalies, and horizontal wind speed",2022,Weather and Climate Dynamics,dynamics-weather-systems;climate-variability-change;earth-system-models,numerical_modeling,train
https://doi.org/10.5194/wcd-3-471-2022,Extreme Atlantic hurricane seasons made twice as likely by ocean warming,2022,Weather and Climate Dynamics,dynamics-weather-systems;remote-sensing-retrieval;climate-variability-change;extremes,remote_sensing;numerical_modeling,blind_test
https://doi.org/10.5194/wcd-3-483-2022,A global climatology of polar lows investigated for local differences and wind-shear environments,2022,Weather and Climate Dynamics,dynamics-weather-systems;climate-variability-change,numerical_modeling,train
https://doi.org/10.5194/wcd-3-505-2022,Quantifying climate model representation of the wintertime Euro-Atlantic circulation using geopotential-jet regimes,2022,Weather and Climate Dynamics,dynamics-weather-systems;climate-variability-change;extremes;hydrometeorology,numerical_modeling,train
https://doi.org/10.5194/wcd-3-625-2022,Metrics of the Hadley circulation strength and associated circulation trends,2022,Weather and Climate Dynamics,dynamics-weather-systems;atmospheric-chemistry;climate-variability-change,numerical_modeling,blind_test
https://doi.org/10.5194/wcd-3-777-2022,Trends in the tropospheric general circulation from 1979 to 2022,2022,Weather and Climate Dynamics,dynamics-weather-systems;atmospheric-chemistry;aerosols;climate-variability-change,numerical_modeling,train
https://doi.org/10.5194/wcd-3-825-2022,The tropical route of quasi-biennial oscillation (QBO) teleconnections in a climate model,2022,Weather and Climate Dynamics,dynamics-weather-systems;climate-variability-change,numerical_modeling,train
https://doi.org/10.5194/wcd-3-845-2022,Pacific Decadal Oscillation modulates the Arctic sea-ice loss influence on the midlatitude atmospheric circulation in winter,2022,Weather and Climate Dynamics,dynamics-weather-systems;climate-variability-change,numerical_modeling,train
https://doi.org/10.5194/wcd-3-905-2022,Summertime Rossby waves in climate models: substantial biases in surface imprint associated with small biases in upper-level circulation,2022,Weather and Climate Dynamics,dynamics-weather-systems;climate-variability-change,numerical_modeling,development
https://doi.org/10.5194/wcd-3-977-2022,Quantifying stratospheric biases and identifying their potential sources in subseasonal forecast systems,2022,Weather and Climate Dynamics,forecasting-predictability;atmospheric-chemistry;climate-variability-change,numerical_modeling,blind_test
https://doi.org/10.5194/wcd-4-133-2023,Warm conveyor belts in present-day and future climate simulations – Part 1: Climatology and impacts,2023,Weather and Climate Dynamics,climate-variability-change,numerical_modeling,train
https://doi.org/10.5194/wcd-4-19-2023,Warm conveyor belts in present-day and future climate simulations – Part 2: Role of potential vorticity production for cyclone intensification,2023,Weather and Climate Dynamics,dynamics-weather-systems;climate-variability-change,numerical_modeling,train
https://doi.org/10.5194/wcd-4-249-2023,Investigation of links between dynamical scenarios and particularly high impact of Aeolus on numerical weather prediction (NWP) forecasts,2023,Weather and Climate Dynamics,dynamics-weather-systems;forecasting-predictability;numerical-weather-prediction;climate-variability-change,numerical_modeling,development
https://doi.org/10.5194/wcd-4-399-2023,Towards a holistic understanding of blocked regime dynamics through a combination of complementary diagnostic perspectives,2023,Weather and Climate Dynamics,dynamics-weather-systems;climate-variability-change,numerical_modeling;review_synthesis,train
https://doi.org/10.5194/wcd-4-489-2023,Thunderstorm environments in Europe,2023,Weather and Climate Dynamics,dynamics-weather-systems,unspecified,train
https://doi.org/10.5194/wcd-4-61-2023,The role of Rossby waves in polar weather and climate,2023,Weather and Climate Dynamics,dynamics-weather-systems;climate-variability-change,numerical_modeling,blind_test
https://doi.org/10.5194/wcd-4-639-2023,A composite approach to produce reference datasets for extratropical cyclone tracks: application to Mediterranean cyclones,2023,Weather and Climate Dynamics,dynamics-weather-systems;climate-variability-change,numerical_modeling,development
https://doi.org/10.5194/wcd-4-943-2023,Cold wintertime air masses over Europe: where do they come from and how do they form?,2023,Weather and Climate Dynamics,atmospheric-chemistry;aerosols;climate-variability-change,numerical_modeling,blind_test
https://doi.org/10.5194/wcd-4-95-2023,Reconciling conflicting evidence for the cause of the observed early 21st century Eurasian cooling,2023,Weather and Climate Dynamics,dynamics-weather-systems;climate-variability-change,numerical_modeling,development
https://doi.org/10.5194/wcd-5-1457-2024,Dynamic and thermodynamic contribution to the October 2019 exceptional rainfall in western central Africa,2024,Weather and Climate Dynamics,cloud-precipitation-microphysics;observations-instruments;climate-variability-change;extremes;hydrometeorology,observation;numerical_modeling,train
https://doi.org/10.5194/wcd-5-1505-2024,The role of the Indian Ocean Dipole in modulating the austral spring ENSO teleconnection to the Southern Hemisphere,2024,Weather and Climate Dynamics,atmospheric-chemistry;observations-instruments;climate-variability-change,observation,train
https://doi.org/10.5194/wcd-5-263-2024,"Persistent warm and cold spells in the Northern Hemisphere extratropics: regionalisation, synoptic-scale dynamics and temperature budget",2024,Weather and Climate Dynamics,dynamics-weather-systems;climate-variability-change,numerical_modeling,train
https://doi.org/10.5194/wcd-5-323-2024,Understanding the vertical temperature structure of recent record-shattering heatwaves,2024,Weather and Climate Dynamics,dynamics-weather-systems;air-quality-exposure;climate-variability-change;extremes,numerical_modeling,train
https://doi.org/10.5194/wcd-5-439-2024,Analysing 23 years of warm-season derechos in France: a climatology and investigation of synoptic and environmental changes,2024,Weather and Climate Dynamics,climate-variability-change,numerical_modeling,train
https://doi.org/10.5194/wcd-5-537-2024,Warm conveyor belt characteristics and impacts along the life cycle of extratropical cyclones: case studies and climatological analysis based on ERA5,2024,Weather and Climate Dynamics,dynamics-weather-systems,numerical_modeling;reanalysis,train
https://doi.org/10.5194/wcd-5-763-2024,"Elevation-dependent warming: observations, models, and energetic mechanisms",2024,Weather and Climate Dynamics,observations-instruments;climate-variability-change,observation;numerical_modeling,train
https://doi.org/10.5194/wcd-5-87-2024,The relation between Rossby wave-breaking events and low-level weather systems,2024,Weather and Climate Dynamics,dynamics-weather-systems;remote-sensing-retrieval;climate-variability-change,remote_sensing;numerical_modeling,blind_test
https://doi.org/10.5194/wcd-5-943-2024,Could an extremely cold central European winter such as 1963 happen again despite climate change?,2024,Weather and Climate Dynamics,climate-variability-change;extremes;hydrometeorology,numerical_modeling,development
https://doi.org/10.5194/wcd-5-959-2024,ClimaMeter: contextualizing extreme weather in a changing climate,2024,Weather and Climate Dynamics,observations-instruments;climate-variability-change;extremes,observation;numerical_modeling,blind_test
https://doi.org/10.5194/wcd-6-43-2025,Western disturbances and climate variability: a review of recent developments,2025,Weather and Climate Dynamics,observations-instruments;climate-variability-change;land-atmosphere,observation;numerical_modeling;review_synthesis,blind_test
https://doi.org/10.7916/d8-esg7-ha31,Evolving Understanding of Antarctic Ice‐Sheet Physics and Ambiguity in Probabilistic Sea‐Level Projections,2017,Earth's Future,dynamics-weather-systems;observations-instruments;climate-variability-change,observation;numerical_modeling,train
